chunk;assetRecord;slot;idHex;textEN;oldTextFR;newTextFR;status;reason
0;62;30;a297b209d038ed06;"""JACK"" HUSK";"CARCASSE DE "" JACK """;"CARCASSE DE ""JACK""";QUOTE_TITLE_QA_V0.8.58.4.9;ASCII_QUOTE_INNER_SPACE
0;168;58;b43b745a4af2a71f;"Definitely not ""ground zero."" There are actual spatial coordinates.";"Certainement pas "" l'épicentre "". Il existe de vraies coordonnées spatiales.";"Certainement pas ""l'épicentre"". Il existe de vraies coordonnées spatiales.";QUOTE_TITLE_QA_V0.8.58.4.9;ASCII_QUOTE_INNER_SPACE
5;159;50;bd26addd31746703;Atlas protocol dictates we must perform a threat assessment of the hostile 'Torpedo' devices.;"Le protocole Atlas exige une évaluation de la menace que représentent les dispositifs hostiles "" Torpille "".";"Le protocole Atlas exige une évaluation de la menace que représentent les dispositifs hostiles ""Torpille"".";QUOTE_TITLE_QA_V0.8.58.4.9;ASCII_QUOTE_INNER_SPACE
5;159;141;037b5ed24c089c32;Enter a Fabricator and use the 'Reprint' button (on your wrist) to install the improvement to your Cutter;"Entrer dans un fabricateur et utiliser "" Réimprimer "" au poignet pour installer l'amélioration du découpeur";"Entrer dans un fabricateur et utiliser ""Réimprimer"" au poignet pour installer l'amélioration du découpeur";QUOTE_TITLE_QA_V0.8.58.4.9;ASCII_QUOTE_INNER_SPACE
5;159;157;ec24ac8e61773752;Deliver the 'Cure Bomb';"Livrer la "" bombe-curative """;"Livrer la ""bombe-curative""";QUOTE_TITLE_QA_V0.8.58.4.9;ASCII_QUOTE_INNER_SPACE
5;159;267;0547a1645ed58264;Four 'Stasis Projector' devices must be activated around the Tram.;"Quatre "" projecteurs de stase "" doivent être activés autour du tram.";"Quatre ""projecteurs de stase"" doivent être activés autour du tram.";QUOTE_TITLE_QA_V0.8.58.4.9;ASCII_QUOTE_INNER_SPACE
16;44;12;e58994525eedccc7;There... 'low power' mode will take effect as soon as you enter your construct.;"Voilà... le mode "" basse consommation "" s'activera dès que vous intégrerez votre châssis.";"Voilà... le mode ""basse consommation"" s'activera dès que vous intégrerez votre châssis.";QUOTE_TITLE_QA_V0.8.58.4.9;ASCII_QUOTE_INNER_SPACE
16;44;20;e58a94525eedccc7;To compencate, we'll need to enter a 'low power' mode. This will severely limit my capabilities, but I should still be able to monitor our immediate surroundings, should danger arise.;"Pour compenser, nous allons devoir passer en mode "" basse consommation "". Mes capacités seront fortement limitées, mais je devrais toujours pouvoir surveiller les environs immédiats en cas de danger.";"Pour compenser, nous allons devoir passer en mode ""basse consommation"". Mes capacités seront fortement limitées, mais je devrais toujours pouvoir surveiller les environs immédiats en cas de danger.";QUOTE_TITLE_QA_V0.8.58.4.9;ASCII_QUOTE_INNER_SPACE
16;44;44;e58f94525eedccc7;What qualifies as... 'nonessential?';"Qu'est-ce qui est considéré comme... "" non essentiel "" ?";"Qu'est-ce qui est considéré comme... ""non essentiel"" ?";QUOTE_TITLE_QA_V0.8.58.4.9;ASCII_QUOTE_INNER_SPACE
16;44;46;e78f94525eedccc7;There... 'low power' mode will take effect as soon as you shut down.;"Voilà... le mode "" basse consommation "" s'activera dès votre prochain arrêt.";"Voilà... le mode ""basse consommation"" s'activera dès votre prochain arrêt.";QUOTE_TITLE_QA_V0.8.58.4.9;ASCII_QUOTE_INNER_SPACE
16;169;27;0d5013384fa5eeb2;"""Uh-oh""? What ""uh-oh?"" What did I do?";""" Oh-oh "" ? Comment ça, "" oh-oh "" ? Qu'est-ce que j'ai fait ?";"""Oh-oh"" ? Comment ça, ""oh-oh"" ? Qu'est-ce que j'ai fait ?";QUOTE_TITLE_QA_V0.8.58.4.9;ASCII_QUOTE_INNER_SPACE
16;169;76;0d5a18384fa5eeb2;"What am I supposed to say ""Computer"" or something?";"Je suis censée dire quoi ? "" Ordinateur "" ou quelque chose comme ça ?";"Je suis censée dire quoi ? ""Ordinateur"" ou quelque chose comme ça ?";QUOTE_TITLE_QA_V0.8.58.4.9;ASCII_QUOTE_INNER_SPACE
16;169;81;0d5319384fa5eeb2;"So... what? I'm supposed to say ""Computer"" or something?";"Alors... quoi ? Je suis censée dire "" Ordinateur "" ou quelque chose comme ça ?";"Alors... quoi ? Je suis censée dire ""Ordinateur"" ou quelque chose comme ça ?";QUOTE_TITLE_QA_V0.8.58.4.9;ASCII_QUOTE_INNER_SPACE
16;169;100;0d54113a4fa5eeb2;"""Work associates"" might be a more accurate term.";""" Collègues "" serait probablement plus exact.";"""Collègues"" serait probablement plus exact.";QUOTE_TITLE_QA_V0.8.58.4.9;ASCII_QUOTE_INNER_SPACE
16;169;129;0d54153a4fa5eeb2;On the count of 'three'?;"Au compte de "" trois "" ?";"Au compte de ""trois"" ?";QUOTE_TITLE_QA_V0.8.58.4.9;ASCII_QUOTE_INNER_SPACE
16;169;130;0d56153a4fa5eeb2;Look for a slider labeled reboot.;"Cherche un curseur marqué "" redémarrage "".";"Cherche un curseur marqué ""redémarrage"".";QUOTE_TITLE_QA_V0.8.58.4.9;ASCII_QUOTE_INNER_SPACE
16;169;181;0d57123b4fa5eeb2;"""Uh-Oh?"" What do you mean ""uh-oh?""";""" Oh-oh ""? Comment ça, "" oh-oh ""?";"""Oh-oh""? Comment ça, ""oh-oh""?";QUOTE_TITLE_QA_V0.8.58.4.9;ASCII_QUOTE_INNER_SPACE
16;169;345;4e9171141e7e5ae4;A display of Habitat A is shown and Liv notices a location marked rail terminal. Liv remarks that might be our ticket out of here Jack.;"Un affichage de l'Habitat A apparaît et Liv remarque un emplacement marqué "" terminal ferroviaire "". Elle dit que ça pourrait être leur billet de sortie, Jack.";"Un affichage de l'Habitat A apparaît et Liv remarque un emplacement marqué ""terminal ferroviaire"". Elle dit que ça pourrait être leur billet de sortie, Jack.";QUOTE_TITLE_QA_V0.8.58.4.9;ASCII_QUOTE_INNER_SPACE
16;170;37;6b1805bcad2ca187;It would appear the 'Recon-Sat' cannot proceed until we clear the path of Ticks.;"On dirait que le "" satellite de reconnaissance "" ne peut pas continuer tant que nous n'avons pas dégagé le passage des Ticks.";"On dirait que le ""satellite de reconnaissance"" ne peut pas continuer tant que nous n'avons pas dégagé le passage des Ticks.";QUOTE_TITLE_QA_V0.8.58.4.9;ASCII_QUOTE_INNER_SPACE
16;173;19;7fcbd8a2a3dd10a3;"Nothing. It's just... couple of years ago I'd have gotten an earful about my ""reckless disregard for protocol"" or some such.";"Rien. C'est juste que... il y a quelques années, je me serais fait passer un savon pour mon "" mépris irresponsable du protocole "" ou quelque chose du genre.";"Rien. C'est juste que... il y a quelques années, je me serais fait passer un savon pour mon ""mépris irresponsable du protocole"" ou quelque chose du genre.";QUOTE_TITLE_QA_V0.8.58.4.9;ASCII_QUOTE_INNER_SPACE
21;149;4;d43332ec250ff0e4;Spooky Access Code;"Code d'accès "" Spooky """;"Code d'accès ""Spooky""";QUOTE_TITLE_QA_V0.8.58.4.9;ASCII_QUOTE_INNER_SPACE
21;150;0;b1fb9626a8838898;"All things considered, Juno, that hardly qualifies as ""terrible.""";"Tout bien considéré, Juno, ça mérite difficilement le qualificatif de "" terrible "".";"Tout bien considéré, Juno, ça mérite difficilement le qualificatif de ""terrible"".";QUOTE_TITLE_QA_V0.8.58.4.9;ASCII_QUOTE_INNER_SPACE
21;150;3;e4f09121a78d8a98;"All things considered, Juno, I'm not sure that really qualifies as ""terrible.""";"Tout bien considéré, Juno, je ne suis pas sûr que ça mérite vraiment le qualificatif de "" terrible "".";"Tout bien considéré, Juno, je ne suis pas sûr que ça mérite vraiment le qualificatif de ""terrible"".";QUOTE_TITLE_QA_V0.8.58.4.9;ASCII_QUOTE_INNER_SPACE
21;152;11;ff1a6513c637e6a8;It's a... 'toy' monolith.;"C'est un... monolithe "" jouet "".";"C'est un... monolithe ""jouet"".";QUOTE_TITLE_QA_V0.8.58.4.9;ASCII_QUOTE_INNER_SPACE
21;152;13;a84832409434e8a8;The doctor has kept this 'particular' Nautilus in his possession for quite some time... I've offered to replace it on numerous occasions, but he always refuses.;"Le docteur garde ce Nautilus "" particulier "" depuis très longtemps... Je lui ai proposé de le remplacer à de nombreuses reprises, mais il refuse toujours.";"Le docteur garde ce Nautilus ""particulier"" depuis très longtemps... Je lui ai proposé de le remplacer à de nombreuses reprises, mais il refuse toujours.";QUOTE_TITLE_QA_V0.8.58.4.9;ASCII_QUOTE_INNER_SPACE
21;152;52;ff493010c164eea9;I think Harlan's married... or, 'was' married.;"Je crois que Harlan est marié... ou plutôt qu'il "" l'était "".";"Je crois que Harlan est marié... ou plutôt qu'il ""l'était"".";QUOTE_TITLE_QA_V0.8.58.4.9;ASCII_QUOTE_INNER_SPACE
21;152;67;ac4737449734eaab;To sequence his cure, Harlan needs a sample of Bio-Mass in its most basic 'proto' form.;"Pour mettre au point son remède, Harlan a besoin d'un échantillon de biomasse sous sa forme "" proto "" la plus élémentaire.";"Pour mettre au point son remède, Harlan a besoin d'un échantillon de biomasse sous sa forme ""proto"" la plus élémentaire.";QUOTE_TITLE_QA_V0.8.58.4.9;ASCII_QUOTE_INNER_SPACE
21;152;86;fd4e6642c135bcac;The only known source of 'proto' Bio-Mass is undetonated torpedoes.;"La seule source connue de biomasse "" proto "" est constituée par les torpilles non explosées.";"La seule source connue de biomasse ""proto"" est constituée par les torpilles non explosées.";QUOTE_TITLE_QA_V0.8.58.4.9;ASCII_QUOTE_INNER_SPACE
21;152;91;af1d65459d34beac;Harlan... looks 'happy.' Almost unrecognizable.;"Harlan... a l'air "" heureux "". Il est presque méconnaissable.";"Harlan... a l'air ""heureux"". Il est presque méconnaissable.";QUOTE_TITLE_QA_V0.8.58.4.9;ASCII_QUOTE_INNER_SPACE
21;152;126;fd4766449064eeae;The only known source of 'proto' Bio-Mass is undetonated torpedoes.;"La seule source connue de biomasse "" proto "" est constituée par les torpilles non explosées.";"La seule source connue de biomasse ""proto"" est constituée par les torpilles non explosées.";QUOTE_TITLE_QA_V0.8.58.4.9;ASCII_QUOTE_INNER_SPACE
21;152;149;ad1a3045936fefaf;The doctor has kept this 'particular' Nautilus with him for a very long time... I've offered to replace it on numerous occasions, but he always says--;"Le docteur garde ce Nautilus "" particulier "" avec lui depuis très longtemps... Je lui ai proposé de le remplacer à de nombreuses reprises, mais il répond toujours...";"Le docteur garde ce Nautilus ""particulier"" avec lui depuis très longtemps... Je lui ai proposé de le remplacer à de nombreuses reprises, mais il répond toujours...";QUOTE_TITLE_QA_V0.8.58.4.9;ASCII_QUOTE_INNER_SPACE
21;152;157;ab1d6745c637bdf2;Juno, this 'Multi Pass' appears to be a form of physical identification.;"Juno, ce "" Multi Pass "" semble servir de moyen d'identification physique";"Juno, ce ""Multi Pass"" semble servir de moyen d'identification physique";QUOTE_TITLE_QA_V0.8.58.4.9;ASCII_QUOTE_INNER_SPACE
21;152;162;f91a614a9563e6f2;From '20,000 Leagues Under the Sea.' You are correct...;"De "" Vingt mille lieues sous les mers "". Vous avez raison...";"De ""Vingt mille lieues sous les mers"". Vous avez raison...";QUOTE_TITLE_QA_V0.8.58.4.9;ASCII_QUOTE_INNER_SPACE
21;152;189;ac463243c133ebf3;This 'retro future' style is a popular choice.;"Ce style "" rétro-futuriste "" est très populaire.";"Ce style ""rétro-futuriste"" est très populaire.";QUOTE_TITLE_QA_V0.8.58.4.9;ASCII_QUOTE_INNER_SPACE
21;152;201;aa4f6011c76feef3;I'd rather not spoil the book for you, Jack. '2001: A Space Odyssey' is a quite intriguing story.;"Je préfère ne pas vous gâcher le livre, Jack. "" 2001 : L'Odyssée de l'espace "" est une histoire fascinante.";"Je préfère ne pas vous gâcher le livre, Jack. ""2001 : L'Odyssée de l'espace"" est une histoire fascinante.";QUOTE_TITLE_QA_V0.8.58.4.9;ASCII_QUOTE_INNER_SPACE
21;152;206;a54f63179232baf8;The only known source of 'proto' Bio-Mass is undetonated torpedoes.;"La seule source connue de biomasse "" proto "" est constituée par les torpilles non explosées.";"La seule source connue de biomasse ""proto"" est constituée par les torpilles non explosées.";QUOTE_TITLE_QA_V0.8.58.4.9;ASCII_QUOTE_INNER_SPACE
21;152;212;a4493446c264bdf8;I think Harlan's married... or, 'was' married.;"Je crois que Harlan est marié... ou plutôt qu'il "" l'était "".";"Je crois que Harlan est marié... ou plutôt qu'il ""l'était"".";QUOTE_TITLE_QA_V0.8.58.4.9;ASCII_QUOTE_INNER_SPACE
21;152;214;aa1933419d62bef8;From '20,000 Leagues Under the Sea.' You are correct...;"De "" Vingt mille lieues sous les mers "". Vous avez raison...";"De ""Vingt mille lieues sous les mers"". Vous avez raison...";QUOTE_TITLE_QA_V0.8.58.4.9;ASCII_QUOTE_INNER_SPACE
21;152;215;ab4a3443c161e6f8;'Novelty?';""" Gadget "" ?";"""Gadget"" ?";QUOTE_TITLE_QA_V0.8.58.4.9;ASCII_QUOTE_INNER_SPACE
21;152;220;a94c374b9165eaf8;A 'model' monolith... from one of the doctor's favorite novels.;"Une "" maquette "" de monolithe... tirée de l'un des romans préférés du docteur.";"Une ""maquette"" de monolithe... tirée de l'un des romans préférés du docteur.";QUOTE_TITLE_QA_V0.8.58.4.9;ASCII_QUOTE_INNER_SPACE
21;152;225;ac4b6311c266eef8;"Well, we know it's not actually a single organism. Once it's released into an environment, the Bio Mass immediately begins evolving; diversifying into a variety of organisms. The various ""forms"" go beyond mere polymorphism... they're closer to distinct species, all stemming from the same base element.";"Nous savons qu'il ne s'agit pas réellement d'un organisme unique. Une fois libérée dans un environnement, la biomasse commence immédiatement à évoluer et se diversifie en de nombreux organismes. Ses différentes "" formes "" vont bien au-delà du simple polymorphisme... elles ressemblent davantage à des espèces distinctes issues d'un même élément de base.";"Nous savons qu'il ne s'agit pas réellement d'un organisme unique. Une fois libérée dans un environnement, la biomasse commence immédiatement à évoluer et se diversifie en de nombreux organismes. Ses différentes ""formes"" vont bien au-delà du simple polymorphisme... elles ressemblent davantage à des espèces distinctes issues d'un même élément de base.";QUOTE_TITLE_QA_V0.8.58.4.9;ASCII_QUOTE_INNER_SPACE
21;152;258;fd4f32109734b9fa;To sequence his cure, Harlan needs a sample of Bio-Mass in its most basic 'proto' form.;"Pour mettre au point son remède, Harlan a besoin d'un échantillon de biomasse sous sa forme "" proto "" la plus élémentaire.";"Pour mettre au point son remède, Harlan a besoin d'un échantillon de biomasse sous sa forme ""proto"" la plus élémentaire.";QUOTE_TITLE_QA_V0.8.58.4.9;ASCII_QUOTE_INNER_SPACE
21;152;274;a8486646c763e8fa;It's from '2001: A Space Odyssey.';"Ça vient de "" 2001 : L'Odyssée de l'espace "".";"Ça vient de ""2001 : L'Odyssée de l'espace"".";QUOTE_TITLE_QA_V0.8.58.4.9;ASCII_QUOTE_INNER_SPACE
21;152;281;ad486711c262eefa;Harlan... looks 'happy.' Almost unrecognizable.;"Harlan... a l'air "" heureux "". Il est presque méconnaissable.";"Harlan... a l'air ""heureux"". Il est presque méconnaissable.";QUOTE_TITLE_QA_V0.8.58.4.9;ASCII_QUOTE_INNER_SPACE
21;152;304;af1a65119535effb;*clears 'throat'*;"*se racle la "" gorge ""*";"*se racle la ""gorge""*";QUOTE_TITLE_QA_V0.8.58.4.9;ASCII_QUOTE_INNER_SPACE
21;152;312;ac1b3311926ebafc;'Borrowed?';""" Emprunté "" ?";"""Emprunté"" ?";QUOTE_TITLE_QA_V0.8.58.4.9;ASCII_QUOTE_INNER_SPACE
21;152;323;ad466f40c237e9fc;To sequence his cure, Harlan needs a sample of Bio-Mass in its most basic 'proto' form.;"Pour mettre au point son remède, Harlan a besoin d'un échantillon de biomasse sous sa forme "" proto "" la plus élémentaire.";"Pour mettre au point son remède, Harlan a besoin d'un échantillon de biomasse sous sa forme ""proto"" la plus élémentaire.";QUOTE_TITLE_QA_V0.8.58.4.9;ASCII_QUOTE_INNER_SPACE
21;152;331;f81b63149532edfc;And, the answer to your question is a bit complicated... though you are familiar enough with humans to appreciate how 'quirky' they sometime can be.;"Et la réponse à votre question est un peu compliquée... même si vous connaissez suffisamment les humains pour savoir à quel point ils peuvent parfois être "" particuliers "".";"Et la réponse à votre question est un peu compliquée... même si vous connaissez suffisamment les humains pour savoir à quel point ils peuvent parfois être ""particuliers"".";QUOTE_TITLE_QA_V0.8.58.4.9;ASCII_QUOTE_INNER_SPACE
21;152;342;aa4e6011c534e6fd;It is, in fact, the Nautilus. If you're not familiar... it's Captain Nemo's submarine from the novel '20,000 Leagues Under the Sea.';"C'est bien le Nautilus. Si vous ne connaissez pas... c'est le sous-marin du capitaine Nemo dans le roman "" Vingt mille lieues sous les mers "".";"C'est bien le Nautilus. Si vous ne connaissez pas... c'est le sous-marin du capitaine Nemo dans le roman ""Vingt mille lieues sous les mers"".";QUOTE_TITLE_QA_V0.8.58.4.9;ASCII_QUOTE_INNER_SPACE
21;152;387;f94c61149130e7ff;The common pronunciation is Mul-TEE Pass...;"La prononciation courante est "" Mul-TI Pass ""...";"La prononciation courante est ""Mul-TI Pass""...";QUOTE_TITLE_QA_V0.8.58.4.9;ASCII_QUOTE_INNER_SPACE
21;152;398;a44b6e119567ecff;'Borrowed?';""" Emprunté "" ?";"""Emprunté"" ?";QUOTE_TITLE_QA_V0.8.58.4.9;ASCII_QUOTE_INNER_SPACE
26;92;345;f6cf769c7ada73b0;A memorial. ['To all those who have fallen. Through you, we grow stronger.'];"Un mémorial. ["" À tous ceux qui sont tombés. Grâce à vous, nous devenons plus forts. ""]";"Un mémorial. [""À tous ceux qui sont tombés. Grâce à vous, nous devenons plus forts.""]";QUOTE_TITLE_QA_V0.8.58.4.9;ASCII_QUOTE_INNER_SPACE
26;92;362;fecc779c7ada73b0;"""Chiron Station. Dedicated, 10th of March, 2522...""";""" Station Chiron. Inaugurée le 10 mars 2522... """;"""Station Chiron. Inaugurée le 10 mars 2522...""";QUOTE_TITLE_QA_V0.8.58.4.9;ASCII_QUOTE_INNER_SPACE
26;92;363;ffcc779c7ada73b0;"""Lux Hominum Vita.""";""" Lux Hominum Vita. """;"""Lux Hominum Vita.""";QUOTE_TITLE_QA_V0.8.58.4.9;ASCII_QUOTE_INNER_SPACE
26;92;372;facf779c7ada73b0;'The Polaris Initiative.';""" L'Initiative Polaris. """;"""L'Initiative Polaris.""";QUOTE_TITLE_QA_V0.8.58.4.9;ASCII_QUOTE_INNER_SPACE
38;30;16;84943080368dcf1e;"""Salvage equipment""...?";""" Équipement de récupération ""... ?";"""Équipement de récupération""... ?";QUOTE_TITLE_QA_V0.8.58.4.9;ASCII_QUOTE_INNER_SPACE
38;30;48;86993080368dcf1e;"Well, it sounds like you have more experience with this ""Apollo"" than I do, so...";"Bon, on dirait que vous avez plus d'expérience avec cet "" Apollo "" que moi, alors...";"Bon, on dirait que vous avez plus d'expérience avec cet ""Apollo"" que moi, alors...";QUOTE_TITLE_QA_V0.8.58.4.9;ASCII_QUOTE_INNER_SPACE
38;30;63;819b3080368dcf1e;"Well, if this ""Apollo"" you know is still intact, then maybe we have a chance.";"Bon, si cet "" Apollo "" que vous connaissez est encore intact, alors nous avons peut-être une chance.";"Bon, si cet ""Apollo"" que vous connaissez est encore intact, alors nous avons peut-être une chance.";QUOTE_TITLE_QA_V0.8.58.4.9;ASCII_QUOTE_INNER_SPACE
38;30;78;839d3080368dcf1e;"Or by this... hypothetical ""automated defense system,"" as Ms. Rhodes put it.";"Ou par ce... "" système de défense automatisé "" hypothétique, comme l'a dit Mme Rhodes.";"Ou par ce... ""système de défense automatisé"" hypothétique, comme l'a dit Mme Rhodes.";QUOTE_TITLE_QA_V0.8.58.4.9;ASCII_QUOTE_INNER_SPACE
38;30;131;87993180368dcf1e;"I can only assume it's this ""Apollo.""";"Je ne peux que supposer que cet "" Apollo "" en est responsable.";"Je ne peux que supposer que cet ""Apollo"" en est responsable.";QUOTE_TITLE_QA_V0.8.58.4.9;ASCII_QUOTE_INNER_SPACE
38;72;251;9c5cb40fdbd3fb6b;Did you say air? Juno I think your upgrade did some damage;"Tu as dit "" de l'air "" ? Juno, je crois que ton amélioration a causé quelques dégâts.";"Tu as dit ""de l'air"" ? Juno, je crois que ton amélioration a causé quelques dégâts.";QUOTE_TITLE_QA_V0.8.58.4.9;ASCII_QUOTE_INNER_SPACE
38;72;323;9f0ae75d8dd1fc6e;Did you say air? Juno I think your upgrade did some damage;"Tu as dit "" de l'air "" ? Juno, je crois que ton amélioration a causé quelques dégâts.";"Tu as dit ""de l'air"" ? Juno, je crois que ton amélioration a causé quelques dégâts.";QUOTE_TITLE_QA_V0.8.58.4.9;ASCII_QUOTE_INNER_SPACE
38;142;30;ca85ecfdc9fa8af4;"Also, the sign above the door says ""Exit to Tram.""";"Et puis, le panneau au-dessus de la porte indique "" Sortie vers le tram "".";"Et puis, le panneau au-dessus de la porte indique ""Sortie vers le tram"".";QUOTE_TITLE_QA_V0.8.58.4.9;ASCII_QUOTE_INNER_SPACE
38;142;31;cb85ecfdc9fa8af4;"That could also be a clue. Personally, I'm sticking with my ""because its locked"" theory. Speaking of, what say we look for a way to get this door open.";"Ça pourrait aussi être un indice. Personnellement, je reste sur ma théorie du "" parce que c'est verrouillé "". D'ailleurs, si on cherchait un moyen d'ouvrir cette porte ?";"Ça pourrait aussi être un indice. Personnellement, je reste sur ma théorie du ""parce que c'est verrouillé"". D'ailleurs, si on cherchait un moyen d'ouvrir cette porte ?";QUOTE_TITLE_QA_V0.8.58.4.9;ASCII_QUOTE_INNER_SPACE
38;142;65;c981effdc9fa8af4;"Door ahead says ""To Tram."" That's where we're headed.";"La porte devant nous indique "" Vers le tram "". C'est là qu'on va.";"La porte devant nous indique ""Vers le tram"". C'est là qu'on va.";QUOTE_TITLE_QA_V0.8.58.4.9;ASCII_QUOTE_INNER_SPACE
38;142;73;cc84effdc9fa8af4;"The far door is labeled, ""To Tram"", isn't that where Juno mentioned we should go?";"La porte au fond indique "" Vers le tram "". Ce n'est pas là que Juno nous a dit d'aller ?";"La porte au fond indique ""Vers le tram"". Ce n'est pas là que Juno nous a dit d'aller ?";QUOTE_TITLE_QA_V0.8.58.4.9;ASCII_QUOTE_INNER_SPACE
38;204;156;eaf3b8b2afa42a0c;"Now then, when I say so, press the button marked ""Execute.""";"Bien. Quand je vous le dirai, appuyez sur le bouton "" Exécuter "".";"Bien. Quand je vous le dirai, appuyez sur le bouton ""Exécuter"".";QUOTE_TITLE_QA_V0.8.58.4.9;ASCII_QUOTE_INNER_SPACE
38;204;284;ebffb9b2afa42a0c;"When I say, press the button marked, ""Execute.""";"Quand je vous le dirai, appuyez sur le bouton "" Exécuter "".";"Quand je vous le dirai, appuyez sur le bouton ""Exécuter"".";QUOTE_TITLE_QA_V0.8.58.4.9;ASCII_QUOTE_INNER_SPACE
45;35;173;4f2179efa3ac93cd;"The only crewmembers authorized with bridge access are Captain Olivia Rhodes and Echo-1, designation... ""Jack.""";"Les seuls membres d'équipage autorisés à accéder à la passerelle sont la Capitaine Olivia Rhodes et Echo-1, désignation... "" Jack "".";"Les seuls membres d'équipage autorisés à accéder à la passerelle sont la capitaine Olivia Rhodes et Echo-1, désignation... ""Jack"".";QUOTE_TITLE_QA_V0.8.58.4.9;ASCII_QUOTE_INNER_SPACE+RUNNING_TEXT_TITLE_LOWERCASE
45;35;273;4e237aefa3ac93cd;"Part of my...""team,"" as you put it.";"Vous faites partie de mon... "" équipe "", comme vous dites.";"Vous faites partie de mon... ""équipe"", comme vous dites.";QUOTE_TITLE_QA_V0.8.58.4.9;ASCII_QUOTE_INNER_SPACE
45;35;726;43267fefa3ac93cd;"Apollo, search your memory for the word ""Jack"" or ""Echo-1.""";"Apollo, recherchez dans votre mémoire le mot "" Jack "" ou "" Echo-1 "".";"Apollo, recherchez dans votre mémoire le mot ""Jack"" ou ""Echo-1"".";QUOTE_TITLE_QA_V0.8.58.4.9;ASCII_QUOTE_INNER_SPACE
45;35;729;46267fefa3ac93cd;"The only crewmembers authorized with bridge access are Captain Olivia Rhodes and her co-captain, Echo-1, designation... ""Jack.""";"Les seuls membres d'équipage autorisés à accéder à la passerelle sont la Capitaine Olivia Rhodes et son co-capitaine, Echo-1, désignation... "" Jack "".";"Les seuls membres d'équipage autorisés à accéder à la passerelle sont la capitaine Olivia Rhodes et son co-capitaine, Echo-1, désignation... ""Jack"".";QUOTE_TITLE_QA_V0.8.58.4.9;ASCII_QUOTE_INNER_SPACE+RUNNING_TEXT_TITLE_LOWERCASE
45;35;758;4e2f7fefa3ac93cd;"Designation: ""Jack.""";"Désignation : "" Jack "".";"Désignation : ""Jack"".";QUOTE_TITLE_QA_V0.8.58.4.9;ASCII_QUOTE_INNER_SPACE
45;35;826;ffe2a5aac82e30dc;"Apollo. The terms ""Jack"" or ""Echo-1"" will be in your deep memory. Query now, please. Do you read?";"Apollo. Les termes "" Jack "" ou "" Echo-1 "" figurent dans votre mémoire profonde. Lancez la recherche maintenant, s'il vous plaît. Vous me recevez ?";"Apollo. Les termes ""Jack"" ou ""Echo-1"" figurent dans votre mémoire profonde. Lancez la recherche maintenant, s'il vous plaît. Vous me recevez ?";QUOTE_TITLE_QA_V0.8.58.4.9;ASCII_QUOTE_INNER_SPACE
45;35;854;ffe6a1fe9c2c6bdd;The only crewmembers authorized with bridge access are Captain Olivia Rhodes and Echo-1, designation...;Les seuls membres d'équipage autorisés à accéder à la passerelle sont la Capitaine Olivia Rhodes et Echo-1, désignation...;Les seuls membres d'équipage autorisés à accéder à la passerelle sont la capitaine Olivia Rhodes et Echo-1, désignation...;QUOTE_TITLE_QA_V0.8.58.4.9;RUNNING_TEXT_TITLE_LOWERCASE
45;48;81;b9826ea45fd907ea;This scan data includes some detailed information on the so-called Faraday Field technology.;"Ces données de scan contiennent des informations détaillées sur la technologie dite de "" champ Faraday "".";"Ces données de scan contiennent des informations détaillées sur la technologie dite de ""champ Faraday"".";QUOTE_TITLE_QA_V0.8.58.4.9;ASCII_QUOTE_INNER_SPACE
45;48;326;76c3d23e5a944a36;"""Continued spread""? Are you serious?";""" Propagation continue "" ? Vous êtes sérieuse ?";"""Propagation continue"" ? Vous êtes sérieuse ?";QUOTE_TITLE_QA_V0.8.58.4.9;ASCII_QUOTE_INNER_SPACE
45;48;342;76c6d56a0ac94860;But without the proto-Bio Mass, it would have been as much of a dead-end as containment...;"Mais sans la biomasse "" proto "", cela aurait été une impasse tout autant que le confinement...";"Mais sans la biomasse ""proto"", cela aurait été une impasse tout autant que le confinement...";QUOTE_TITLE_QA_V0.8.58.4.9;ASCII_QUOTE_INNER_SPACE
45;48;427;26c3d33c0ec54967;"I believe so, yes. Try ""7138.""";"Je pense que oui. Essayez "" 7138 "".";"Je pense que oui. Essayez ""7138"".";QUOTE_TITLE_QA_V0.8.58.4.9;ASCII_QUOTE_INNER_SPACE
45;48;446;74c4d33f0ec94c68;But without the proto-Bio Mass, it would have been as much of a dead-end as containment...;"Mais sans la biomasse "" proto "", cela aurait été une impasse tout autant que le confinement...";"Mais sans la biomasse ""proto"", cela aurait été une impasse tout autant que le confinement...";QUOTE_TITLE_QA_V0.8.58.4.9;ASCII_QUOTE_INNER_SPACE
45;88;424;57b923ef436743da;"(WRITING NOTE: Only one of the following ""prompt"" exchanges will ever play.)";"(NOTE D'ÉCRITURE : un seul des échanges "" prompt "" suivants sera joué.)";"(NOTE D'ÉCRITURE : un seul des échanges ""prompt"" suivants sera joué.)";QUOTE_TITLE_QA_V0.8.58.4.9;ASCII_QUOTE_INNER_SPACE
45;145;40;c0c4b650a58ccbdd;"...which can be ""blinded"" with this Faraday tech.";"... qui peut être "" aveuglé "" grâce à cette technologie Faraday.";"... qui peut être ""aveuglé"" grâce à cette technologie Faraday.";QUOTE_TITLE_QA_V0.8.58.4.9;ASCII_QUOTE_INNER_SPACE
45;145;41;c1c4b650a58ccbdd;"...which can be ""blinded"" with this crane tech, whatever it is.";"... qui peut être "" aveuglé "" grâce à cette technologie de grue, quelle qu'elle soit.";"... qui peut être ""aveuglé"" grâce à cette technologie de grue, quelle qu'elle soit.";QUOTE_TITLE_QA_V0.8.58.4.9;ASCII_QUOTE_INNER_SPACE
45;145;72;c2c7b650a58ccbdd;"The webs have sensors, which can be ""blinded"" with this Faraday tech.";"Les toiles possèdent des capteurs qui peuvent être "" aveuglés "" grâce à cette technologie Faraday.";"Les toiles possèdent des capteurs qui peuvent être ""aveuglés"" grâce à cette technologie Faraday.";QUOTE_TITLE_QA_V0.8.58.4.9;ASCII_QUOTE_INNER_SPACE
45;145;201;c2c0b850a58ccbdd;"You... ""told them""?";"Vous... "" leur avez dit "" ?";"Vous... ""leur avez dit"" ?";QUOTE_TITLE_QA_V0.8.58.4.9;ASCII_QUOTE_INNER_SPACE
45;145;231;c0c6b850a58ccbdd;"It... might not be as ""reasonable"" as you'd expect.";"Elle... n'est peut-être pas aussi "" raisonnable "" que vous l'espérez.";"Elle... n'est peut-être pas aussi ""raisonnable"" que vous l'espérez.";QUOTE_TITLE_QA_V0.8.58.4.9;ASCII_QUOTE_INNER_SPACE
45;145;400;cbc6bb50a58ccbdd;"""Probably""?";""" Probablement "" ?";"""Probablement"" ?";QUOTE_TITLE_QA_V0.8.58.4.9;ASCII_QUOTE_INNER_SPACE
45;145;438;c7c7bc50a58ccbdd;This scan data includes some detailed information on the so-called Faraday device.;"Ces données de scan contiennent des informations détaillées sur ce dispositif dit "" Faraday "".";"Ces données de scan contiennent des informations détaillées sur ce dispositif dit ""Faraday"".";QUOTE_TITLE_QA_V0.8.58.4.9;ASCII_QUOTE_INNER_SPACE
45;181;82;4ac7313700032c90;I know. 'Be careful.';"Je sais. "" Fais attention. """;"Je sais. ""Fais attention.""";QUOTE_TITLE_QA_V0.8.58.4.9;ASCII_QUOTE_INNER_SPACE
45;181;117;4dcd333700032c90;What do you mean 'that's that?';"Comment ça, "" c'est réglé "" ?";"Comment ça, ""c'est réglé"" ?";QUOTE_TITLE_QA_V0.8.58.4.9;ASCII_QUOTE_INNER_SPACE
45;198;17;657ae75c4f378044;I'm unsure. Most of these components are 'UNKNOWN' to me as well.;"Je ne sais pas. La plupart de ces composants me sont également "" INCONNUS "".";"Je ne sais pas. La plupart de ces composants me sont également ""INCONNUS"".";QUOTE_TITLE_QA_V0.8.58.4.9;ASCII_QUOTE_INNER_SPACE
45;198;20;617be75c4f378044;I think this equipment is significantly more... 'modern' than we are.;"Je pense que cet équipement est nettement plus... "" moderne "" que nous.";"Je pense que cet équipement est nettement plus... ""moderne"" que nous.";QUOTE_TITLE_QA_V0.8.58.4.9;ASCII_QUOTE_INNER_SPACE
45;198;26;657de75c4f378044;I think this equipment is significantly more 'modern' than we are.;"Je pense que cet équipement est nettement plus "" moderne "" que nous.";"Je pense que cet équipement est nettement plus ""moderne"" que nous.";QUOTE_TITLE_QA_V0.8.58.4.9;ASCII_QUOTE_INNER_SPACE
45;198;169;617bee5d4f378044;You don't suppose there's an 'ON' switch somewhere, do you..?;"Tu ne crois pas qu'il y aurait un interrupteur "" MARCHE "" quelque part... ?";"Tu ne crois pas qu'il y aurait un interrupteur ""MARCHE"" quelque part... ?";QUOTE_TITLE_QA_V0.8.58.4.9;ASCII_QUOTE_INNER_SPACE
45;198;181;607fee5d4f378044;Definitely haven't seen one of 'those' before.;"Je n'ai clairement jamais vu un de "" ces trucs "" auparavant.";"Je n'ai clairement jamais vu un de ""ces trucs"" auparavant.";QUOTE_TITLE_QA_V0.8.58.4.9;ASCII_QUOTE_INNER_SPACE
45;198;194;6c7cef5d4f378044;These components are 'UNKNOWN' to me as well. It is entirely likely the ship has been upgraded over the years with new technologies.;"Ces composants me sont également "" INCONNUS "". Il est tout à fait possible que le vaisseau ait été modernisé au fil des années avec de nouvelles technologies.";"Ces composants me sont également ""INCONNUS"". Il est tout à fait possible que le vaisseau ait été modernisé au fil des années avec de nouvelles technologies.";QUOTE_TITLE_QA_V0.8.58.4.9;ASCII_QUOTE_INNER_SPACE
45;198;195;617def5d4f378044;I think that's a perfectly apt description for whatever, 'this' is.;"Je pense que c'est une description parfaitement appropriée pour... quoi que "" ça "" soit.";"Je pense que c'est une description parfaitement appropriée pour... quoi que ""ça"" soit.";QUOTE_TITLE_QA_V0.8.58.4.9;ASCII_QUOTE_INNER_SPACE
51;111;28;3a60ca50feaf7024;"This is ""Popcorn.""";"Voici "" Popcorn "".";"Voici ""Popcorn"".";QUOTE_TITLE_QA_V0.8.58.4.9;ASCII_QUOTE_INNER_SPACE
51;111;82;3266ca50feaf7024;"A ""friend?""";"Un "" ami ""?";"Un ""ami""?";QUOTE_TITLE_QA_V0.8.58.4.9;ASCII_QUOTE_INNER_SPACE
51;111;109;3b6dca50feaf7024;"It's either that or ""P-0-9, dash C-R-N."" Who wants to say that every time?";"C'est ça ou "" P-0-9, tiret C-R-N "". Qui a envie de dire ça à chaque fois ?";"C'est ça ou ""P-0-9, tiret C-R-N"". Qui a envie de dire ça à chaque fois ?";QUOTE_TITLE_QA_V0.8.58.4.9;ASCII_QUOTE_INNER_SPACE
51;111;137;3265cb50feaf7024;Attempting?;"Tu "" essaies "" ?";"Tu ""essaies"" ?";QUOTE_TITLE_QA_V0.8.58.4.9;ASCII_QUOTE_INNER_SPACE
51;111;187;3f6ccc50feaf7024;Attempting? That does not sound like you.;""" Essayer "" ? Ça ne vous ressemble pas.";"""Essayer"" ? Ça ne vous ressemble pas.";QUOTE_TITLE_QA_V0.8.58.4.9;ASCII_QUOTE_INNER_SPACE
51;111;208;3a61cd50feaf7024;No matter what, please don't engage the button labeled outer bay door.;"Quoi qu'il arrive, surtout n'appuyez pas sur le bouton marqué "" porte extérieure de la baie "".";"Quoi qu'il arrive, surtout n'appuyez pas sur le bouton marqué ""porte extérieure de la baie"".";QUOTE_TITLE_QA_V0.8.58.4.9;ASCII_QUOTE_INNER_SPACE
51;111;216;3a62cd50feaf7024;Damn. Apparently your 'high-five' memory archive is damaged.;"Mince. Apparemment, tes archives mémorielles de "" high-five "" sont endommagées.";"Mince. Apparemment, tes archives mémorielles de ""high-five"" sont endommagées.";QUOTE_TITLE_QA_V0.8.58.4.9;ASCII_QUOTE_INNER_SPACE
51;111;222;3363cd50feaf7024;Can one, actually hang in zero-g.;"Peut-on vraiment laisser quelqu'un "" en plan "" en apesanteur ?";"Peut-on vraiment laisser quelqu'un ""en plan"" en apesanteur ?";QUOTE_TITLE_QA_V0.8.58.4.9;ASCII_QUOTE_INNER_SPACE
51;111;292;3a65ce50feaf7024;"Exactly. I've been here, in this habitat, for three months. We've been ""quarantined.""";"Exactement. Ça fait trois mois que je suis ici, dans cet Habitat. Nous sommes "" en quarantaine "".";"Exactement. Ça fait trois mois que je suis ici, dans cet Habitat. Nous sommes ""en quarantaine"".";QUOTE_TITLE_QA_V0.8.58.4.9;ASCII_QUOTE_INNER_SPACE
53;132;106;ab02239f23e0d9ff;I'm not sure superior is really the correct term...;"Je ne suis pas sûre que "" supérieure "" soit vraiment le terme approprié...";"Je ne suis pas sûre que ""supérieure"" soit vraiment le terme approprié...";QUOTE_TITLE_QA_V0.8.58.4.9;ASCII_QUOTE_INNER_SPACE
53;132;247;a007249f23e0d9ff;If by we, you mean you.;"Si par "" nous "", vous voulez dire "" vous "".";"Si par ""nous"", vous voulez dire ""vous"".";QUOTE_TITLE_QA_V0.8.58.4.9;ASCII_QUOTE_INNER_SPACE
53;132;328;a00f259f23e0d9ff;If by we, you mean you. You're the one risking your neck out there doing the all the hard work after all.;"Si par "" nous "", vous voulez dire "" vous "". Après tout, c'est vous qui risquez votre peau dehors et faites tout le travail difficile.";"Si par ""nous"", vous voulez dire ""vous"". Après tout, c'est vous qui risquez votre peau dehors et faites tout le travail difficile.";QUOTE_TITLE_QA_V0.8.58.4.9;ASCII_QUOTE_INNER_SPACE
53;132;391;aa05269f23e0d9ff;Dr. Harlan says well done.;"Le Dr Harlan dit "" beau travail "".";"Le Dr Harlan dit ""beau travail"".";QUOTE_TITLE_QA_V0.8.58.4.9;ASCII_QUOTE_INNER_SPACE
53;132;420;a30f269f23e0d9ff;"""The machines?"" I can't...";""" Les machines "" ? Je n'arrive pas...";"""Les machines"" ? Je n'arrive pas...";QUOTE_TITLE_QA_V0.8.58.4.9;ASCII_QUOTE_INNER_SPACE
53;132;487;a006279f23e0d9ff;I'll take that as a soft yes.;"Je vais prendre ça pour un "" oui "" prudent.";"Je vais prendre ça pour un ""oui"" prudent.";QUOTE_TITLE_QA_V0.8.58.4.9;ASCII_QUOTE_INNER_SPACE
53;132;702;b294213e0ce9bc3b;"Still wish we had a better plan than ""lets give Jack an out of body experience and hope it all works out"" but...";"J'aimerais quand même qu'on ait un meilleur plan que "" faisons vivre à Jack une sortie de corps et espérons que tout se passe bien "", mais...";"J'aimerais quand même qu'on ait un meilleur plan que ""faisons vivre à Jack une sortie de corps et espérons que tout se passe bien"", mais...";QUOTE_TITLE_QA_V0.8.58.4.9;ASCII_QUOTE_INNER_SPACE
53;132;708;e6c076330beabd3b;"Still wish we had a better plan than ""lets shoot Jack out of a time cannon and hope it all works out,"" but...";"J'aimerais quand même qu'on ait un meilleur plan que "" propulsons Jack au canon temporel et espérons que tout se passe bien "", mais...";"J'aimerais quand même qu'on ait un meilleur plan que ""propulsons Jack au canon temporel et espérons que tout se passe bien"", mais...";QUOTE_TITLE_QA_V0.8.58.4.9;ASCII_QUOTE_INNER_SPACE
53;132;741;b091213c00bcb83c;"Still wish we had a better plan than ""lets shoot Jack out of a time cannon and hope it all works out,"" but...";"J'aimerais quand même qu'on ait un meilleur plan que "" propulsons Jack au canon temporel et espérons que tout se passe bien "", mais...";"J'aimerais quand même qu'on ait un meilleur plan que ""propulsons Jack au canon temporel et espérons que tout se passe bien"", mais...";QUOTE_TITLE_QA_V0.8.58.4.9;ASCII_QUOTE_INNER_SPACE
53;132;776;e697213e5dbeb93d;"You're going to have to do a bit better than ""should.""";"Il va falloir faire un peu mieux que "" devrait "".";"Il va falloir faire un peu mieux que ""devrait"".";QUOTE_TITLE_QA_V0.8.58.4.9;ASCII_QUOTE_INNER_SPACE
53;132;802;e39a776e00bbbb3e;"Still wish we had a better plan than ""lets shove Jack in an anomaly and hope he has an out of body experience"" but...";"J'aimerais quand même qu'on ait un meilleur plan que "" mettons Jack dans une anomalie et espérons qu'il vive une sortie de corps "", mais...";"J'aimerais quand même qu'on ait un meilleur plan que ""mettons Jack dans une anomalie et espérons qu'il vive une sortie de corps"", mais...";QUOTE_TITLE_QA_V0.8.58.4.9;ASCII_QUOTE_INNER_SPACE
53;132;974;e697213959edee6c;"You're still saying ""should"" a lot...";"Vous dites encore beaucoup "" devrait ""...";"Vous dites encore beaucoup ""devrait""...";QUOTE_TITLE_QA_V0.8.58.4.9;ASCII_QUOTE_INNER_SPACE
53;132;997;b6917c3b5bb2e86d;"Still wish we had a better plan than ""lets shove Jack in an anomaly and hope it all works out"" but...";"J'aimerais quand même qu'on ait un meilleur plan que "" mettons Jack dans une anomalie et espérons que tout se passe bien "", mais...";"J'aimerais quand même qu'on ait un meilleur plan que ""mettons Jack dans une anomalie et espérons que tout se passe bien"", mais...";QUOTE_TITLE_QA_V0.8.58.4.9;ASCII_QUOTE_INNER_SPACE
53;155;28;4a6d7d50c1863485;"Jack, this drone noticed ""slightly"" bio mass resistant properties of some surfaces used in construction around here before it ran out of power.";"Jack, avant de tomber à court d'énergie, ce drone a remarqué que certaines surfaces utilisées dans la construction ici étaient "" légèrement "" résistantes à la biomasse.";"Jack, avant de tomber à court d'énergie, ce drone a remarqué que certaines surfaces utilisées dans la construction ici étaient ""légèrement"" résistantes à la biomasse.";QUOTE_TITLE_QA_V0.8.58.4.9;ASCII_QUOTE_INNER_SPACE
53;155;31;1a68715794dd3286;How slight, and what do you want me to do?;"À quel point "" légèrement "", et qu'est-ce que vous voulez que je fasse ?";"À quel point ""légèrement"", et qu'est-ce que vous voulez que je fasse ?";QUOTE_TITLE_QA_V0.8.58.4.9;ASCII_QUOTE_INNER_SPACE
53;155;39;196e255dcfd53087;"Jack, this drone noticed some surfaces used in construction around here have ""slightly"" bio mass resistant properties.";"Jack, ce drone a remarqué que certaines surfaces utilisées dans la construction ici étaient "" légèrement "" résistantes à la biomasse.";"Jack, ce drone a remarqué que certaines surfaces utilisées dans la construction ici étaient ""légèrement"" résistantes à la biomasse.";QUOTE_TITLE_QA_V0.8.58.4.9;ASCII_QUOTE_INNER_SPACE
53;155;58;4c687451cfd336d2;How slight, and what do you want me to do?;"À quel point "" légèrement "", et qu'est-ce que vous voulez que je fasse ?";"À quel point ""légèrement"", et qu'est-ce que vous voulez que je fasse ?";QUOTE_TITLE_QA_V0.8.58.4.9;ASCII_QUOTE_INNER_SPACE
53;164;125;06f443e922f7473d;"UNIT ID: ""JACK""";"ID UNITE : "" JACK """;"ID UNITE : ""JACK""";QUOTE_TITLE_QA_V0.8.58.4.9;ASCII_QUOTE_INNER_SPACE
53;164;175;06fb43e922f7473d;"I'm sorry, who is ""Jack?""";"Désolé, qui est "" Jack ""?";"Désolé, qui est ""Jack""?";QUOTE_TITLE_QA_V0.8.58.4.9;ASCII_QUOTE_INNER_SPACE
53;203;44;fe6891f032555003;"I don't know if you've noticed, Captain, but ""letting go"" isn't exactly my strong suit.";"Je ne sais pas si vous avez remarqué, Capitaine, mais "" lâcher prise "" n'est pas vraiment mon point fort.";"Je ne sais pas si vous avez remarqué, Capitaine, mais ""lâcher prise"" n'est pas vraiment mon point fort.";QUOTE_TITLE_QA_V0.8.58.4.9;ASCII_QUOTE_INNER_SPACE
53;203;52;fe6a91f032555003;"""Hologram..."" Really.";""" Hologramme ""... vraiment.";"""Hologramme""... vraiment.";QUOTE_TITLE_QA_V0.8.58.4.9;ASCII_QUOTE_INNER_SPACE
58;33;9;11c8f0038e5d7f89;So... umm this is captain Olivia Rhodes, please disengage all security protocols.;Alors... euh, ici la Capitaine Olivia Rhodes. Veuillez désactiver tous les protocoles de sécurité.;Alors... euh, ici la capitaine Olivia Rhodes. Veuillez désactiver tous les protocoles de sécurité.;QUOTE_TITLE_QA_V0.8.58.4.9;RUNNING_TEXT_TITLE_LOWERCASE
58;43;25;ecfb0c04492664db;"I see you're engaging ""Zero-G Basketball"" protocol.";"Je vois que vous activez le protocole "" Basket en apesanteur "".";"Je vois que vous activez le protocole ""Basket en apesanteur"".";QUOTE_TITLE_QA_V0.8.58.4.9;ASCII_QUOTE_INNER_SPACE
58;55;64;a3760c3e6ad20920;Letter 'L' identified.;"Lettre "" L "" identifiée.";"Lettre ""L"" identifiée.";QUOTE_TITLE_QA_V0.8.58.4.9;ASCII_QUOTE_INNER_SPACE
58;55;65;f6765b3b65d55120;"Engaging in ""Deflection"" protocol. It was not me.";"Activation du protocole de "" défausse "". Ce n'était pas moi.";"Activation du protocole de ""défausse"". Ce n'était pas moi.";QUOTE_TITLE_QA_V0.8.58.4.9;ASCII_QUOTE_INNER_SPACE
58;55;136;a5250f3f68815326;Gesture recognized: 'peace.';"Geste reconnu : "" paix "".";"Geste reconnu : ""paix"".";QUOTE_TITLE_QA_V0.8.58.4.9;ASCII_QUOTE_INNER_SPACE
58;55;218;f5755d6c65810974;I have also increased your 'amicability score' by one point in my internal profile.;"J'ai aussi augmenté d'un point votre "" score d'amabilité "" dans mon profil interne.";"J'ai aussi augmenté d'un point votre ""score d'amabilité"" dans mon profil interne.";QUOTE_TITLE_QA_V0.8.58.4.9;ASCII_QUOTE_INNER_SPACE
58;55;263;f1765b3d38d70577;Engaging in 'Positive Outlook' protocol.;"Activation du protocole "" Vision positive "".";"Activation du protocole ""Vision positive"".";QUOTE_TITLE_QA_V0.8.58.4.9;ASCII_QUOTE_INNER_SPACE
58;81;1;585df8443d69a6a1;"It's possible your memory may be fractured. Would you like me to initiate your ""Clean Slate Protocol?""";"Votre mémoire est peut-être fragmentée. Voulez-vous que j'active votre "" protocole Table rase "" ?";"Votre mémoire est peut-être fragmentée. Voulez-vous que j'active votre ""protocole Table rase"" ?";QUOTE_TITLE_QA_V0.8.58.4.9;ASCII_QUOTE_INNER_SPACE
58;81;14;0e5bf9473368a4a2;You're supposed to say, 'online.';"Vous êtes censé dire "" en ligne "".";"Vous êtes censé dire ""en ligne"".";QUOTE_TITLE_QA_V0.8.58.4.9;ASCII_QUOTE_INNER_SPACE
58;81;33;0958fd416b6df7a3;No... that's not what I said at all. Perhaps your auditory receptior is malfunctioning. Would you like me to run the Earwax Protocol?;"Non... ce n'est pas du tout ce que j'ai dit. Votre récepteur auditif dysfonctionne peut-être. Voulez-vous que j'exécute le protocole "" Cérumen "" ?";"Non... ce n'est pas du tout ce que j'ai dit. Votre récepteur auditif dysfonctionne peut-être. Voulez-vous que j'exécute le protocole ""Cérumen"" ?";QUOTE_TITLE_QA_V0.8.58.4.9;ASCII_QUOTE_INNER_SPACE
58;81;38;0d59af403e6ca6a4;You're supposed to say, 'Online.';"Vous êtes censé dire "" En ligne """;"Vous êtes censé dire ""En ligne""";QUOTE_TITLE_QA_V0.8.58.4.9;ASCII_QUOTE_INNER_SPACE
58;81;93;0e59f740336cf2f1;"Are you familiar with the term... ""mandatoory, reset?""";"Connaissez-vous l'expression... "" réinitialisation obligatoire "" ?";"Connaissez-vous l'expression... ""réinitialisation obligatoire"" ?";QUOTE_TITLE_QA_V0.8.58.4.9;ASCII_QUOTE_INNER_SPACE
58;81;113;0e5cfd41336cf2f1;That's my captain... Captain Olivia Rhodes.;C'est ma capitaine... la Capitaine Olivia Rhodes.;C'est ma capitaine... la capitaine Olivia Rhodes.;QUOTE_TITLE_QA_V0.8.58.4.9;RUNNING_TEXT_TITLE_LOWERCASE
58;81;127;0e5ff642336cf2f1;I don't know where 'here' is. I was just on another ship.;"Je ne sais pas où se trouve "" ici "". J'étais encore sur un autre vaisseau à l'instant.";"Je ne sais pas où se trouve ""ici"". J'étais encore sur un autre vaisseau à l'instant.";QUOTE_TITLE_QA_V0.8.58.4.9;ASCII_QUOTE_INNER_SPACE
58;81;129;0e55f742336cf2f1;I don't know where 'here' is... What is the name of this vessel?;"Je ne sais pas où se trouve "" ici ""... Comment s'appelle ce vaisseau ?";"Je ne sais pas où se trouve ""ici""... Comment s'appelle ce vaisseau ?";QUOTE_TITLE_QA_V0.8.58.4.9;ASCII_QUOTE_INNER_SPACE
58;81;248;5c5bf8156868f5f4;Acknowledged. Engaging 'Chaperone Protocol.' Delta Thirteen, please confirm.;"Reçu. Activation du "" protocole Chaperon "". Delta Treize, veuillez confirmer";"Reçu. Activation du ""protocole Chaperon"". Delta Treize, veuillez confirmer";QUOTE_TITLE_QA_V0.8.58.4.9;ASCII_QUOTE_INNER_SPACE
58;121;20;6a610852fd876895;"Agreed. I, too, believe the fabricators are quite ""posh.""";"D'accord. Moi aussi, je trouve les fabricateurs plutôt "" classe "".";"D'accord. Moi aussi, je trouve les fabricateurs plutôt ""classe"".";QUOTE_TITLE_QA_V0.8.58.4.9;ASCII_QUOTE_INNER_SPACE
58;121;65;6c600a0daf816bc3;"Agreed. I, too, believe the fabricators are quite ""posh.""";"D'accord. Moi aussi, je trouve les fabricateurs plutôt "" classe "".";"D'accord. Moi aussi, je trouve les fabricateurs plutôt ""classe"".";QUOTE_TITLE_QA_V0.8.58.4.9;ASCII_QUOTE_INNER_SPACE
58;121;162;accbdee5096f3772;"""Esteemed scholar"" suits you much better than ""jealous companion.""";""" Éminente érudite "" vous va bien mieux que "" compagne jalouse "".";"""Éminente érudite"" vous va bien mieux que ""compagne jalouse"".";QUOTE_TITLE_QA_V0.8.58.4.9;ASCII_QUOTE_INNER_SPACE
58;128;15;6045f2733071e706;"You did ask ""how""";"Vous avez bien demandé "" comment "".";"Vous avez bien demandé ""comment"".";QUOTE_TITLE_QA_V0.8.58.4.9;ASCII_QUOTE_INNER_SPACE
58;128;116;6749f9253170e359;"You did ask ""how""";"Vous avez bien demandé "" comment "".";"Vous avez bien demandé ""comment"".";QUOTE_TITLE_QA_V0.8.58.4.9;ASCII_QUOTE_INNER_SPACE
58;178;36;087a2b833ce8a4e8;"The fact that half of the Astraea was left in ""your time"" and led to system-wide decimation of the human race is clear evidence of a tactical oversight on my part. Under normal circumstances, I would be decommissioned and--";"Le fait que la moitié de l'Astraea soit restée dans "" votre époque "" et ait entraîné la décimation de l'humanité à l'échelle du système constitue clairement une erreur tactique de ma part. Dans des circonstances normales, je serais désactivé et--";"Le fait que la moitié de l'Astraea soit restée dans ""votre époque"" et ait entraîné la décimation de l'humanité à l'échelle du système constitue clairement une erreur tactique de ma part. Dans des circonstances normales, je serais désactivé et--";QUOTE_TITLE_QA_V0.8.58.4.9;ASCII_QUOTE_INNER_SPACE
58;178;37;057d7b8239bbf1e9;"I... well, you've probably figured this out already, but you know this isn't ""your time,"" right? This isn't the future you came from...";"Je... bon, vous l'avez probablement déjà compris, mais vous savez que ce n'est pas "" votre époque "", n'est-ce pas ? Ce n'est pas le futur d'où vous venez...";"Je... bon, vous l'avez probablement déjà compris, mais vous savez que ce n'est pas ""votre époque"", n'est-ce pas ? Ce n'est pas le futur d'où vous venez...";QUOTE_TITLE_QA_V0.8.58.4.9;ASCII_QUOTE_INNER_SPACE
58;178;40;5a7a2a883eeaa3ea;"Your ""oversight"" saved our lives.";"Votre "" erreur "" nous a sauvé la vie.";"Votre ""erreur"" nous a sauvé la vie.";QUOTE_TITLE_QA_V0.8.58.4.9;ASCII_QUOTE_INNER_SPACE
58;178;45;5e2f7ed863bfabeb;"Apollo! There's no way you could have known. Your ""oversight"" saved our lives.";"Apollo ! Vous ne pouviez pas le savoir. Votre "" erreur "" nous a sauvé la vie.";"Apollo ! Vous ne pouviez pas le savoir. Votre ""erreur"" nous a sauvé la vie.";QUOTE_TITLE_QA_V0.8.58.4.9;ASCII_QUOTE_INNER_SPACE
58;178;414;7f83941632fcfa41;"Great, add it to the list: ""restore universe to single, preferably Bio Mass-free timeline.""";"Parfait, ajoutez ça à la liste : "" ramener l'univers à une seule ligne temporelle, de préférence sans biomasse "".";"Parfait, ajoutez ça à la liste : ""ramener l'univers à une seule ligne temporelle, de préférence sans biomasse"".";QUOTE_TITLE_QA_V0.8.58.4.9;ASCII_QUOTE_INNER_SPACE
58;205;67;052534a89b132d4b;"""Agreed"" is hardly the term I would use.";""" D'accord "" n'est pas vraiment le terme que j'emploierais.";"""D'accord"" n'est pas vraiment le terme que j'emploierais.";QUOTE_TITLE_QA_V0.8.58.4.9;ASCII_QUOTE_INNER_SPACE
69;108;26;6649ab7cec0d3519;"And, if it doesn't ""all go well?""";"Et si tout ne "" se passe pas bien "" ?";"Et si tout ne ""se passe pas bien"" ?";QUOTE_TITLE_QA_V0.8.58.4.9;ASCII_QUOTE_INNER_SPACE
69;108;38;341bfd7fb80d341b;"This ""civilian shell' will allows us to do just that... It's well protected in its activation pod and, because it's connected to the same power sourse as the beacon, it should remain powered for decades, if not longer...";"Ce "" châssis civil "" nous permettra justement de le faire... Il est bien protégé dans sa capsule d'activation et, comme il est relié à la même source d'énergie que la balise, il devrait rester alimenté pendant des décennies, voire davantage...";"Ce ""châssis civil"" nous permettra justement de le faire... Il est bien protégé dans sa capsule d'activation et, comme il est relié à la même source d'énergie que la balise, il devrait rester alimenté pendant des décennies, voire davantage...";QUOTE_TITLE_QA_V0.8.58.4.9;ASCII_QUOTE_INNER_SPACE
69;108;41;334dfd7fbb08351b;By engaging 'Hibernation Protocol' and placing you within storage, we can minimize the risk of attack.;"En activant le "" protocole d'hibernation "" et en vous plaçant en stockage, nous pouvons minimiser le risque d'attaque.";"En activant le ""protocole d'hibernation"" et en vous plaçant en stockage, nous pouvons minimiser le risque d'attaque.";QUOTE_TITLE_QA_V0.8.58.4.9;ASCII_QUOTE_INNER_SPACE
69;108;50;6a1daa26e80f6f1b;Yes. This 'biological agent' we're facing appears drawn to sources of power.;"Oui. Cet "" agent biologique "" que nous affrontons semble attiré par les sources d'énergie.";"Oui. Cet ""agent biologique"" que nous affrontons semble attiré par les sources d'énergie.";QUOTE_TITLE_QA_V0.8.58.4.9;ASCII_QUOTE_INNER_SPACE
69;108;63;6a1fae2fed5a611c;Jack, we should not wait to activate your 'hibernation' protocol... We'll need to be as conservative as possible with our power consumption if we are to stay powered all the way to Harlan's time.;"Jack, nous ne devrions pas attendre pour activer votre protocole d'"" hibernation ""... Il faudra économiser autant que possible notre énergie si nous voulons rester alimentés jusqu'à l'époque de Harlan.";"Jack, nous ne devrions pas attendre pour activer votre protocole d'""hibernation""... Il faudra économiser autant que possible notre énergie si nous voulons rester alimentés jusqu'à l'époque de Harlan.";QUOTE_TITLE_QA_V0.8.58.4.9;ASCII_QUOTE_INNER_SPACE
69;108;78;331baf7fe75f311e;My 'new shell?';"Mon "" nouveau châssis "" ?";"Mon ""nouveau châssis"" ?";QUOTE_TITLE_QA_V0.8.58.4.9;ASCII_QUOTE_INNER_SPACE
69;108;80;3749fd2ae65e341e;'Hibernation' protocol loaded. Initiate when ready.;"Protocole d'"" hibernation "" chargé. Lancez-le lorsque vous serez prêt.";"Protocole d'""hibernation"" chargé. Lancez-le lorsque vous serez prêt.";QUOTE_TITLE_QA_V0.8.58.4.9;ASCII_QUOTE_INNER_SPACE
69;108;91;304efa7cbf5a661e;"And, if it doesn't ""all go well?""";"Et si tout ne "" se passe pas bien "" ?";"Et si tout ne ""se passe pas bien"" ?";QUOTE_TITLE_QA_V0.8.58.4.9;ASCII_QUOTE_INNER_SPACE
69;108;106;644efb27ef5c661f;"""Suspended"" is not a mode I have access to.";"Le mode "" Suspendu "" ne m'est pas accessible.";"Le mode ""Suspendu"" ne m'est pas accessible.";QUOTE_TITLE_QA_V0.8.58.4.9;ASCII_QUOTE_INNER_SPACE
69;108;131;6a4efb7bea566245;"""Suspended"" is not a mode I have access to.";"Le mode "" Suspendu "" ne m'est pas accessible.";"Le mode ""Suspendu"" ne m'est pas accessible.";QUOTE_TITLE_QA_V0.8.58.4.9;ASCII_QUOTE_INNER_SPACE
69;108;134;611cfb2cea5d6645;Correct. To ensure one of use remains operational until the Ithaca fleet arrives, we will need to utilize this 'civilian shell.' It's well protected inside the activation pod and since it's connected to the same power source as the beacon, the shell will remain powered for the forseeable future.;"Exact. Pour garantir que l'un de nous reste opérationnel jusqu'à l'arrivée de la flotte Ithaca, nous devons utiliser ce "" châssis civil "". Il est bien protégé dans la capsule d'activation et, puisqu'il est connecté à la même source d'énergie que la balise, il restera alimenté dans un avenir prévisible.";"Exact. Pour garantir que l'un de nous reste opérationnel jusqu'à l'arrivée de la flotte Ithaca, nous devons utiliser ce ""châssis civil"". Il est bien protégé dans la capsule d'activation et, puisqu'il est connecté à la même source d'énergie que la balise, il restera alimenté dans un avenir prévisible.";QUOTE_TITLE_QA_V0.8.58.4.9;ASCII_QUOTE_INNER_SPACE
69;108;136;364faf26ef566745;This is one of your 'original' chassis.;"C'est l'un de vos châssis "" originaux "".";"C'est l'un de vos châssis ""originaux"".";QUOTE_TITLE_QA_V0.8.58.4.9;ASCII_QUOTE_INNER_SPACE
69;108;154;6b1da178bc086649;Your 'hibernation' protocol will suspend us completely. Your shell will wake us if an external event occurs.;"Votre protocole d'"" hibernation "" nous mettra complètement en suspension. Votre châssis nous réveillera si un événement extérieur se produit.";"Votre protocole d'""hibernation"" nous mettra complètement en suspension. Votre châssis nous réveillera si un événement extérieur se produit.";QUOTE_TITLE_QA_V0.8.58.4.9;ASCII_QUOTE_INNER_SPACE
69;108;187;304da829ba5d354c;"This is one of your ""original"" chassis.";"C'est l'un de vos châssis "" originaux "".";"C'est l'un de vos châssis ""originaux"".";QUOTE_TITLE_QA_V0.8.58.4.9;ASCII_QUOTE_INNER_SPACE
69;108;196;654da87aef5c674c;"This ""civilian"" shell is already connected to the beacon's power reserve.";"Ce châssis "" civil "" est déjà connecté à la réserve d'énergie de la balise.";"Ce châssis ""civil"" est déjà connecté à la réserve d'énergie de la balise.";QUOTE_TITLE_QA_V0.8.58.4.9;ASCII_QUOTE_INNER_SPACE
69;108;202;341da82ce958364d;What sort of 'extra precautions'?;"Quelles "" précautions supplémentaires "" ?";"Quelles ""précautions supplémentaires"" ?";QUOTE_TITLE_QA_V0.8.58.4.9;ASCII_QUOTE_INNER_SPACE
69;108;225;601cad26b85b334f;The reactor has enough reserve energy to maintain the beacon for several centuries... If this area is still a hazard by then, do not hessitate to use your'hibernation' protocol. That will draw less power to your shell and will extend the life of the beacon.;"Le réacteur dispose d'assez d'énergie en réserve pour maintenir la balise pendant plusieurs siècles... Si cette zone est toujours dangereuse à ce moment-là, n'hésitez pas à utiliser votre "" protocole d'hibernation "". Votre châssis consommera moins d'énergie et cela prolongera la durée de vie de la balise.";"Le réacteur dispose d'assez d'énergie en réserve pour maintenir la balise pendant plusieurs siècles... Si cette zone est toujours dangereuse à ce moment-là, n'hésitez pas à utiliser votre ""protocole d'hibernation"". Votre châssis consommera moins d'énergie et cela prolongera la durée de vie de la balise.";QUOTE_TITLE_QA_V0.8.58.4.9;ASCII_QUOTE_INNER_SPACE
74;34;37;0208f63e0e94640b;We do not even know if 'digital' time-jumps impact causality differently than 'physical' time-jumps.;"Nous ne savons même pas si les sauts temporels "" numériques "" affectent la causalité différemment des sauts "" physiques "".";"Nous ne savons même pas si les sauts temporels ""numériques"" affectent la causalité différemment des sauts ""physiques"".";QUOTE_TITLE_QA_V0.8.58.4.9;ASCII_QUOTE_INNER_SPACE
74;34;39;0c0ff93a5a99650b;Therefore, we must enact the 'Data-Retention Protocol'.;"Par conséquent, nous devons appliquer le "" protocole de conservation des données "".";"Par conséquent, nous devons appliquer le ""protocole de conservation des données"".";QUOTE_TITLE_QA_V0.8.58.4.9;ASCII_QUOTE_INNER_SPACE
74;34;55;5f0da36e5e94630c;'Only' a month?;""" Seulement "" un mois ?";"""Seulement"" un mois ?";QUOTE_TITLE_QA_V0.8.58.4.9;ASCII_QUOTE_INNER_SPACE
74;34;67;5c03f4680dc66f0d;Oh and, I made a quick calibration adjustment to your Threat Scanner. It should now be capable of capturing an imprint of the 'proto' Bio-Mass.;"Oh, et j'ai rapidement ajusté l'étalonnage de votre scanner de menaces. Il devrait maintenant pouvoir capturer une empreinte de la biomasse "" proto "".";"Oh, et j'ai rapidement ajusté l'étalonnage de votre scanner de menaces. Il devrait maintenant pouvoir capturer une empreinte de la biomasse ""proto"".";QUOTE_TITLE_QA_V0.8.58.4.9;ASCII_QUOTE_INNER_SPACE
74;34;140;0803f63b0c973150;I see... data on the 'base genetic material' would give humanity a fighting chance against the Bio Mass.;"Je vois... des données sur le "" matériel génétique de base "" donneraient à l'humanité une chance de lutter contre la biomasse.";"Je vois... des données sur le ""matériel génétique de base"" donneraient à l'humanité une chance de lutter contre la biomasse.";QUOTE_TITLE_QA_V0.8.58.4.9;ASCII_QUOTE_INNER_SPACE
74;34;187;580ef76f08c36159;I made a quick calibration adjustment to your scanner. It should now be capable of digitizing the 'proto' Bio-Mass.;"J'ai rapidement ajusté l'étalonnage de votre scanner. Il devrait maintenant pouvoir numériser la biomasse "" proto "".";"J'ai rapidement ajusté l'étalonnage de votre scanner. Il devrait maintenant pouvoir numériser la biomasse ""proto"".";QUOTE_TITLE_QA_V0.8.58.4.9;ASCII_QUOTE_INNER_SPACE
74;34;191;5c03a6675d976559;Therefore, we must enact the 'Dead-Drop Protocol'.;"Par conséquent, nous devons appliquer le "" protocole de dépôt sécurisé "".";"Par conséquent, nous devons appliquer le ""protocole de dépôt sécurisé"".";QUOTE_TITLE_QA_V0.8.58.4.9;ASCII_QUOTE_INNER_SPACE
74;34;198;0a5ef66d5896355a;Secondly, I don't believe there is any situation in which receiving that 'signal' could be considered remotely safe.;"Deuxièmement, je ne vois aucune situation où recevoir ce "" signal "" pourrait être considéré comme vaguement sûr.";"Deuxièmement, je ne vois aucune situation où recevoir ce ""signal"" pourrait être considéré comme vaguement sûr.";QUOTE_TITLE_QA_V0.8.58.4.9;ASCII_QUOTE_INNER_SPACE
74;34;201;085fa66f0ec1365a;The 'Dead-Drop Protocol'?;"Le "" protocole de dépôt sécurisé "" ?";"Le ""protocole de dépôt sécurisé"" ?";QUOTE_TITLE_QA_V0.8.58.4.9;ASCII_QUOTE_INNER_SPACE
74;34;225;0e0ba5670c90315d;So, you will keep us undetected and I will scan the 'proto' Bio-Mass.;"Donc, vous nous garderez indétectables pendant que je scannerai la biomasse "" proto "".";"Donc, vous nous garderez indétectables pendant que je scannerai la biomasse ""proto"".";QUOTE_TITLE_QA_V0.8.58.4.9;ASCII_QUOTE_INNER_SPACE
74;34;240;5802a63a0a94655d;I do not see how this 'protocol' or beacon will allow us to return to Liv.;"Je ne vois pas comment ce "" protocole "" ou cette balise nous permettra de revenir auprès de Liv.";"Je ne vois pas comment ce ""protocole"" ou cette balise nous permettra de revenir auprès de Liv.";QUOTE_TITLE_QA_V0.8.58.4.9;ASCII_QUOTE_INNER_SPACE
74;34;256;0b0ff76f5ac56f5e;The 'Data-Retention Protocol'?;"Le "" protocole de conservation des données "" ?";"Le ""protocole de conservation des données"" ?";QUOTE_TITLE_QA_V0.8.58.4.9;ASCII_QUOTE_INNER_SPACE
74;34;261;5e03f93d0c93655f;"I do not understand what you mean by ""be patient.""";"Je ne comprends pas ce que vous entendez par "" être patients "".";"Je ne comprends pas ce que vous entendez par ""être patients"".";QUOTE_TITLE_QA_V0.8.58.4.9;ASCII_QUOTE_INNER_SPACE
74;61;104;b044d1c41e0921eb;Dr. Harlan says well done, Jack. And that your efforts to help him continue breathing oxygen are heartily appreciated.;"Le Dr Harlan dit "" beau travail "", Jack. Et il apprécie vivement vos efforts pour lui permettre de continuer à respirer.";"Le Dr Harlan dit ""beau travail"", Jack. Et il apprécie vivement vos efforts pour lui permettre de continuer à respirer.";QUOTE_TITLE_QA_V0.8.58.4.9;ASCII_QUOTE_INNER_SPACE
74;61;123;b046d1c41e0921eb;Dr. Harlan says well done, Jack.;"Le Dr Harlan dit "" beau travail "", Jack.";"Le Dr Harlan dit ""beau travail"", Jack.";QUOTE_TITLE_QA_V0.8.58.4.9;ASCII_QUOTE_INNER_SPACE
74;61;133;b047d1c41e0921eb;"Hm, ""uncommunicative."" Sounds familiar. Don't worry, Juno, destroying won't be necessary. We've got this.";"Hum, "" peu communicatif "". Ça me rappelle quelqu'un. Ne t'inquiète pas, Juno, il ne sera pas nécessaire de le détruire. On gère.";"Hum, ""peu communicatif"". Ça me rappelle quelqu'un. Ne t'inquiète pas, Juno, il ne sera pas nécessaire de le détruire. On gère.";QUOTE_TITLE_QA_V0.8.58.4.9;ASCII_QUOTE_INNER_SPACE
74;61;137;b447d1c41e0921eb;"Hm, ""uncommunicative."" Sounds familiar. Don't worry, Juno, destroying him won't be necessary. We've got this.";"Hum, "" peu communicatif "". Ça me rappelle quelqu'un. Ne t'inquiète pas, Juno, il ne sera pas nécessaire de le détruire. On gère.";"Hum, ""peu communicatif"". Ça me rappelle quelqu'un. Ne t'inquiète pas, Juno, il ne sera pas nécessaire de le détruire. On gère.";QUOTE_TITLE_QA_V0.8.58.4.9;ASCII_QUOTE_INNER_SPACE
74;61;242;b544d3c41e0921eb;"If that's not android-speak for ""I told you so,"" I don't know what is.";"Si ce n'est pas la façon androide de dire "" je vous l'avais bien dit "", je ne sais pas ce que c'est.";"Si ce n'est pas la façon androide de dire ""je vous l'avais bien dit"", je ne sais pas ce que c'est.";QUOTE_TITLE_QA_V0.8.58.4.9;ASCII_QUOTE_INNER_SPACE
74;179;63;1d11f6fdc0f22d18;Apollo, I discovered a Series 10 shell near Kronos II wreckage in 'the future.' Is it possible that that shell belonged to Delta Six?;"Apollo, j'ai découvert un châssis Série 10 près de l'épave du Kronos II dans "" le futur "". Est-il possible qu'il ait appartenu à Delta Six ?";"Apollo, j'ai découvert un châssis Série 10 près de l'épave du Kronos II dans ""le futur"". Est-il possible qu'il ait appartenu à Delta Six ?";QUOTE_TITLE_QA_V0.8.58.4.9;ASCII_QUOTE_INNER_SPACE
74;179;164;1945a6ae93f22741;That difference may be caused by the magnitude of the 'changes'... but it quite possibly could be the result of some other factor we are unaware of.;"Cette différence peut être due à l'ampleur des "" changements ""... mais elle pourrait tout aussi bien provenir d'un autre facteur que nous ignorons.";"Cette différence peut être due à l'ampleur des ""changements""... mais elle pourrait tout aussi bien provenir d'un autre facteur que nous ignorons.";QUOTE_TITLE_QA_V0.8.58.4.9;ASCII_QUOTE_INNER_SPACE
74;179;269;1e13f1f9c3ab274f;For the time being, yes. Nonetheless, we should proceed quickly: if it collapses before we complete our mission, we will be returned to the 'future' without the data required.;"Pour l'instant, oui. Mais, nous devons agir vite : si elle s'effondre avant la fin de notre mission, nous serons renvoyés dans "" le futur "" sans les données nécessaires.";"Pour l'instant, oui. Mais, nous devons agir vite : si elle s'effondre avant la fin de notre mission, nous serons renvoyés dans ""le futur"" sans les données nécessaires.";QUOTE_TITLE_QA_V0.8.58.4.9;ASCII_QUOTE_INNER_SPACE
80;49;43;cc7bbabf8889ca0e;Select the objective 'explore the vents'.;"Sélectionnez l'objectif "" Explorer les conduits "".";"Sélectionnez l'objectif ""Explorer les conduits"".";QUOTE_TITLE_QA_V0.8.58.4.9;ASCII_QUOTE_INNER_SPACE
80;69;87;068985cac13244bf;"That name... ""Ithaca."" I've heard it before.";"Ce nom... "" Ithaca "". Je l'ai déjà entendu.";"Ce nom... ""Ithaca"". Je l'ai déjà entendu.";QUOTE_TITLE_QA_V0.8.58.4.9;ASCII_QUOTE_INNER_SPACE
80;69;93;078a85cac13244bf;"""Ithaca..."" I've seen that name before...";""" Ithaca... "" J'ai déjà vu ce nom...";"""Ithaca..."" J'ai déjà vu ce nom...";QUOTE_TITLE_QA_V0.8.58.4.9;ASCII_QUOTE_INNER_SPACE
80;69;123;098e85cac13244bf;"""Most?""";""" La plupart "" ?";"""La plupart"" ?";QUOTE_TITLE_QA_V0.8.58.4.9;ASCII_QUOTE_INNER_SPACE
80;69;125;018f85cac13244bf;"""Fortunate,"" she says.";""" Chanceux "", qu'elle dit.";"""Chanceux"", qu'elle dit.";QUOTE_TITLE_QA_V0.8.58.4.9;ASCII_QUOTE_INNER_SPACE
80;69;268;01d9ca31c01deb04;"""Ithaca..."" I've seen that name before?";""" Ithaca... "" J'ai déjà vu ce nom ?";"""Ithaca..."" J'ai déjà vu ce nom ?";QUOTE_TITLE_QA_V0.8.58.4.9;ASCII_QUOTE_INNER_SPACE
80;69;284;0d8ac930c511b907;"""Ithaca..."" I've seen that name before...";""" Ithaca... "" J'ai déjà vu ce nom...";"""Ithaca..."" J'ai déjà vu ce nom...";QUOTE_TITLE_QA_V0.8.58.4.9;ASCII_QUOTE_INNER_SPACE
80;69;285;5bdbcc67c310ba07;"""Ithaca..."" I've seen that name before...";""" Ithaca... "" J'ai déjà vu ce nom...";"""Ithaca..."" J'ai déjà vu ce nom...";QUOTE_TITLE_QA_V0.8.58.4.9;ASCII_QUOTE_INNER_SPACE
80;90;16;db3a99b194b6b78c;"Precisely. The idea was to build these ""cloak emitters"" as a... reactive defense against the Bio Mass. To contain it.";"Exactement. L'idée était de concevoir ces "" émetteurs de camouflage "" comme une... défense réactive contre la biomasse. Pour la contenir.";"Exactement. L'idée était de concevoir ces ""émetteurs de camouflage"" comme une... défense réactive contre la biomasse. Pour la contenir.";QUOTE_TITLE_QA_V0.8.58.4.9;ASCII_QUOTE_INNER_SPACE
80;90;79;8599e23263c63b46;"How about ""blanket gun""?";"Que diriez-vous de "" canon à couverture "" ?";"Que diriez-vous de ""canon à couverture"" ?";QUOTE_TITLE_QA_V0.8.58.4.9;ASCII_QUOTE_INNER_SPACE
80;90;82;8a99e23263c63b46;"Those cranes are equipped with a more powerful variant of the containment tech -- the ""cloaking,"" as Juno mentioned.";"Ces grues sont équipées d'une variante plus puissante de la technologie de confinement - le "" camouflage "", comme l'a dit Juno.";"Ces grues sont équipées d'une variante plus puissante de la technologie de confinement - le ""camouflage"", comme l'a dit Juno.";QUOTE_TITLE_QA_V0.8.58.4.9;ASCII_QUOTE_INNER_SPACE
80;90;124;8e96e33263c63b46;"Those cranes are equipped with a more powerful variant of the containment tech -- the ""insulation cloaking,"" as Juno described it.";"Ces grues sont équipées d'une variante plus puissante de la technologie de confinement - le "" camouflage isolant "", comme l'a décrit Juno.";"Ces grues sont équipées d'une variante plus puissante de la technologie de confinement - le ""camouflage isolant"", comme l'a décrit Juno.";QUOTE_TITLE_QA_V0.8.58.4.9;ASCII_QUOTE_INNER_SPACE
80;90;151;849ae33263c63b46;"Officially known as ""insulation cloaking.""";"Officiellement appelée "" camouflage isolant "".";"Officiellement appelée ""camouflage isolant"".";QUOTE_TITLE_QA_V0.8.58.4.9;ASCII_QUOTE_INNER_SPACE
80;90;163;889be33263c63b46;"Or ""insulation cloaking,"" as Juno kindly pointed out.";"Ou "" camouflage isolant "", comme Juno l'a aimablement précisé.";"Ou ""camouflage isolant"", comme Juno l'a aimablement précisé.";QUOTE_TITLE_QA_V0.8.58.4.9;ASCII_QUOTE_INNER_SPACE
80;90;196;8b9ee33263c63b46;Suspended is more accurate, but... yes, you get the idea.;""" Suspendus "" serait plus exact, mais... oui, vous avez compris l'idée.";"""Suspendus"" serait plus exact, mais... oui, vous avez compris l'idée.";QUOTE_TITLE_QA_V0.8.58.4.9;ASCII_QUOTE_INNER_SPACE
80;115;4;60aa47215906a8ba;"It's heartbreaking enough without knowing the ""how"" and ""why"" of it.";"C'est déjà assez déchirant sans connaître le "" comment "" et le "" pourquoi "".";"C'est déjà assez déchirant sans connaître le ""comment"" et le ""pourquoi"".";QUOTE_TITLE_QA_V0.8.58.4.9;ASCII_QUOTE_INNER_SPACE
80;115;30;66a610230f03fcbc;"Jack? You there? I meant ""hate"" as in not wanting to think about it.";"Jack ? Tu es là ? Quand je disais "" je déteste "", je voulais dire que je préfère ne pas y penser.";"Jack ? Tu es là ? Quand je disais ""je déteste"", je voulais dire que je préfère ne pas y penser.";QUOTE_TITLE_QA_V0.8.58.4.9;ASCII_QUOTE_INNER_SPACE
80;115;71;62ab4c740d50faea;"Your audio input on the fritz, Jack? I said, ""hate"" -- as in not wanting to think about it.";"Ton entrée audio déconne, Jack ? J'ai dit "" je déteste "" - dans le sens où je préfère ne pas y penser.";"Ton entrée audio déconne, Jack ? J'ai dit ""je déteste"" - dans le sens où je préfère ne pas y penser.";QUOTE_TITLE_QA_V0.8.58.4.9;ASCII_QUOTE_INNER_SPACE
80;115;101;66ae4d21595efced;"Heartbreaking enough without knowing the ""how"" and ""why"" of it.";"C'est déjà assez déchirant sans connaître le "" comment "" et le "" pourquoi "".";"C'est déjà assez déchirant sans connaître le ""comment"" et le ""pourquoi"".";QUOTE_TITLE_QA_V0.8.58.4.9;ASCII_QUOTE_INNER_SPACE
80;144;39;1d766507b9cba202;We're 'transfering.';"Nous sommes en train de "" transférer "".";"Nous sommes en train de ""transférer"".";QUOTE_TITLE_QA_V0.8.58.4.9;ASCII_QUOTE_INNER_SPACE
80;144;47;1b776507b9cba202;Well, we are not so much traveling as we are, what's the best way to put this... we're 'transfering.';"En fait, nous ne voyageons pas vraiment. Comment dire... nous sommes en train de "" nous transférer "".";"En fait, nous ne voyageons pas vraiment. Comment dire... nous sommes en train de ""nous transférer"".";QUOTE_TITLE_QA_V0.8.58.4.9;ASCII_QUOTE_INNER_SPACE
80;144;49;1d776507b9cba202;Jack, our constructs are being strectched... 'laterally.' Peculiar, I would have assumed backward.;"Jack, nos structures sont étirées... "" latéralement "". Étrange, j'aurais supposé que ce serait vers l'arrière.";"Jack, nos structures sont étirées... ""latéralement"". Étrange, j'aurais supposé que ce serait vers l'arrière.";QUOTE_TITLE_QA_V0.8.58.4.9;ASCII_QUOTE_INNER_SPACE
80;148;119;8ed42c61f515f3c7;Before we get into before,;"Avant de parler d'"" avant "",";"Avant de parler d'""avant"",";QUOTE_TITLE_QA_V0.8.58.4.9;ASCII_QUOTE_INNER_SPACE
80;148;173;83d22d61f515f3c7;"Did... you just call me ""Jack?""";"Vous venez... de m'appeler "" Jack "" ?";"Vous venez... de m'appeler ""Jack"" ?";QUOTE_TITLE_QA_V0.8.58.4.9;ASCII_QUOTE_INNER_SPACE
80;163;56;447f8b1853c95d88;What? Oh, great, maybe I didn't get you as 'patched up' as I thought.;"Quoi ? Oh, génial, peut-être que je ne t'ai pas aussi bien "" rafistolé "" que je le pensais.";"Quoi ? Oh, génial, peut-être que je ne t'ai pas aussi bien ""rafistolé"" que je le pensais.";QUOTE_TITLE_QA_V0.8.58.4.9;ASCII_QUOTE_INNER_SPACE
80;163;164;44708a1852cd0d8e;Oh, maybe I didn't get you as 'patched up' as I thought.;"Oh, peut-être que je ne t'ai pas aussi bien "" rafistolé "" que je le pensais.";"Oh, peut-être que je ne t'ai pas aussi bien ""rafistolé"" que je le pensais.";QUOTE_TITLE_QA_V0.8.58.4.9;ASCII_QUOTE_INNER_SPACE
80;163;276;4178df4c00cd57dd;What? Oh, great, maybe I didn't get you as 'patched up' as I thought.;"Quoi ? Oh, génial, peut-être que je ne t'ai pas aussi bien "" rafistolé "" que je le pensais.";"Quoi ? Oh, génial, peut-être que je ne t'ai pas aussi bien ""rafistolé"" que je le pensais.";QUOTE_TITLE_QA_V0.8.58.4.9;ASCII_QUOTE_INNER_SPACE
80;163;284;442dd91d549a5fdd;Oh, great, maybe I didn't get you as 'patched up' as I thought.;"Oh, génial, peut-être que je ne t'ai pas aussi bien "" rafistolé "" que je le pensais.";"Oh, génial, peut-être que je ne t'ai pas aussi bien ""rafistolé"" que je le pensais.";QUOTE_TITLE_QA_V0.8.58.4.9;ASCII_QUOTE_INNER_SPACE
80;163;308;4c7c891809ca5fde;Anyway, what I'm more worried about now is the 'when'.;"Quoi qu'il en soit, ce qui m'inquiète davantage maintenant, c'est le "" quand "".";"Quoi qu'il en soit, ce qui m'inquiète davantage maintenant, c'est le ""quand"".";QUOTE_TITLE_QA_V0.8.58.4.9;ASCII_QUOTE_INNER_SPACE
80;163;312;402d8d4906c809df;Technically we no longer have 'day jobs'.;"Techniquement, nous n'avons plus de "" boulot "".";"Techniquement, nous n'avons plus de ""boulot"".";QUOTE_TITLE_QA_V0.8.58.4.9;ASCII_QUOTE_INNER_SPACE
80;163;324;427e8c1c57cd0edf;Let's just call it 'proud mentor'.;"Appelons ça simplement "" mentor fier "".";"Appelons ça simplement ""mentor fier"".";QUOTE_TITLE_QA_V0.8.58.4.9;ASCII_QUOTE_INNER_SPACE
80;163;325;112dde4102cc56df;Let's just call it 'proud mentor'.;"Appelons ça simplement "" mentor fier "".";"Appelons ça simplement ""mentor fier"".";QUOTE_TITLE_QA_V0.8.58.4.9;ASCII_QUOTE_INNER_SPACE
80;163;524;560b435b1dc90255;"A ""hybernation pod"" -- a small bed enclosed in a hyperbaric chamber -- sits deactivated in the unoccupied room.";"Une "" capsule d'hibernation "" - un petit lit enfermé dans une chambre hyperbare - est désactivée dans la pièce inoccupée.";"Une ""capsule d'hibernation"" - un petit lit enfermé dans une chambre hyperbare - est désactivée dans la pièce inoccupée.";QUOTE_TITLE_QA_V0.8.58.4.9;ASCII_QUOTE_INNER_SPACE
80;163;538;5609455b1dc90255;Let's just say I happened to be the one who found out, 'how far was too far'. I was then shipped back to New Delphi with a fractured ankle.;"Disons simplement que c'est moi qui ai découvert "" jusqu'où c'était trop loin "". Ensuite, on m'a renvoyée à New Delphi avec une cheville fracturée.";"Disons simplement que c'est moi qui ai découvert ""jusqu'où c'était trop loin"". Ensuite, on m'a renvoyée à New Delphi avec une cheville fracturée.";QUOTE_TITLE_QA_V0.8.58.4.9;ASCII_QUOTE_INNER_SPACE
80;163;543;5b09455b1dc90255;"At least until we all started playing the game, ""How far can you go"".";"Du moins jusqu'à ce qu'on commence tous à jouer à "" Jusqu'où peux-tu aller ? "".";"Du moins jusqu'à ce qu'on commence tous à jouer à ""Jusqu'où peux-tu aller ?"".";QUOTE_TITLE_QA_V0.8.58.4.9;ASCII_QUOTE_INNER_SPACE
80;163;588;5f03465b1dc90255;Yeah, okay big was an understatement, huge.;"Oui, d'accord, "" grande "" était un euphémisme. Immense.";"Oui, d'accord, ""grande"" était un euphémisme. Immense.";QUOTE_TITLE_QA_V0.8.58.4.9;ASCII_QUOTE_INNER_SPACE
80;163;673;5c02475b1dc90255;"Certainly better than ""P-0-9, dash C-R-N don't you think, ""Echo One?""";"C'est quand même mieux que "" P-0-9, tiret C-R-N "", tu ne trouves pas, "" Echo One "" ?";"C'est quand même mieux que ""P-0-9, tiret C-R-N"", tu ne trouves pas, ""Echo One"" ?";QUOTE_TITLE_QA_V0.8.58.4.9;ASCII_QUOTE_INNER_SPACE
80;163;695;5e09475b1dc90255;"Wait, you found ""Popcorn?""";"Attends, tu as trouvé "" Popcorn "" ?";"Attends, tu as trouvé ""Popcorn"" ?";QUOTE_TITLE_QA_V0.8.58.4.9;ASCII_QUOTE_INNER_SPACE
80;163;702;5b0a475b1dc90255;"""Popcorn?""";""" Popcorn "" ?";"""Popcorn"" ?";QUOTE_TITLE_QA_V0.8.58.4.9;ASCII_QUOTE_INNER_SPACE
90;100;31;2c6d09dabe915003;How do you mean, 'Evolved?';"Comment ça, "" évoluée "" ?";"Comment ça, ""évoluée"" ?";QUOTE_TITLE_QA_V0.8.58.4.9;ASCII_QUOTE_INNER_SPACE
90;201;236;c5155bb3dc1b1e07;Engage the FTL when I say now.;"Engagez le FTL quand je dis "" maintenant "".";"Engagez le FTL quand je dis ""maintenant"".";QUOTE_TITLE_QA_V0.8.58.4.9;ASCII_QUOTE_INNER_SPACE
90;201;238;c7155bb3dc1b1e07;That was me saying it. Engage!;"C'était moi qui disais "" maintenant "". Engagez-le !";"C'était moi qui disais ""maintenant"". Engagez-le !";QUOTE_TITLE_QA_V0.8.58.4.9;ASCII_QUOTE_INNER_SPACE
95;36;31;50078ee75ed2fe11;Warning to any <receiving:> hostile <equipment in> the area, designated 'Bio-Torpedoes.' Devices <will> seek vessels, proximity detonation is <triggerable even> by personnel. Recommend vessels maintain <minimum> safe distance of 100 kilo<meters>, personnel <should> evac immediately.;"Avertissement à tout <récepteur :> présence d'<équipements hostiles> dans la zone, désignés "" torpilles biologiques "". Ces dispositifs <ciblent> les vaisseaux ; leur détonation de proximité peut <même être déclenchée> par du personnel. Recommandons aux vaisseaux de maintenir une distance <minimale> de sécurité de 100 kilo<mètres> et au personnel <d'évacuer> immédiatement.";"Avertissement à tout <récepteur :> présence d'<équipements hostiles> dans la zone, désignés ""torpilles biologiques"". Ces dispositifs <ciblent> les vaisseaux ; leur détonation de proximité peut <même être déclenchée> par du personnel. Recommandons aux vaisseaux de maintenir une distance <minimale> de sécurité de 100 kilo<mètres> et au personnel <d'évacuer> immédiatement.";QUOTE_TITLE_QA_V0.8.58.4.9;ASCII_QUOTE_INNER_SPACE
95;36;62;020fdae20ad1fd1f;"""Killed in action."" In this context I believe it refers to Delta Actual and Delta Nine being unable to reboot and no longer functional.";""" Killed in action "", tués au combat. Dans ce contexte, je pense que cela signifie que Delta Actual et Delta Nine sont incapables de redémarrer et ne sont plus fonctionnels.";"""Killed in action"", tués au combat. Dans ce contexte, je pense que cela signifie que Delta Actual et Delta Nine sont incapables de redémarrer et ne sont plus fonctionnels.";QUOTE_TITLE_QA_V0.8.58.4.9;ASCII_QUOTE_INNER_SPACE
95;58;125;a59b5c7faf44025d;"I'm guessing it'll sound something like, ""Jack activate the emitters"".";"J'imagine que ce sera quelque chose comme : "" Jack, activez les émetteurs. """;"J'imagine que ce sera quelque chose comme : ""Jack, activez les émetteurs.""";QUOTE_TITLE_QA_V0.8.58.4.9;ASCII_QUOTE_INNER_SPACE
95;58;188;a09a5d7faf44025d;"I suppose, if you consider four decades as being ""fast.""";"J'imagine, si vous considérez que quatre décennies, c'est "" rapide "".";"J'imagine, si vous considérez que quatre décennies, c'est ""rapide"".";QUOTE_TITLE_QA_V0.8.58.4.9;ASCII_QUOTE_INNER_SPACE
95;129;37;406021ff210af82b;Let me preform an 'in situ' calibration.;"Laissez-moi effectuer un étalonnage "" in situ "".";"Laissez-moi effectuer un étalonnage ""in situ"".";QUOTE_TITLE_QA_V0.8.58.4.9;ASCII_QUOTE_INNER_SPACE
104;195;247;b5540b44dae7d1f1;It might be a good opportunity to try out my new Mage Hand upgrade.;"C'est peut-être l'occasion de tester ma nouvelle amélioration "" Main du mage "".";"C'est peut-être l'occasion de tester ma nouvelle amélioration ""Main du mage"".";QUOTE_TITLE_QA_V0.8.58.4.9;ASCII_QUOTE_INNER_SPACE
113;45;434;4354cc97ee89a703;Wow, that's a serious jump... What did she mean it was going to save lives?;"Waouh, c'est un sacré bond... Qu'est-ce qu'elle voulait dire par "" sauver des vies "" ?";"Waouh, c'est un sacré bond... Qu'est-ce qu'elle voulait dire par ""sauver des vies"" ?";QUOTE_TITLE_QA_V0.8.58.4.9;ASCII_QUOTE_INNER_SPACE
113;45;453;1455cbc9ba8cfe06;"How much is ""a bit more?""";"Ça représente combien, "" un peu plus "" ?";"Ça représente combien, ""un peu plus"" ?";QUOTE_TITLE_QA_V0.8.58.4.9;ASCII_QUOTE_INNER_SPACE
113;45;528;4401c19ebcdcf65d;"Suppose if I'm ever not sure, ""because Bio Mass"" is probably the answer.";"J'imagine que chaque fois que j'hésite, "" à cause de la biomasse "" est probablement la bonne réponse.";"J'imagine que chaque fois que j'hésite, ""à cause de la biomasse"" est probablement la bonne réponse.";QUOTE_TITLE_QA_V0.8.58.4.9;ASCII_QUOTE_INNER_SPACE
113;107;68;4e8483182c4d21bb;Mechanical failure being an oxymoron, no doubt.;"Les mots "" panne mécanique "" étant sans doute un oxymore.";"Les mots ""panne mécanique"" étant sans doute un oxymore.";QUOTE_TITLE_QA_V0.8.58.4.9;ASCII_QUOTE_INNER_SPACE
113;107;91;418983182c4d21bb;"""Probably""?";""" Probablement "" ?";"""Probablement"" ?";QUOTE_TITLE_QA_V0.8.58.4.9;ASCII_QUOTE_INNER_SPACE
113;107;137;478d83182c4d21bb;"Did you say ""*one* of the nodules""?";"Vous avez dit "" *l'un* des nodules "" ?";"Vous avez dit ""*l'un* des nodules"" ?";QUOTE_TITLE_QA_V0.8.58.4.9;ASCII_QUOTE_INNER_SPACE
113;119;83;fb18bab37e748510;"I suppose ""Hello, Captain Rhodes"" should be sufficient.";"J'imagine que "" Bonjour, Capitaine Rhodes "" devrait suffire.";"J'imagine que ""Bonjour, Capitaine Rhodes"" devrait suffire.";QUOTE_TITLE_QA_V0.8.58.4.9;ASCII_QUOTE_INNER_SPACE
113;119;113;ac4ab8b37b738014;"I suppose ""Hello, Captain Rhodes"" should be sufficient.";"J'imagine que "" Bonjour, Capitaine Rhodes "" devrait suffire.";"J'imagine que ""Bonjour, Capitaine Rhodes"" devrait suffire.";QUOTE_TITLE_QA_V0.8.58.4.9;ASCII_QUOTE_INNER_SPACE
113;119;115;f818beba7926d314;'Was' being the operant term.;""" Était "" étant le mot important.";"""Était"" étant le mot important.";QUOTE_TITLE_QA_V0.8.58.4.9;ASCII_QUOTE_INNER_SPACE
113;119;131;ab4abfb52c20dc15;Have it say 'Morning, sunshine.';"Faites-lui dire : "" Bonjour, mon rayon de soleil. """;"Faites-lui dire : ""Bonjour, mon rayon de soleil.""";QUOTE_TITLE_QA_V0.8.58.4.9;ASCII_QUOTE_INNER_SPACE
113;119;138;ac4dbab67470d416;Have it say 'Captain Jack, reporting for duty.';"Faites-lui dire : "" Capitaine Jack, au rapport. """;"Faites-lui dire : ""Capitaine Jack, au rapport.""";QUOTE_TITLE_QA_V0.8.58.4.9;ASCII_QUOTE_INNER_SPACE
113;119;139;f943ecb72c278217;"I suppose ""Hello, Captain Rhodes"" should be sufficient.";"J'imagine que "" Bonjour, Capitaine Rhodes "" devrait suffire.";"J'imagine que ""Bonjour, Capitaine Rhodes"" devrait suffire.";QUOTE_TITLE_QA_V0.8.58.4.9;ASCII_QUOTE_INNER_SPACE
113;119;140;f149ecb77d728217;Have it say 'Morning, sunshine.';"Faites-lui dire : "" Bonjour, mon rayon de soleil. """;"Faites-lui dire : ""Bonjour, mon rayon de soleil.""";QUOTE_TITLE_QA_V0.8.58.4.9;ASCII_QUOTE_INNER_SPACE
113;119;172;f143efb72f738541;Have it say 'Captain Jack, reporting for duty.';"Faites-lui dire : "" Capitaine Jack, au rapport. """;"Faites-lui dire : ""Capitaine Jack, au rapport.""";QUOTE_TITLE_QA_V0.8.58.4.9;ASCII_QUOTE_INNER_SPACE
113;119;176;ae1fbce37e27d541;Have it say 'Morning, sunshine.';"Faites-lui dire : "" Bonjour, mon rayon de soleil. """;"Faites-lui dire : ""Bonjour, mon rayon de soleil.""";QUOTE_TITLE_QA_V0.8.58.4.9;ASCII_QUOTE_INNER_SPACE
113;119;179;fe49efe02f2ed043;Have it say 'Morning, sunshine.';"Faites-lui dire : "" Bonjour, mon rayon de soleil. """;"Faites-lui dire : ""Bonjour, mon rayon de soleil.""";QUOTE_TITLE_QA_V0.8.58.4.9;ASCII_QUOTE_INNER_SPACE
113;119;194;ff43bce32e27d444;I've already seen this piece of the Kronos II wreckage near Chiron Station--assuming the continuity remains unaltered, it will reach 'the future' intact.;"J'ai déjà vu ce morceau de l'épave du Kronos II près de la station Chiron. Si la continuité reste inchangée, il atteindra "" le futur "" intact.";"J'ai déjà vu ce morceau de l'épave du Kronos II près de la station Chiron. Si la continuité reste inchangée, il atteindra ""le futur"" intact.";QUOTE_TITLE_QA_V0.8.58.4.9;ASCII_QUOTE_INNER_SPACE
113;119;195;f81fbdb37b2ed644;Have it say 'Captain Jack, reporting for duty.';"Faites-lui dire : "" Capitaine Jack, au rapport. """;"Faites-lui dire : ""Capitaine Jack, au rapport.""";QUOTE_TITLE_QA_V0.8.58.4.9;ASCII_QUOTE_INNER_SPACE
113;119;199;f14cbeb72926dd44;Have it say 'Captain Jack, reporting for duty.';"Faites-lui dire : "" Capitaine Jack, au rapport. """;"Faites-lui dire : ""Capitaine Jack, au rapport.""";QUOTE_TITLE_QA_V0.8.58.4.9;ASCII_QUOTE_INNER_SPACE
113;119;200;f94cefba28268146;"I suppose ""Hello, Captain Rhodes"" should be sufficient.";"J'imagine que "" Bonjour, Capitaine Rhodes "" devrait suffire.";"J'imagine que ""Bonjour, Capitaine Rhodes"" devrait suffire.";QUOTE_TITLE_QA_V0.8.58.4.9;ASCII_QUOTE_INNER_SPACE
113;157;16;efb003c2d02dc332;I should have warned you that not voting defaults to 'yes.';"J'aurais dû vous prévenir : ne pas voter équivaut par défaut à voter "" oui "".";"J'aurais dû vous prévenir : ne pas voter équivaut par défaut à voter ""oui"".";QUOTE_TITLE_QA_V0.8.58.4.9;ASCII_QUOTE_INNER_SPACE
113;157;19;bae7559e8678c532;It needed an official designation to receive the promotion... so, I chose 'Pistachio,' for obvious reasons.;"Il lui fallait une désignation officielle pour recevoir sa promotion... alors j'ai choisi "" Pistachio "", pour des raisons évidentes.";"Il lui fallait une désignation officielle pour recevoir sa promotion... alors j'ai choisi ""Pistachio"", pour des raisons évidentes.";QUOTE_TITLE_QA_V0.8.58.4.9;ASCII_QUOTE_INNER_SPACE
113;157;23;b4e30596857a9333;The name 'Pistachio,' was chosen for obvious reasons.;"Le nom "" Pistachio "" a été choisi pour des raisons évidentes.";"Le nom ""Pistachio"" a été choisi pour des raisons évidentes.";QUOTE_TITLE_QA_V0.8.58.4.9;ASCII_QUOTE_INNER_SPACE
113;157;35;bfb6599fdc2bc238;Why 'Pistachio?';"Pourquoi "" Pistachio "" ?";"Pourquoi ""Pistachio"" ?";QUOTE_TITLE_QA_V0.8.58.4.9;ASCII_QUOTE_INNER_SPACE
113;157;37;bde40491812cc538;Given the degradation in my operational capacity--specifically my reboot protocols--I believe a further encounter with the 'Bio Torpedoes' would simply result in my permanent destruction.;"Compte tenu de la dégradation de mes capacités opérationnelles - notamment de mes protocoles de redémarrage - je pense qu'une nouvelle rencontre avec les "" torpilles biologiques "" entraînerait simplement ma destruction définitive.";"Compte tenu de la dégradation de mes capacités opérationnelles - notamment de mes protocoles de redémarrage - je pense qu'une nouvelle rencontre avec les ""torpilles biologiques"" entraînerait simplement ma destruction définitive.";QUOTE_TITLE_QA_V0.8.58.4.9;ASCII_QUOTE_INNER_SPACE
113;157;38;eeb25996d22bc738;Now that you and Recon-Sat 3 are here, I can finally inact the 'Squad Reset' protocol.;"Maintenant que le satellite de reconnaissance 3 et vous êtes ici, je peux enfin appliquer le "" protocole de réinitialisation d'escouade "".";"Maintenant que le satellite de reconnaissance 3 et vous êtes ici, je peux enfin appliquer le ""protocole de réinitialisation d'escouade"".";QUOTE_TITLE_QA_V0.8.58.4.9;ASCII_QUOTE_INNER_SPACE
113;157;45;bcb75590d57bc239;Agreed. A further encounter with the 'Bio Torpedoes' would likely result in operational failure on my part.;"D'accord. Une nouvelle rencontre avec les "" torpilles biologiques "" provoquerait probablement ma mise hors service.";"D'accord. Une nouvelle rencontre avec les ""torpilles biologiques"" provoquerait probablement ma mise hors service.";QUOTE_TITLE_QA_V0.8.58.4.9;ASCII_QUOTE_INNER_SPACE
113;157;46;e9e05495dc2bc639;And, by Delta Squad, I mean...;"Et par "" escouade Delta "", je veux dire...";"Et par ""escouade Delta"", je veux dire...";QUOTE_TITLE_QA_V0.8.58.4.9;ASCII_QUOTE_INNER_SPACE
113;157;49;efe40592dd76c839;How about... the 'Delta Duo.';"Et si on s'appelait... le "" Duo Delta "" ?";"Et si on s'appelait... le ""Duo Delta"" ?";QUOTE_TITLE_QA_V0.8.58.4.9;ASCII_QUOTE_INNER_SPACE
113;157;58;bdb5519fd67e943a;Given the degradation in my operational capacity--specifically my reboot protocols--I believe a further encounter with the 'Bio Torpedoes' would simply result in my permanent destruction.;"Compte tenu de la dégradation de mes capacités opérationnelles - notamment de mes protocoles de redémarrage - je pense qu'une nouvelle rencontre avec les "" torpilles biologiques "" entraînerait simplement ma destruction définitive.";"Compte tenu de la dégradation de mes capacités opérationnelles - notamment de mes protocoles de redémarrage - je pense qu'une nouvelle rencontre avec les ""torpilles biologiques"" entraînerait simplement ma destruction définitive.";QUOTE_TITLE_QA_V0.8.58.4.9;ASCII_QUOTE_INNER_SPACE
113;157;65;b9b00496d776c93a;'The Two Deltas';""" Les Deux Deltas """;"""Les Deux Deltas""";QUOTE_TITLE_QA_V0.8.58.4.9;ASCII_QUOTE_INNER_SPACE
113;157;79;b8b75896d32dc93b;Don't you mean you and 'Pistachio?';"Vous ne voulez pas dire vous et "" Pistachio "" ?";"Vous ne voulez pas dire vous et ""Pistachio"" ?";QUOTE_TITLE_QA_V0.8.58.4.9;ASCII_QUOTE_INNER_SPACE
113;157;86;bce5599fd029c83c;'The Two Deltas';""" Les Deux Deltas """;"""Les Deux Deltas""";QUOTE_TITLE_QA_V0.8.58.4.9;ASCII_QUOTE_INNER_SPACE
113;157;99;bae25492857ac43d;With all other Delta units M.I.A., I was forced to initiate our 'Squad Reset Protocol' ...and assigned myself Captain.;"Toutes les autres unités Delta étant MIA, j'ai été forcée d'activer notre "" protocole de réinitialisation d'escouade ""... et je me suis attribué le grade de Capitaine.";"Toutes les autres unités Delta étant MIA, j'ai été forcée d'activer notre ""protocole de réinitialisation d'escouade""... et je me suis attribué le grade de Capitaine.";QUOTE_TITLE_QA_V0.8.58.4.9;ASCII_QUOTE_INNER_SPACE
113;157;101;eeb158938177c63d;'Taken command?';""" Pris le commandement "" ?";"""Pris le commandement"" ?";QUOTE_TITLE_QA_V0.8.58.4.9;ASCII_QUOTE_INNER_SPACE
113;157;106;eae75592d72cc33e;'Squad Reset' protocol?;"Le protocole de "" réinitialisation d'escouade "" ?";"Le protocole de ""réinitialisation d'escouade"" ?";QUOTE_TITLE_QA_V0.8.58.4.9;ASCII_QUOTE_INNER_SPACE
113;157;136;bde55891862ec269;'Two Deltas';""" Deux Deltas """;"""Deux Deltas""";QUOTE_TITLE_QA_V0.8.58.4.9;ASCII_QUOTE_INNER_SPACE
113;157;138;efe151c3822bc469;Why 'Pistachio?';"Pourquoi "" Pistachio "" ?";"Pourquoi ""Pistachio"" ?";QUOTE_TITLE_QA_V0.8.58.4.9;ASCII_QUOTE_INNER_SPACE
113;157;141;eeb15596dc77c769;I promoted my Recon-Sat to Chief Reconnaissance Officer... and gave him the designation 'Pistachio,' ...for obvious reasons.;"J'ai promu mon satellite de reconnaissance au poste d'officier en chef de la reconnaissance... et je lui ai attribué la désignation "" Pistachio ""... pour des raisons évidentes.";"J'ai promu mon satellite de reconnaissance au poste d'officier en chef de la reconnaissance... et je lui ai attribué la désignation ""Pistachio""... pour des raisons évidentes.";QUOTE_TITLE_QA_V0.8.58.4.9;ASCII_QUOTE_INNER_SPACE
113;157;157;bde10690d379906c;'Delta Duo';""" Duo Delta """;"""Duo Delta""";QUOTE_TITLE_QA_V0.8.58.4.9;ASCII_QUOTE_INNER_SPACE
113;157;169;bee006c2862cc06e;Correct, but I'm not sure if 'Squad' is still the best term for us, anymore.;"Exact, mais je ne suis plus certaine que le terme "" escouade "" soit vraiment approprié pour nous.";"Exact, mais je ne suis plus certaine que le terme ""escouade"" soit vraiment approprié pour nous.";QUOTE_TITLE_QA_V0.8.58.4.9;ASCII_QUOTE_INNER_SPACE
113;157;189;b4b00297d72cc96f;Why 'Pistachio?';"Pourquoi "" Pistachio "" ?";"Pourquoi ""Pistachio"" ?";QUOTE_TITLE_QA_V0.8.58.4.9;ASCII_QUOTE_INNER_SPACE
113;157;190;eae20692d477c96f;'Delta Duo';""" Duo Delta """;"""Duo Delta""";QUOTE_TITLE_QA_V0.8.58.4.9;ASCII_QUOTE_INNER_SPACE
120;66;22;2d73dcb5d3f166d8;"Now. We've been calling them ""webs.""";"Maintenant. Nous les appelons des "" toiles "".";"Maintenant. Nous les appelons des ""toiles"".";QUOTE_TITLE_QA_V0.8.58.4.9;ASCII_QUOTE_INNER_SPACE
120;66;130;2d76ddb5d3f166d8;"We've been calling them ""webs.""";"Nous les appelons des "" toiles "".";"Nous les appelons des ""toiles"".";QUOTE_TITLE_QA_V0.8.58.4.9;ASCII_QUOTE_INNER_SPACE
120;66;146;227bddb5d3f166d8;"I believe it's the ""no entry, no exit"" part of the lock-down protocol.";"Je crois que c'est la partie "" aucune entrée, aucune sortie "" du protocole de confinement.";"Je crois que c'est la partie ""aucune entrée, aucune sortie"" du protocole de confinement.";QUOTE_TITLE_QA_V0.8.58.4.9;ASCII_QUOTE_INNER_SPACE
122;116;153;5c637d6dffbec448;Very well. 'Cure Bomb.';"Très bien. "" Bombe curative. """;"Très bien. ""Bombe curative.""";QUOTE_TITLE_QA_V0.8.58.4.9;ASCII_QUOTE_INNER_SPACE
122;116;164;5a657d6dffbec448;Very well. 'Cure Bomb.';"Très bien. "" Bombe curative. """;"Très bien. ""Bombe curative.""";QUOTE_TITLE_QA_V0.8.58.4.9;ASCII_QUOTE_INNER_SPACE
123;70;40;8685fca868e59fe2;"As I recall, your exact words were, ""We have visitors?! What the fu-""";"Si je me souviens bien, vos mots exacts étaient : "" On a des visiteurs ?! Mais qu'est-ce que... """;"Si je me souviens bien, vos mots exacts étaient : ""On a des visiteurs ?! Mais qu'est-ce que...""";QUOTE_TITLE_QA_V0.8.58.4.9;ASCII_QUOTE_INNER_SPACE
127;123;163;7b3e26af2150a184;"What happened to ""minimum safe distance?""";"Et la "" distance minimale de sécurité "" ?";"Et la ""distance minimale de sécurité"" ?";QUOTE_TITLE_QA_V0.8.58.4.9;ASCII_QUOTE_INNER_SPACE
127;123;240;2b6420ff725ca286;"What about getting to ""minimum safe distance?""";"Et la "" distance minimale de sécurité "" ?";"Et la ""distance minimale de sécurité"" ?";QUOTE_TITLE_QA_V0.8.58.4.9;ASCII_QUOTE_INNER_SPACE
130;71;51;c82844f2105b5209;"Short-range Reactive Cutter intended for emergency rescue. Proprietary ""Triad"" Arc Assembly restricts cutter's efficacy on unauthorized surfaces, greatly reducing risk of accidental damage or injury.
-----------------------------------
Access via Integrated Tool Selector on wrist.";"Découpeur réactif à courte portée destiné aux secours d'urgence. L'ensemble d'arc propriétaire "" Triad "" limite son efficacité sur les surfaces non autorisées, réduisant fortement le risque de dégâts ou blessures accidentels.
-----------------------------------
Accessible via le sélecteur d'outils intégré au poignet.";"Découpeur réactif à courte portée destiné aux secours d'urgence. L'ensemble d'arc propriétaire ""Triad"" limite son efficacité sur les surfaces non autorisées, réduisant fortement le risque de dégâts ou blessures accidentels.
-----------------------------------
Accessible via le sélecteur d'outils intégré au poignet.";QUOTE_TITLE_QA_V0.8.58.4.9;ASCII_QUOTE_INNER_SPACE
130;71;52;c92844f2105b5209;"Prototype personal field model. Generates an EM insulating 'cloak' around a designated target. Be advised, field integrity is dependant on proximity to target.
-----------------------------------
Access via Integrated Tool Selector on wrist.";"Prototype de champ personnel. Génère un "" camouflage "" isolant électromagnétique autour d'une cible désignée. Attention : l'intégrité du champ dépend de la proximité avec la cible.
-----------------------------------
Accessible via le sélecteur d'outils intégré au poignet.";"Prototype de champ personnel. Génère un ""camouflage"" isolant électromagnétique autour d'une cible désignée. Attention : l'intégrité du champ dépend de la proximité avec la cible.
-----------------------------------
Accessible via le sélecteur d'outils intégré au poignet.";QUOTE_TITLE_QA_V0.8.58.4.9;ASCII_QUOTE_INNER_SPACE
130;131;54;870244f0bd87e022;Something my dad used to say after a bleak day down at the creek. Crick, he called it.;"Une expression que mon père employait après une mauvaise journée au bord du ruisseau. Il disait "" crick "".";"Une expression que mon père employait après une mauvaise journée au bord du ruisseau. Il disait ""crick"".";QUOTE_TITLE_QA_V0.8.58.4.9;ASCII_QUOTE_INNER_SPACE
130;131;168;85554ea3bdd5ed25;"The specimens -- or ""ticks"" as we're now apparently calling them, much to the big man's chagrin -- remain dormant and exhibit no sign of life whatsoever.";"Les spécimens - ou "" Ticks "", comme nous les appelons apparemment maintenant, au grand dam du grand patron - restent dormants et ne présentent absolument aucun signe de vie.";"Les spécimens - ou ""Ticks"", comme nous les appelons apparemment maintenant, au grand dam du grand patron - restent dormants et ne présentent absolument aucun signe de vie.";QUOTE_TITLE_QA_V0.8.58.4.9;ASCII_QUOTE_INNER_SPACE
130;131;203;d30541f4e8d3ed26;"Emergency protocol message telling the person how to do the firebreak (""Emergency Disconnect"") at this specific location.";"Message de protocole d'urgence indiquant comment effectuer le coupe-feu ("" Déconnexion d'urgence "") à cet endroit précis.";"Message de protocole d'urgence indiquant comment effectuer le coupe-feu (""Déconnexion d'urgence"") à cet endroit précis.";QUOTE_TITLE_QA_V0.8.58.4.9;ASCII_QUOTE_INNER_SPACE
130;131;349;d40142f6b884b774;"The Type-D Bio Mass organisms -- or ""ticks"" as we're now apparently calling them, much to the big man's chagrin -- remain dormant and exhibit no sign of life whatsoever.";"Les organismes de biomasse de type D - ou "" Ticks "", comme nous les appelons apparemment maintenant, au grand dam du grand patron - restent dormants et ne présentent absolument aucun signe de vie.";"Les organismes de biomasse de type D - ou ""Ticks"", comme nous les appelons apparemment maintenant, au grand dam du grand patron - restent dormants et ne présentent absolument aucun signe de vie.";QUOTE_TITLE_QA_V0.8.58.4.9;ASCII_QUOTE_INNER_SPACE
130;131;382;850041a6efd4b275;"And this adjutant concluded that that disappearance corresponded with the activating of the ""auxiliary drive bay,"" thereby sending half the vessel back to its original time-spatial coordinates...";"Et cet adjudant a conclu que cette disparition correspondait à l'activation de la "" baie auxiliaire du propulseur "", renvoyant ainsi la moitié du vaisseau à ses coordonnées spatio-temporelles d'origine...";"Et cet adjudant a conclu que cette disparition correspondait à l'activation de la ""baie auxiliaire du propulseur"", renvoyant ainsi la moitié du vaisseau à ses coordonnées spatio-temporelles d'origine...";QUOTE_TITLE_QA_V0.8.58.4.9;ASCII_QUOTE_INNER_SPACE
130;131;392;860614f7bc84e175;"You said to me, ""This is not to be inferred as romantic interest of any kind...""";"Vous m'avez dit : "" Cela ne doit en aucun cas être interprété comme un intérêt romantique... """;"Vous m'avez dit : ""Cela ne doit en aucun cas être interprété comme un intérêt romantique...""";QUOTE_TITLE_QA_V0.8.58.4.9;ASCII_QUOTE_INNER_SPACE
130;131;467;810114acead5b578;"The specimens -- or ""Ticks"" as we're now apparently calling them, much to the big man's chagrin -- remain dormant and exhibit no sign of life whatsoever. For a moment, we were even hopeful that it was dead. But the effect is still temporary, although longer than it was last week. In theory, if we can keep the emitter powered and local, it could continue keeping any Ticks in the area neutralized indefinitely. The question then becomes one of mere logistics.";"Les spécimens - ou "" Ticks "", comme nous les appelons apparemment maintenant, au grand dam du grand patron - restent dormants et ne présentent aucun signe de vie. Pendant un instant, nous avons même espéré qu'ils étaient morts. Mais l'effet reste temporaire, même s'il dure plus longtemps que la semaine dernière. En théorie, si nous pouvons maintenir l'émetteur alimenté et sur place, il pourrait neutraliser indéfiniment tous les Ticks de la zone. La question ne serait alors plus que logistique.";"Les spécimens - ou ""Ticks"", comme nous les appelons apparemment maintenant, au grand dam du grand patron - restent dormants et ne présentent aucun signe de vie. Pendant un instant, nous avons même espéré qu'ils étaient morts. Mais l'effet reste temporaire, même s'il dure plus longtemps que la semaine dernière. En théorie, si nous pouvons maintenir l'émetteur alimenté et sur place, il pourrait neutraliser indéfiniment tous les Ticks de la zone. La question ne serait alors plus que logistique.";QUOTE_TITLE_QA_V0.8.58.4.9;ASCII_QUOTE_INNER_SPACE
130;131;471;825515a1ed83b678;"""...but can I share your tablet?""";""" ... mais je peux utiliser ta tablette avec toi ? """;"""... mais je peux utiliser ta tablette avec toi ?""";QUOTE_TITLE_QA_V0.8.58.4.9;ASCII_QUOTE_INNER_SPACE
130;131;494;850046a3ead0b079;"The specimens -- or ""ticks"" as we're now apparently calling them, much to the big man's chagrin -- remain dormant and exhibit no sign of life whatsoever.";"Les spécimens - ou "" Ticks "", comme nous les appelons apparemment maintenant, au grand dam du grand patron - restent dormants et ne présentent absolument aucun signe de vie.";"Les spécimens - ou ""Ticks"", comme nous les appelons apparemment maintenant, au grand dam du grand patron - restent dormants et ne présentent absolument aucun signe de vie.";QUOTE_TITLE_QA_V0.8.58.4.9;ASCII_QUOTE_INNER_SPACE
130;160;43;d408440cd8892eae;'The Polaris Initiative.';""" L'Initiative Polaris. """;"""L'Initiative Polaris.""";QUOTE_TITLE_QA_V0.8.58.4.9;ASCII_QUOTE_INNER_SPACE
130;160;45;d808440cd8892eae;"""Chiron Station. Dedicated, 10th of March, 2483...""";""" Station Chiron. Inaugurée le 10 mars 2483... """;"""Station Chiron. Inaugurée le 10 mars 2483...""";QUOTE_TITLE_QA_V0.8.58.4.9;ASCII_QUOTE_INNER_SPACE
130;160;46;d908440cd8892eae;"""Lux Hominum Vita.""";""" Lux Hominum Vita. """;"""Lux Hominum Vita.""";QUOTE_TITLE_QA_V0.8.58.4.9;ASCII_QUOTE_INNER_SPACE
130;160;64;dd0b440cd8892eae;Chiron Station. Dedicated, 10th of March, 2522...;""" Station Chiron. Inaugurée le 10 mars 2522... """;"""Station Chiron. Inaugurée le 10 mars 2522...""";QUOTE_TITLE_QA_V0.8.58.4.9;ASCII_QUOTE_INNER_SPACE
130;160;144;d50c450cd8892eae;"Around here, they were referred to as ""webs.""";"Ici, on les appelait des "" toiles "".";"Ici, on les appelait des ""toiles"".";QUOTE_TITLE_QA_V0.8.58.4.9;ASCII_QUOTE_INNER_SPACE
130;160;147;da0c450cd8892eae;"One of those ""other evolutions"" that Dr. Harlan mentioned.";"L'une de ces "" autres évolutions "" dont parlait le Dr Harlan.";"L'une de ces ""autres évolutions"" dont parlait le Dr Harlan.";QUOTE_TITLE_QA_V0.8.58.4.9;ASCII_QUOTE_INNER_SPACE
130;160;166;dd0e450cd8892eae;"The ""evolved biomass"" that Dr. Harlan mentioned.";"La "" biomasse évoluée "" dont parlait le Dr Harlan.";"La ""biomasse évoluée"" dont parlait le Dr Harlan.";QUOTE_TITLE_QA_V0.8.58.4.9;ASCII_QUOTE_INNER_SPACE
130;160;230;db0b460cd8892eae;It's in a 'to be determined' location.;"Il se trouve dans un emplacement "" à déterminer "".";"Il se trouve dans un emplacement ""à déterminer"".";QUOTE_TITLE_QA_V0.8.58.4.9;ASCII_QUOTE_INNER_SPACE
130;160;231;dc0b460cd8892eae;On the count of 'three'?;"Au compte de "" trois "" ?";"Au compte de ""trois"" ?";QUOTE_TITLE_QA_V0.8.58.4.9;ASCII_QUOTE_INNER_SPACE
130;160;291;dd0a470cd8892eae;What do you mean uh-oh?;"Comment ça, "" oh-oh "" ?";"Comment ça, ""oh-oh"" ?";QUOTE_TITLE_QA_V0.8.58.4.9;ASCII_QUOTE_INNER_SPACE
130;160;378;a79377f8626bbf08;"Yeah, ""still blue"" is a pretty good sign, right?";"Oui, "" toujours bleu "", c'est plutôt bon signe, non ?";"Oui, ""toujours bleu"", c'est plutôt bon signe, non ?";QUOTE_TITLE_QA_V0.8.58.4.9;ASCII_QUOTE_INNER_SPACE
130;160;467;f39529f96c36b90a;"Depending on what you consider a settlement, that figure ranges from 37 to 143 ""visits.""";"Selon ce que vous considérez comme une colonie, ce chiffre varie de 37 à 143 "" visites "".";"Selon ce que vous considérez comme une colonie, ce chiffre varie de 37 à 143 ""visites"".";QUOTE_TITLE_QA_V0.8.58.4.9;ASCII_QUOTE_INNER_SPACE
130;160;482;f4c278ae3068bd0a;"The ""evolved Bio Mass form"" that Dr. Harlan mentioned.";"La "" forme évoluée de biomasse "" dont parlait le Dr Harlan.";"La ""forme évoluée de biomasse"" dont parlait le Dr Harlan.";QUOTE_TITLE_QA_V0.8.58.4.9;ASCII_QUOTE_INNER_SPACE
130;160;624;f2927bac6c3be40b;"Sub-light speeds are still quite ""quick"" by most standards...";"Les vitesses subluminiques restent tout de même assez "" rapides "" selon la plupart des critères...";"Les vitesses subluminiques restent tout de même assez ""rapides"" selon la plupart des critères...";QUOTE_TITLE_QA_V0.8.58.4.9;ASCII_QUOTE_INNER_SPACE
130;160;841;f29179a83139b80d;"""Simply."" Show-off.";""" Juste. "" Frimeur.";"""Juste."" Frimeur.";QUOTE_TITLE_QA_V0.8.58.4.9;ASCII_QUOTE_INNER_SPACE
130;160;872;a7c776f9333dbf0d;"A slight deviation from the original ""experiment,"" but for the added safety... worth it.";"Une légère entorse à l'"" expérience "" originale, mais pour cette sécurité supplémentaire... ça vaut le coup.";"Une légère entorse à l'""expérience"" originale, mais pour cette sécurité supplémentaire... ça vaut le coup.";QUOTE_TITLE_QA_V0.8.58.4.9;ASCII_QUOTE_INNER_SPACE
130;160;954;f4c47ffb613eee0d;"But that ""should"" worries me. Are you sure it's safe?";"Mais ce "" devrait "" m'inquiète. Vous êtes sûre que c'est sans danger ?";"Mais ce ""devrait"" m'inquiète. Vous êtes sûre que c'est sans danger ?";QUOTE_TITLE_QA_V0.8.58.4.9;ASCII_QUOTE_INNER_SPACE
130;160;1039;a0c37baf343ae90f;"""Agreed"" is hardly the term I would use.";""" D'accord "" n'est pas vraiment le terme que j'emploierais.";"""D'accord"" n'est pas vraiment le terme que j'emploierais.";QUOTE_TITLE_QA_V0.8.58.4.9;ASCII_QUOTE_INNER_SPACE
130;160;1159;a49629fa6c3ee550;"This Series 10 shell was used by a Combat Unit, designation ""Delta Six.""";"Ce châssis de Série 10 était utilisé par une unité de combat, désignation "" Delta Six "".";"Ce châssis de Série 10 était utilisé par une unité de combat, désignation ""Delta Six"".";QUOTE_TITLE_QA_V0.8.58.4.9;ASCII_QUOTE_INNER_SPACE
130;160;1241;f7c87bfe623cb951;"""Seen worse."" That doesn't sound so bad...";""" J'ai vu pire. "" Ça n'a pas l'air si grave...";"""J'ai vu pire."" Ça n'a pas l'air si grave...";QUOTE_TITLE_QA_V0.8.58.4.9;ASCII_QUOTE_INNER_SPACE
130;160;1322;a6962df4636aea51;Please try to avoid 'active' Bio Mass that is being fed power.;"Essayez d'éviter la biomasse "" active "" qui reçoit de l'énergie.";"Essayez d'éviter la biomasse ""active"" qui reçoit de l'énergie.";QUOTE_TITLE_QA_V0.8.58.4.9;ASCII_QUOTE_INNER_SPACE
130;160;1509;a5c22cfe313bbd59;"It's alright, Juno... I understand why you did what you did. ""Doctor's orders,"" so to speak.";"Ça va, Juno... je comprends pourquoi vous avez fait ça. "" Ordre du docteur "", si on veut.";"Ça va, Juno... je comprends pourquoi vous avez fait ça. ""Ordre du docteur"", si on veut.";QUOTE_TITLE_QA_V0.8.58.4.9;ASCII_QUOTE_INNER_SPACE
130;160;1515;f2c776fa673ebe59;"Fair enough. ""Apollos"" doesn't quite roll off the tongue as well, anyway.";"D'accord. "" Les Apollo "", ça sonne moins bien de toute façon.";"D'accord. ""Les Apollo"", ça sonne moins bien de toute façon.";QUOTE_TITLE_QA_V0.8.58.4.9;ASCII_QUOTE_INNER_SPACE
130;160;1705;f2c129fb336aee5a;I'm not sure I want to see what too much duct tape looks like.;"Je ne suis pas sûre d'avoir envie de voir à quoi ressemble "" trop "" de ruban adhésif.";"Je ne suis pas sûre d'avoir envie de voir à quoi ressemble ""trop"" de ruban adhésif.";QUOTE_TITLE_QA_V0.8.58.4.9;ASCII_QUOTE_INNER_SPACE
130;160;1954;afc329f4663cef5c;"My shell won't get ""stuck"" anymore?";"Mon châssis ne restera plus "" collé "" ?";"Mon châssis ne restera plus ""collé"" ?";QUOTE_TITLE_QA_V0.8.58.4.9;ASCII_QUOTE_INNER_SPACE
130;160;2171;f5c22eff646aeb5e;"Indeed. They eventually fused onto the FTL drive and cauterized. It's one of the only ways I've seen a tick truly ""destroyed""...";"En effet. Ils ont fini par fusionner avec le propulseur FTL et se cautériser. C'est l'une des seules fois où j'ai vu un Tick véritablement "" détruit ""...";"En effet. Ils ont fini par fusionner avec le propulseur FTL et se cautériser. C'est l'une des seules fois où j'ai vu un Tick véritablement ""détruit""...";QUOTE_TITLE_QA_V0.8.58.4.9;ASCII_QUOTE_INNER_SPACE
134;40;39;ac2e05dbfa30c8d6;Captain Olivia Rhodes and you - the prototype series eleven android designated as Echo One.;La Capitaine Olivia Rhodes et vous - l'androide prototype de série onze désigné Echo Un.;La capitaine Olivia Rhodes et vous - l'androide prototype de série onze désigné Echo Un.;QUOTE_TITLE_QA_V0.8.58.4.9;RUNNING_TEXT_TITLE_LOWERCASE
134;60;62;858e3e3fa74c06af;"I may not have spoken to this Apollo yet, but his message to me is clear: ""Access denied.""";"Je n'ai peut-être encore jamais parlé à cet Apollo, mais son message est clair : "" Accès refusé "".";"Je n'ai peut-être encore jamais parlé à cet Apollo, mais son message est clair : ""Accès refusé"".";QUOTE_TITLE_QA_V0.8.58.4.9;ASCII_QUOTE_INNER_SPACE
134;60;124;2e804480e89ed572;"Lack of foresight's ""inevitable."" Well, I suppose that's one way of looking at it.";"Le manque de prévoyance est "" inévitable "". Bon, j'imagine que c'est une façon de voir les choses.";"Le manque de prévoyance est ""inévitable"". Bon, j'imagine que c'est une façon de voir les choses.";QUOTE_TITLE_QA_V0.8.58.4.9;ASCII_QUOTE_INNER_SPACE
134;60;242;2b874580e89ed572;"Dr. Harlan says, ""Yay.""";"Le Dr Harlan dit : "" Youpi. """;"Le Dr Harlan dit : ""Youpi.""";QUOTE_TITLE_QA_V0.8.58.4.9;ASCII_QUOTE_INNER_SPACE
134;60;276;2e824680e89ed572;"Dr. Harlan says, ""Glad to hear it.""";"Le Dr Harlan dit : "" Ravi de l'entendre. """;"Le Dr Harlan dit : ""Ravi de l'entendre.""";QUOTE_TITLE_QA_V0.8.58.4.9;ASCII_QUOTE_INNER_SPACE
134;67;21;1423d1391125edb7;Interesting... 'Weapons of unknown origin.';"Intéressant... "" Armes d'origine inconnue. """;"Intéressant... ""Armes d'origine inconnue.""";QUOTE_TITLE_QA_V0.8.58.4.9;ASCII_QUOTE_INNER_SPACE
134;67;81;4122d73d1222eabd;Interesting... 'weapons of unknown origin.';"Intéressant... "" armes d'origine inconnue "".";"Intéressant... ""armes d'origine inconnue"".";QUOTE_TITLE_QA_V0.8.58.4.9;ASCII_QUOTE_INNER_SPACE
134;67;107;23f8d4b1ffa052e3;Source is 2 kilometers away... Designation... 'Delta Six.';"La source se trouve à 2 kilomètres... Désignation... "" Delta Six "".";"La source se trouve à 2 kilomètres... Désignation... ""Delta Six"".";QUOTE_TITLE_QA_V0.8.58.4.9;ASCII_QUOTE_INNER_SPACE
134;67;206;20fed5b1ffa052e3;"The signal came over a channel designated for a unit named ""Delta.""";"Le signal a été transmis sur un canal réservé à une unité appelée "" Delta "".";"Le signal a été transmis sur un canal réservé à une unité appelée ""Delta"".";QUOTE_TITLE_QA_V0.8.58.4.9;ASCII_QUOTE_INNER_SPACE
134;67;243;467ed83f4677e9ea;I would no longer qualify this is as a 'ship'...;"Je qualifierais plus vraiment ça de "" vaisseau """;"Je qualifierais plus vraiment ça de ""vaisseau""";QUOTE_TITLE_QA_V0.8.58.4.9;ASCII_QUOTE_INNER_SPACE
134;67;250;4a78823b1325baeb;Regardless, we will be returned to 'the future' once said anomaly collapses...;"Quoi qu'il arrive, nous serons renvoyés dans "" le futur "" lorsque cette anomalie s'effondrera...";"Quoi qu'il arrive, nous serons renvoyés dans ""le futur"" lorsque cette anomalie s'effondrera...";QUOTE_TITLE_QA_V0.8.58.4.9;ASCII_QUOTE_INNER_SPACE
134;67;253;4578843b1473bdeb;Next is your armament. This unit is equipped with an M19C Repeater, designation 'Pulsar.' Jack... are you comfortable wielding a firearm?;"Passons à votre arme. Cette unité est équipée d'un Répéteur M19C, désignation "" Pulsar "". Jack... êtes-vous à l'aise avec une arme à feu?";"Passons à votre arme. Cette unité est équipée d'un Répéteur M19C, désignation ""Pulsar"". Jack... êtes-vous à l'aise avec une arme à feu?";QUOTE_TITLE_QA_V0.8.58.4.9;ASCII_QUOTE_INNER_SPACE
134;67;271;452ad5681627e8ec;Interesting... 'Weapons of unknown origin.';"Intéressant... "" Armes d'origine inconnue. """;"Intéressant... ""Armes d'origine inconnue.""";QUOTE_TITLE_QA_V0.8.58.4.9;ASCII_QUOTE_INNER_SPACE
134;95;59;4d55550367be3923;What's 'duct tape?';"C'est quoi, le "" ruban adhésif "" ?";"C'est quoi, le ""ruban adhésif"" ?";QUOTE_TITLE_QA_V0.8.58.4.9;ASCII_QUOTE_INNER_SPACE
134;95;89;4c5b550367be3923;"What's... ""duct tape?""";"C'est quoi... le "" ruban adhésif "" ?";"C'est quoi... le ""ruban adhésif"" ?";QUOTE_TITLE_QA_V0.8.58.4.9;ASCII_QUOTE_INNER_SPACE
134;112;54;89219d8005a49ffc;Returning to 'low power' mode now.;"Retour en mode "" basse consommation "".";"Retour en mode ""basse consommation"".";QUOTE_TITLE_QA_V0.8.58.4.9;ASCII_QUOTE_INNER_SPACE
134;130;61;e5ec95dfb4ba5e11;"Wow, that's actually quite impressive Juno, but that ""should"" worries me";"Waouh, c'est vraiment impressionnant, Juno, mais ce "" devrait "" m'inquiète.";"Waouh, c'est vraiment impressionnant, Juno, mais ce ""devrait"" m'inquiète.";QUOTE_TITLE_QA_V0.8.58.4.9;ASCII_QUOTE_INNER_SPACE
134;130;82;e4b1958eb4be0c12;"It's likely the Bio Mass isn't truly ""stored"" anymore.";"Il est probable que la biomasse ne soit plus vraiment "" stockée "".";"Il est probable que la biomasse ne soit plus vraiment ""stockée"".";QUOTE_TITLE_QA_V0.8.58.4.9;ASCII_QUOTE_INNER_SPACE
134;130;182;e2e9cd8bb0ed0a15;"But that ""should"" worries me, are you sure it's safe";"Mais ce "" devrait "" m'inquiète. Vous êtes sûre que c'est sans danger ?";"Mais ce ""devrait"" m'inquiète. Vous êtes sûre que c'est sans danger ?";QUOTE_TITLE_QA_V0.8.58.4.9;ASCII_QUOTE_INNER_SPACE
134;130;234;ebbf91dde5eb5d16;"But that ""should"" worries me. Are you sure it's safe?";"Mais ce "" devrait "" m'inquiète. Vous êtes sûre que c'est sans danger ?";"Mais ce ""devrait"" m'inquiète. Vous êtes sûre que c'est sans danger ?";QUOTE_TITLE_QA_V0.8.58.4.9;ASCII_QUOTE_INNER_SPACE
134;130;310;b7b9c58eb0bd5e1e;"Under ""miracle worker,"" Juno, it says see you. I will visit a fabricator post-haste.";"À "" faiseuse de miracles "", Juno, il y a votre photo. Je vais rejoindre un fabricateur immédiatement.";"À ""faiseuse de miracles"", Juno, il y a votre photo. Je vais rejoindre un fabricateur immédiatement.";QUOTE_TITLE_QA_V0.8.58.4.9;ASCII_QUOTE_INNER_SPACE
134;130;350;b6e992dbeaef0a40;"The key word being ""was,"" I take it?";"Le mot important étant "" était "", j'imagine ?";"Le mot important étant ""était"", j'imagine ?";QUOTE_TITLE_QA_V0.8.58.4.9;ASCII_QUOTE_INNER_SPACE
134;130;354;b3edcd8ee7eb0b40;Liv, there is no such thing as too much data.;"Liv, il n'existe pas de "" trop de données "".";"Liv, il n'existe pas de ""trop de données"".";QUOTE_TITLE_QA_V0.8.58.4.9;ASCII_QUOTE_INNER_SPACE
134;130;413;b4bdc28cb1e85942;"But that ""should"" worries me, are you sure it's safe";"Mais ce "" devrait "" m'inquiète. Vous êtes sûre que c'est sans danger ?";"Mais ce ""devrait"" m'inquiète. Vous êtes sûre que c'est sans danger ?";QUOTE_TITLE_QA_V0.8.58.4.9;ASCII_QUOTE_INNER_SPACE
134;130;455;b4bac68cb1be5843;"It's likely the Bio Mass isn't truly ""stored"" anymore.";"Il est probable que la biomasse ne soit plus vraiment "" stockée "".";"Il est probable que la biomasse ne soit plus vraiment ""stockée"".";QUOTE_TITLE_QA_V0.8.58.4.9;ASCII_QUOTE_INNER_SPACE
134;130;558;e4bdc3ddeabe0a47;Liv, there is no such thing as too much data.;"Liv, il n'existe pas de "" trop de données "".";"Liv, il n'existe pas de ""trop de données"".";QUOTE_TITLE_QA_V0.8.58.4.9;ASCII_QUOTE_INNER_SPACE
134;130;581;e4bfcc81e5ef5d47;"The key word being ""was,"" I take it?";"Le mot important étant "" était "", j'imagine ?";"Le mot important étant ""était"", j'imagine ?";QUOTE_TITLE_QA_V0.8.58.4.9;ASCII_QUOTE_INNER_SPACE
134;153;72;07d6d3703f421f20;It mentions aligning four 'Stasis Projectors' alongside the tram -- which... it seems you've already found.;"Il est question d'aligner quatre "" projecteurs de stase "" le long du tram - que... vous semblez déjà avoir trouvés.";"Il est question d'aligner quatre ""projecteurs de stase"" le long du tram - que... vous semblez déjà avoir trouvés.";QUOTE_TITLE_QA_V0.8.58.4.9;ASCII_QUOTE_INNER_SPACE
134;153;122;b18231cced6c173a;"Button press, right as I say, ""Three.""";"Appuyez sur le bouton exactement quand je dis "" trois "".";"Appuyez sur le bouton exactement quand je dis ""trois"".";QUOTE_TITLE_QA_V0.8.58.4.9;ASCII_QUOTE_INNER_SPACE
134;153;155;b08d31cced6c173a;"I'm going to take your silence as, ""I'm not ready.""";"Je vais prendre ton silence pour un "" je ne suis pas prêt "".";"Je vais prendre ton silence pour un ""je ne suis pas prêt"".";QUOTE_TITLE_QA_V0.8.58.4.9;ASCII_QUOTE_INNER_SPACE
134;153;165;b98e31cced6c173a;"""Manual sync required.""";""" Synchronisation manuelle requise. """;"""Synchronisation manuelle requise.""";QUOTE_TITLE_QA_V0.8.58.4.9;ASCII_QUOTE_INNER_SPACE
134;153;198;b18334cced6c173a;There's a button labeled manual rail transfer.;"Il y a un bouton intitulé "" transfert manuel au rail "".";"Il y a un bouton intitulé ""transfert manuel au rail"".";QUOTE_TITLE_QA_V0.8.58.4.9;ASCII_QUOTE_INNER_SPACE
134;153;229;b18c34cced6c173a;It mentions a 'release control'.;"Il est question d'une "" commande de déverrouillage "".";"Il est question d'une ""commande de déverrouillage"".";QUOTE_TITLE_QA_V0.8.58.4.9;ASCII_QUOTE_INNER_SPACE
134;153;245;b68e34cced6c173a;If I'm interpreting this correctly, before we can use the tram, we'll need to move it off the 'Maintenance rail'.;"Si j'interprète bien, avant de pouvoir utiliser le tram, nous devons le retirer du "" rail de maintenance "".";"Si j'interprète bien, avant de pouvoir utiliser le tram, nous devons le retirer du ""rail de maintenance"".";QUOTE_TITLE_QA_V0.8.58.4.9;ASCII_QUOTE_INNER_SPACE
134;153;246;b78e34cced6c173a;And we'll need to move it over to the 'Station rail'.;"Et nous devons le déplacer jusqu'au "" rail de la station "".";"Et nous devons le déplacer jusqu'au ""rail de la station"".";QUOTE_TITLE_QA_V0.8.58.4.9;ASCII_QUOTE_INNER_SPACE
134;153;259;b08835cced6c173a;"Something called ""stasis projectors"" -- whatever the hell *those* are -- must be set around the tram.";"Des trucs appelés "" projecteurs de stase "" - quoi que ce soit - doivent être installés autour du tram.";"Des trucs appelés ""projecteurs de stase"" - quoi que ce soit - doivent être installés autour du tram.";QUOTE_TITLE_QA_V0.8.58.4.9;ASCII_QUOTE_INNER_SPACE
134;153;312;b08237cced6c173a;"I definitely heard Juno say, ""Beneath.""";"J'ai clairement entendu Juno dire "" en dessous "".";"J'ai clairement entendu Juno dire ""en dessous"".";QUOTE_TITLE_QA_V0.8.58.4.9;ASCII_QUOTE_INNER_SPACE
134;153;418;b48c3acced6c173a;"I'm going to take your silence as, ""I'm doing fine"".";"Je vais prendre ton silence pour un "" tout va bien """;"Je vais prendre ton silence pour un ""tout va bien""";QUOTE_TITLE_QA_V0.8.58.4.9;ASCII_QUOTE_INNER_SPACE
134;153;430;b28e3acced6c173a;"Right. ""Section Z...'Next steps'..."" Ummm.";"Bon. "" Section Z... ""Étapes suivantes""... "" Euh...";"Bon. ""Section Z...""Étapes suivantes""..."" Euh...";QUOTE_TITLE_QA_V0.8.58.4.9;ASCII_QUOTE_INNER_SPACE
134;153;432;b48e3acced6c173a;Also some bold-face mention of a 'release control' switch.;"Il y a aussi une mention en gras d'un interrupteur de "" déverrouillage "".";"Il y a aussi une mention en gras d'un interrupteur de ""déverrouillage"".";QUOTE_TITLE_QA_V0.8.58.4.9;ASCII_QUOTE_INNER_SPACE
134;153;528;b18e3bcced6c173a;The first step mentions setting the Tram's 'Stasis Projectors' -- whatever the hell those are.;"La première étape parle de mettre en place les "" projecteurs de stase "" du tram - quoi que ce soit.";"La première étape parle de mettre en place les ""projecteurs de stase"" du tram - quoi que ce soit.";QUOTE_TITLE_QA_V0.8.58.4.9;ASCII_QUOTE_INNER_SPACE
134;167;77;e11d468e6ebf9614;"The word ""emitter"" is clearly printed on the side of the device.";"Le mot "" émetteur "" est clairement imprimé sur le côté de l'appareil.";"Le mot ""émetteur"" est clairement imprimé sur le côté de l'appareil.";QUOTE_TITLE_QA_V0.8.58.4.9;ASCII_QUOTE_INNER_SPACE
134;167;83;e115478e6ebf9614;"The word ""emitter"" is printed on the right there, clear as day. Pretty sure we're on the right track.";"Le mot "" émetteur "" est écrit juste là, noir sur blanc. Je suis presque sûre qu'on est sur la bonne voie.";"Le mot ""émetteur"" est écrit juste là, noir sur blanc. Je suis presque sûre qu'on est sur la bonne voie.";QUOTE_TITLE_QA_V0.8.58.4.9;ASCII_QUOTE_INNER_SPACE
134;167;186;9fa7adb82bdfc240;"""Popcorn?""";""" Popcorn "" ?";"""Popcorn"" ?";QUOTE_TITLE_QA_V0.8.58.4.9;ASCII_QUOTE_INNER_SPACE
134;167;189;9fa2aeb82bdfc240;"Wait, you found ""Popcorn?""";"Attends, tu as trouvé "" Popcorn "" ?";"Attends, tu as trouvé ""Popcorn"" ?";QUOTE_TITLE_QA_V0.8.58.4.9;ASCII_QUOTE_INNER_SPACE
