sourcePath;originalSize;originalSHA256;resultSize;resultSHA256;originalSections;newSectionRVA;newSectionRawOffset;newSectionVirtualSize;newSectionRawSize;translatedRows;identicalRows;xrefCount;patchOperationCount;patchDataOffset;patchDataLength
0001cf5152080030.dll;32768;e1f2ccebc1d31d54d61a5c560a3b6747885e2d4258b6b7875c96bb5242e3d297;33280;900b66d2afaff7cc2ff3b4fe1355b4346e52611cf55ec311897239bcb92b8f94;5;0xC000;32768;140;512;4;0;4;15;0;659
001562b639bcb14f.dll;34304;55d9b72b75bf99b009ccfbc81f793ddc2245f146bb17559d049b7447878cc62d;34816;015b2f5c864232f80fd62df7f9f01629b195eac19c6d2cc98bb221b2d7e986be;5;0xD000;34304;56;512;1;0;1;12;659;629
00193a4b6a3356ac.dll;30720;cc83a7fc50ec06b7fbe319d3e05cc7f30ffbe81732e8c1b09556fb324e52800a;31232;30be3a0438ff4cfda7fbd178e345dd72efa2cd1782632cdd2a7f083dca1ef886;5;0xC000;30720;169;512;1;0;1;12;1288;629
001a5dab61c02f0a.dll;30720;c64d8ae798b54072e1922ef21b1c13bfb8d1bab6177e0f2f8d205e1e94897028;31232;490f84035487387dfe507ca95b96f92e225a32bafc2788891b96d52e9593a422;5;0xC000;30720;147;512;2;0;2;13;1917;639
001d5a0ebcf05f7f.dll;34304;056dc9d28ae5616688b3ecc47bd5c4939ba735f4ea9a68409fd7ddb32473d72d;34816;a4eeca27d6ecd20c0b5580f639f9ec5813da1a12985eeced25c9dee5be0b27ac;5;0xD000;34304;63;512;2;0;2;13;2556;639
0020084a7597108d.dll;35328;fad413cb55a84fb3ca2ac0f5be426a4b0a17b47297c8bf8ce0e0ce8b05900270;35840;5e8a5ec63c0dd92e4787e8f7ae6333972beeddaea547792351370d767f295173;5;0xD000;35328;164;512;2;0;2;13;3195;639
0020084a7597108e.dll;36352;2f5a86821f4191ce8086f092abfc0791ea145a2e2001cf65a978ec6167ebbed4;36864;e47cc2375c2d3e5c853bcaa9e63e94e4cb1f2024793f683dcd75436251ae2248;5;0xD000;36352;164;512;3;0;3;14;3834;649
0020084a7597108f.dll;36352;8e1d79cd4dc56f1eeba5eae313b0556eebce6ba8c80bb9d9a4fbac78c7ee131e;36864;c66bf622b5b8bad62a4e34ad865c8a92a14088bd3a6257c0088311fb34b22551;5;0xD000;36352;160;512;3;0;3;14;4483;649
0038db6a71c71626.dll;34304;970206a2d4f9fa634fccdacd9c4e451b335d9ccbed689e952d37f5ebdd70a79f;34816;1789534afc44a138a80956617794300a445f2dc39a82c6ccc823ac9f2efea551;5;0xD000;34304;121;512;2;0;2;13;5132;639
003d866cf9239fcf.dll;37376;4c4bf482e8ceb80d80bb254c416862a47eee33212aea80d07bbfc8e86565f341;38400;f45c4537c9b9258263829c69fdba4c1ea3aa45a722a4b409269b739c701be29c;5;0xD000;37376;751;1024;8;0;8;19;5771;1212
004ffa265ee6f8f0.dll;31232;3b9498926732d4a99fd9177d5c5d023b179b962f2b50467e73aed11208d1eb0d;31744;00035e64437bac9521cae6038347184c0d31b0cec1ad7cf1008692452346c3a4;5;0xC000;31232;229;512;2;0;2;13;6983;639
0091f9a4c25f712d.dll;35328;466431964ac0c0396e06838b398647946884a978a5aeb1ef630dd6a557330e22;35840;05357b50e913432f2338cef589311e1de7ef85925a9138324d5084618ddce293;5;0xD000;35328;220;512;3;0;3;14;7622;649
00979640df3895d4.dll;37376;e2f08912bcb360015ca0025c8ffaab1cadc04a804df4ee8028ee7e23171a4ecb;37888;d3fe5fd9c1d8c157d2a8ed9474edba1e0d71684ae6898544656dc2ef95169279;5;0xD000;37376;99;512;2;0;2;13;8271;639
0097f9dee1860721.dll;35840;69cee2124a70c5d0e6a7c21f57ba3717d9a4d7c35c72147f96799e989da05814;36352;f0183558a5d0f679029aa435f2a0a09f3bd8e4bf4d4b3105c202a637ac4f372d;5;0xD000;35840;330;512;6;0;6;17;8910;680
00afbab9340f5c73.dll;35328;6fbdd3917bee33e83e0fbb9b3dc07c8f2c37ee571be0085173da07c7aff1d3dd;35840;5f88859bab2c9caa87236aaf02e9eb3a4ed2fc05337508899919acec01f98e7b;5;0xD000;35328;340;512;7;0;7;18;9590;690
00c6402e6bca16f9.dll;28672;2002bf7edbbb6312e6d27065f97879c00d872dfd5edcd0d5dd46972bf48a85a5;29184;ba855c463d2a9ab981c22fafffddc4c9138eebe1104e961ac5198172ceb17fd3;5;0xC000;28672;35;512;1;0;1;12;10280;629
00da10a017e36ba7.dll;28672;3887541a514066b6548666e759257130330bcaf371d9d8d10645fed917f1dea5;29184;e56d7c9db024843e104d30285d288031fbcb2c9f1035b276d43043b3e2fb57e4;5;0xC000;28672;82;512;2;0;2;13;10909;639
00e03d053f72be7f.dll;31232;12dbc9b5183168acb147e2725920cdc0e730d34abf2077cfa5f093b7a164dfee;31744;14563f062ef5df2443915377afa016a19f75a72fa283e9627ef458059a0596d6;5;0xC000;31232;257;512;3;0;3;14;11548;650
00edc42ac4fa63a9.dll;28672;c91a4c232944344e86841e16eea445549c10dbf164dd2038fa05346bba4362fe;29184;191594aab4df214d3eb8e85a1a1e982d4f6fd7df5875059e28f5bfa6f1aa2f39;5;0xC000;28672;14;512;1;0;1;12;12198;629
0101e5fa17d0746e.dll;36864;2801dd285d0fb5ad38152af2f4a45c2e4c1882097682daf2e42dae658748e674;37376;75ff1e7d1e1f5d5e65820dfa5e55f5d6d9cd17ad254a8159e4b0ba8ee618df70;5;0xD000;36864;89;512;1;0;1;12;12827;629
010d0e99812d0404.dll;31744;dd312f7d769f5a9c4c24c04315d2fe58e768632bcabe25f8942a5d65630cb9fc;32256;660d3d8956ab1488122be7f66d72142127bd07ae26fd54107c4454a04bedf8ed;5;0xC000;31744;130;512;2;0;2;13;13456;639
010d0e99812d0405.dll;31744;6ab9cd44c0ce6d347ec9f7a7872de8de5d6e0b3b4238a71ff3edb290a48dbf9b;32256;f7b378ffe2c007c060d3b6f8febf0106413cee1566c6964b566f2e52d1cf0101;5;0xC000;31744;105;512;2;0;2;13;14095;639
010d0e99812d0407.dll;32256;2171860accd2082358fde0db93d0fe52e5635e4ec7fb77dc635ee3b778c1eeaa;32768;d4189e8b9a490a0732d4e82e304ea2e9450f87c85f17a8317df91edaf15a974a;5;0xC000;32256;111;512;3;0;3;14;14734;649
01169fd82627300b.dll;34304;f3d6192261f28b1d48518e0caedd0125c4038a89ff1750941151847672f16519;34816;f903d7064339b1a2527453078e5881be102d889d7080dcc37d2e9c4a78457d6d;5;0xD000;34304;59;512;2;0;2;13;15383;639
011c8f7fbaf698ea.dll;30720;f99ddc352b40c42726d7c2f8ac9a37d2dafe15aeb7cfb4ee50e4f7a407f4ceb2;31232;b80a40f46403e31a6dc9420cc57f7ba3b6b0b69d8f5cbd6c6366776dcf55af3e;5;0xC000;30720;74;512;1;0;1;12;16022;629
013cc3429ea7aadc.dll;32768;6347a533c2f2ae756fd7f1a04cb32b2c992d45ac92f2470d60d8e08eb3fd4768;33280;03e567b72e016c506413a216cda370204c5c310f0c7f27596be54aa45ac29770;5;0xC000;32768;335;512;4;0;4;15;16651;660
015a99b574d873fb.dll;30208;97211185a46586a59ae4066cd3a4747e0c847924ede15bd019bc47ccffa5c755;30720;2c73561d9f20faae170921774863d31cc82f9a2a8d29a4e07fe2042484ad1879;5;0xC000;30208;88;512;2;0;2;13;17311;639
017ab5801dbe0aa9.dll;35328;0e955b3bac02a22f4d572b6e42edaddd29c32b13b1af2a2469f260e822e7a5e1;35840;88c746498b254d2a05e87c920eed374dbe8c9bc4e1cebec17abf5105a413062d;5;0xD000;35328;174;512;3;0;3;14;17950;649
01906a15f5211fac.dll;31232;ac9acdac8493a8935624571dc1d226e39d3af5ec0b0d57788026f6c13363bfd3;31744;5e2085a7d839bb9ae8878fef984a52093a41ebce8329c42bc599c501b576be97;5;0xC000;31232;43;512;1;0;1;12;18599;629
01906a15f5211fad.dll;31232;bbc9f440db73901e627ee4c51bdd25c88af0e0eda3b047c130e69d725e4bacfe;31744;2b125d98e7d23b934fa73e77ccfa7485112f30d29049b55994e1fef3f1635261;5;0xC000;31232;48;512;1;0;1;12;19228;629
01906a15f5211faf.dll;31232;99db0c9aa5394a413ade5adfcb4cf5ab838b83be376565c658066be1ac3ad51f;31744;aea4d3f5c7a42bf0ff46255e84d74158e0b471a88748b7f32b082022242b7d8f;5;0xC000;31232;46;512;1;0;1;12;19857;629
01b2c2d83f5383c0.dll;32256;52275cc0b90ad12405f411b0a1ded2b03e56a3f77924fbf2e38ee44ba2588b61;32768;7f41d55817cf1aa1f8061ca4fa29c4feabd8efd2f1939070f3ba918a9f645d6b;5;0xC000;32256;231;512;4;0;4;15;20486;659
01c14217c54d6b31.dll;35840;a2ab8f93889289d9fc2424a2ed11121022f39add85ac9f2c678a41bf2d838a2c;36352;500bd43114dc6fe6434aaeae08162a1923020d0f529864b0b46103ea43a329b7;5;0xD000;35840;204;512;2;0;2;13;21145;639
01e04bb0fb0e1204.dll;34816;bcb99e224c0d9e6953dd6d9245caf3ebc4e46dd41f049bb67b32fbc28dd7d0f1;35840;4fcf860f7136f03cb7041981e836ecc9dfc754d4eef6b8fb2607cac57eb668ae;5;0xD000;34816;940;1024;7;0;7;18;21784;1202
01e45722d486111c.dll;34304;425c701cde3185cfaa38d18ca217aed82cd3a8198fc61c7036f4b620273132a2;34816;cf2bdc688bcff5a5a4b496d369b46737a311bcf911ed87b60f3537fb7adffa04;5;0xD000;34304;121;512;3;0;3;14;22986;649
01eb6451b18f1f7c.dll;32256;331e9e205d3e174250a661f8f71d126c0f9782a85574642f9f3ac6aeff557411;32768;88541aea44eb8c0489fc33fdb80da9ec5b6e036540696ee3382699fe5e6b325f;5;0xC000;32256;287;512;3;0;3;14;23635;650
021655565f8eb80f.dll;28672;e51eb3b2c945db1f10cf7730e56ee27f770c33531d24492b873c40d26d595cae;29184;0abeb26918473a85442f7b113a183d929fd58ec1f6c3adb16bdf6a249f31df2b;5;0xC000;28672;92;512;1;0;1;12;24285;629
02475cfc86ab8a0d.dll;36864;5d14384e59547d31a12a9ff656756ad8e61daf6aef26750997f794984c1cbbdd;37376;71dd212d99dfca2f4c090f5ecc44a19dc78e0ea20c5490249957a1b71c82b574;5;0xD000;36864;419;512;7;0;7;18;24914;690
0255d4d10a84e3a9.dll;28672;616ffc0859bda07aa40c514f293fa03b2674431d5b9beedccfb4bb878772d0a1;29184;557b481422df22017817c3ea53cbeef21bd82c99a32c99233fda528777e50844;5;0xC000;28672;100;512;2;0;2;13;25604;639
0261051b961756fd.dll;36864;432be87c7dd667bc19ebde9177be77fdc66b1369caaecbf068187b55856dde50;37376;f3aed9c8923b08c41c03d6897581f5e7ec5a8328fb3f2ffe39ef26184db32200;5;0xD000;36864;497;512;10;0;10;21;26243;720
027b8b203cf0ce60.dll;30208;b105aa95fcef0fb665db07f5faa18eb60187b535481c143c251cc9d239837f8d;30720;619be19c90fab6212305f26b113280e63863918891343a7c0874a75374c77a95;5;0xC000;30208;49;512;1;0;1;12;26963;629
027fbdcbe00c3156.dll;30208;c6dda727b812482f892571f4cf3e2d5c096f8e247d7d7ae98aeff0a8a92a997e;30720;8b2929b5c7871a5b4f65186a6660aba09cb826725d074c48b4605e5b4bdabe5a;5;0xC000;30208;67;512;1;0;1;12;27592;629
0281952693f7dd49.dll;30720;d1758679ed4e0263190e46af41d9b547cc322b932b2bf46499d5a0a5d762ffd0;31232;ea2fc5f152b5c7f505790329ba8c7c65378280ea91c1f79a030db538d8772505;5;0xC000;30720;77;512;1;0;1;12;28221;629
0296c0a0efe7a645.dll;30720;fce6425a0b9bafe7510e7523bcd6ecac77823fd565d2fd93047745f10337d7aa;31232;9ee8f1656e2520f91e663257ea74d86393b201beef210a2d6aa52957dc05eae2;5;0xC000;30720;258;512;2;0;2;13;28850;640
030d62a9e08cbfd1.dll;32256;a0b47e87136778347379016f7664f663aece4f1a78684eb09dd487fe9b0da21f;32768;90724bceeb3ae700c9ab04ae2cf3057a548f89ef9328e9e86ea31a1f589b63ca;5;0xC000;32256;30;512;1;0;1;12;29490;629
03151055b0d7d8a9.dll;28672;30825c7200035f99c0692d5aa4a474c084b00886ff88eb7607858acc0532475b;29184;eded8f786854a7a5338cace06ff0dd342a8e0be444b826194de9105e0ce5eced;5;0xC000;28672;82;512;1;0;1;12;30119;629
03663290c38ab523.dll;40448;eac83ab2b9a66e66867eca7325d26914429ffcf932519034b050546012eaf3c6;40960;2aa46e510c27f6338d1c9fdc00f8142fe2881a9de3c3bcf1582658249e1bcffe;5;0xE000;40448;511;512;10;0;10;21;30748;720
037033da17832a50.dll;31744;29eb809db07aff80f6e825c0c72d59e4ad1c08f59be9b2d8038b386f2d05beb0;32256;c3d15add26a5db515b4c38a244fb80fbb0055fde91c7f6eb298481fb135111a0;5;0xC000;31744;260;512;3;0;3;14;31468;650
03a11ac0d96c48ff.dll;41472;87883db8ea8249d1b175e74fa940f7ba3d1459ac5aee379a4e543248f2c3f66c;42496;1d21485d1e4635870d6ebd4605f57b2fa2eb1312121666dd493b5317dc57f710;5;0xE000;41472;565;1024;7;0;7;18;32118;1202
03bef74c72cdf7df.dll;30208;9453d881bc3395fcb9c659957f59ce29debd35b960397d69e59947957fd28403;30720;f6dc6d8e6626d0a4756010e53d7beaa26c6ba17c9dcce6be0ebcc3c139e7c5f5;5;0xC000;30208;30;512;1;0;1;12;33320;629
03e9a55199d26737.dll;40448;f6c022a87066eda9aab707cd4fc66b8b17f73eb03042604dab441a10943f3a3f;40960;ae036d30c3acd34a96e3ab61867033fedc63d948bd4b477d35435ab1592ae71d;5;0xE000;40448;209;512;4;0;4;15;33949;659
03f21314c9a76caf.dll;44544;e1fa56976196e79df2316b5dcccef68a11e3a0eab5d9bf896c1ab4d279df225f;45568;5f772acb845aa5c40a962a429a9b34a9de2a3e83c07bdcb5a3b6cd33726cdbfd;5;0xF000;44544;638;1024;17;0;17;28;34608;1300
03ff0ef052c8f058.dll;38912;df70fcd3ddeb672fac4d4ce44e243c24900979a9405d35eeeac05166ef1d94ab;39424;bfda8a8d11115f8a18439476a7bdf4f17c80c32c210984d8afcc8336d7fa9059;5;0xD000;38912;152;512;5;0;5;16;35908;669
0408fe2c54ad2f10.dll;29184;e3030394f02b5d9215849b790cd5c249dbff6452274520bdec0bc0520bc61ac9;29696;40cc372bb17da70567f24ee4c288db29d883e647e60beeafe2b9327223547d73;5;0xC000;29184;189;512;2;0;2;13;36577;639
0413b7c269093b61.dll;31232;4be12f443d841572547bda5dc692ebf5737cd4e2a4879d8c8618afacc75f51c3;31744;76d4653db617afb6af5389713e5e609091eab91cd409ec90e229de5defa0cc2e;5;0xC000;31232;178;512;2;0;2;13;37216;639
0413b7c269093b62.dll;31232;c9d91ddeac75c18ee166952f35426ed090379da64974ab04e26e2f45b2ce46a6;31744;f843b5918476d612d16fa6c7a11052378ce5d322099b8b8b7c519e1f1148b744;5;0xC000;31232;234;512;2;0;2;13;37855;639
0413b7c269093b63.dll;31232;0def1b5a966c752b26ca81fe05ed05c0a4f3b64c2da5b01e0ee49b09cdc5bd99;31744;a0ae5730fad4711009d7748294d2c783d240d3c1980d9cba2c053755ac887cd9;5;0xC000;31232;157;512;2;0;2;13;38494;639
0434c577b3922a1c.dll;31744;8e6806456a0623472044a559c8b7434af40fa05afe28f804713d085982081c2d;32256;8be948a59469738497b7488cf83f7b82acf31a2de78fc98cbb13c253e2b25a78;5;0xC000;31744;29;512;1;0;1;12;39133;629
0434c577b3922a1f.dll;31744;5bc708cb9ead9fb9f9b7a07660e419580ee0ee24edb9638c62488e86a128448e;32256;619cb5c2b76bbe42e1bfbbec1fb72acdfe92c09069afefa7f8a44e6929c126bd;5;0xC000;31744;30;512;1;0;1;12;39762;629
043ff2151c8c4ed7.dll;29696;56a6987b4fcc03cb72f17de75283e97849fce42ae7ec802f889f98e6d92a9f86;30208;e3594351d5c0cb97f46e4a5da1ba10af4b238a49a624cd7271ce87ee1da52dea;5;0xC000;29696;66;512;1;0;1;12;40391;629
04502f53d0faefd5.dll;40448;c015f6227abfa679b0ee61b69bbe4255159ad2ec3e633fb6effc318ad935e531;40960;918e26a4ade4be50eb010da2188486a968f620882576bdc74b1dff1c3ec71b2f;5;0xE000;40448;251;512;7;0;7;18;41020;689
045ef334bf59cac5.dll;36864;6937235be146785fa8e4ad3f584b4bd95b2f8191ed1b7ebfbea951ecef88493a;37376;08676ad86b5e5c55220c99f9e4e7839fbda63e7a6a53bdce54e4aac7d3c7f9f7;5;0xD000;36864;101;512;4;0;4;15;41709;659
046c10e707e59b6c.dll;41472;5d2306bcb3319058657a8b436477a637f87d5cc45152592e576cdf8aedf2822f;41984;5d4661b86e71675aae95983e6b852e41b44182a1932b5ffe22caf58bb0d0d849;5;0xE000;41472;314;512;5;0;5;16;42368;670
04af9dbd32b88878.dll;29696;204d75fd99ef7d4d76203ee9c6771e6a20fba54136ac5dfa633ee4fdc14d005a;30208;ef8c3426a4cecb03a6072dcc41612ddce96667e69eaada27a56873b2a1ead5a7;5;0xC000;29696;85;512;1;0;1;12;43038;629
04bee60a164d8071.dll;31744;92bb5b9fe021f7d9594459524d5f04fbebd5f0c31b291fecea0220a331eca844;32256;0879aef9413ae2ccad74d1bff637989bef06842941b6557e34c01f010061e1de;5;0xC000;31744;134;512;1;0;1;12;43667;629
04c86911115a0a7f.dll;29696;a65acbef5e43c6f50bd45beb11e6ad1e33a000e7c4a1b6c110661255bd758285;30208;6e2fe0716bbc89db9b770937e07253610983fb62f85058de7251469f8277acf8;5;0xC000;29696;75;512;1;0;1;12;44296;629
04c937f2cbaf3244.dll;30208;69ea3dda25bc2f56cbd1e0ad73d3140decc89a01b6df62795c4e5d524bce80f0;30720;87a6b033d5e357deba04892eb16c005f59962f182ba445137f97f0bbf98f8d6b;5;0xC000;30208;231;512;2;0;2;13;44925;639
04d51e23747b8f44.dll;33280;2a340dd0845466620ab695502a4bb640d49ce42317efbdbd608df3a1e1cab88a;33792;65fb880c03ef60ace562bd5c441fa5647f3ab0139af1930f3f4658d504796ace;5;0xC000;33280;114;512;2;0;2;13;45564;639
04de5fb06707e804.dll;28672;5f7aa50dd9117e003de6aab2847e7198880e095e72ef926cb747c852d22b038b;29184;21131563e3a202ac24f32b14351a8819062aded9b1a08e6573b5b8c35e39470e;5;0xC000;28672;40;512;1;1;1;12;46203;629
04e44eaabc387191.dll;41472;1320a5e1bdce6cb4c7c7669dc5a743026d503373577dc66f5543af501e59b51c;41984;7cdcaaff9cb127c8bae6dea8d9aab84356323850d2264cb41f362586b1032b5d;5;0xE000;41472;223;512;6;0;6;17;46832;679
04ef421db4f94574.dll;30720;3beec9f8c1fedb0ffbf00a95dc5b36961acfb7f5f563a4f74867953fb157a03e;31232;0a2a459adeb05f47d51851549a51a99c8601b125e07f62a370e8bc52da23c127;5;0xC000;30720;107;512;2;0;2;13;47511;639
055416e02ee54f58.dll;31744;7eb6c8642b565d205033b09569565fe8ebb816b56cfc920134ba0198a0594f2a;32256;396106376100163c98ac51e477acaec0bd9f49ef033066f5ca1c4c481c3b0ef0;5;0xC000;31744;385;512;4;0;4;15;48150;660
0564161ff34165ad.dll;29696;cee744507ca27a18d63e8aa756653e3aec719dcfebe32a5ff582e3ac006deb7a;30208;8cc78a51b235a032f7357b4bc52900dda32b7861257d44377d3ec305d15c921c;5;0xC000;29696;13;512;1;0;1;12;48810;629
0574c7e3de564eca.dll;31744;bfbfb169ef2b760126c105dd949b1891fd7a04d166f80aecc7f218c564c736b1;32256;e26205237e14d4c54be0b95e7a93ec4d77ac3a7a581f54b406ef8c29331b0773;5;0xC000;31744;268;512;4;0;4;15;49439;660
0585fd250d5c6693.dll;33792;1948627ed720dc82cdd7c6d2d45e4b461493a04ebc3588b9c7189d0272c8126e;34304;f55cd5800189649daaee59004ef16993521dd9b69147d5c7f639846998e0c624;5;0xD000;33792;331;512;4;0;4;15;50099;660
058bbe47c7ea259c.dll;39936;957c1ada636c2633bce0754c734f7cb073ee68abcf46abb52ad0c3bf2a4a2301;40448;1744e39dbe1c59f14581430ee1bebe89fc644bdb27b2898b185072c96fce5958;5;0xE000;39936;203;512;4;0;4;15;50759;659
059a210aefb8f451.dll;33792;d2bd7dd2da4f600566c35a93960fda06a8fa95658d3beef43b39b470d96c8b2a;34304;189d0fd807792c9c166d9b95fcf41bd6564c4ee03ccf0bfb9119c3a5d8bd8948;5;0xD000;33792;112;512;1;0;1;12;51418;629
059a210aefb8f452.dll;33792;134299430c6e6783922b649653e4fd573eb7736794ef05f5ff48341507dd9294;34304;a5edb980d91598fd1faa0d84a778495c1866ae3a56f68e3e8083c3bcf28660f7;5;0xD000;33792;111;512;1;0;1;12;52047;629
059a210aefb8f453.dll;34816;567c928710ae31aaf015fcffe94f50a77dbb6aa47279ff252f10d68155c456b9;35328;9b5d282dbb13f02f57b8f13ace38cd3e39e1fc2c613fe5069a40bc74fd354bc1;5;0xD000;34816;93;512;2;0;2;13;52676;639
05b522dab32e4c3f.dll;33280;63be9928e1d1c668c7207c5da58cf4276b6d746b8b4d54b408a9f93b80f95b5f;33792;51c0d6e902fc57a54b5ec01d880a10c1f629d8014de5de451d1fea1f80b8d5e2;5;0xC000;33280;134;512;2;0;2;13;53315;639
05be6ec710c158cb.dll;31232;fad9dae2b35a89d6331b9325a2d0bc062dea86e624f09b15743efb85e4b40f9b;31744;9e040f570d517625117dfbf4be3c42923372660daed21f1db6e10ab12edb9629;5;0xC000;31232;75;512;1;0;1;12;53954;629
05dbd8b7556cd3c7.dll;28672;20bde074c5933c77da229800f9e166fe17b5716c3c9890ed8fb2260e9db24314;29184;af74c16ae80ccf90c015f75f7db7b130984f7a21048fc026656de636e70fcb75;5;0xC000;28672;43;512;1;0;1;12;54583;629
05e0bcb5be52bf04.dll;31232;c9937fbfc5bc00f9be15d650ab6294e2d01c58e6992d0b063678588370a8d6f0;31744;1d46a5216b841637c0f5d6c4346a79cd5f4748ef8e3a6395ebbd628311042ad7;5;0xC000;31232;111;512;1;0;1;12;55212;629
05f05cb3fa5ca697.dll;28672;90d3abd8f0ea8aa163a5582ea7f724e2c628bcdd8ed0be432169591f18fa01df;29184;918610a5ad6fd495ac4c3d93037811760af30f3f848d2d60cf1922243b15a223;5;0xC000;28672;62;512;1;0;1;12;55841;629
06230cc8214168c7.dll;29184;c552b2524e787f1fbcb55b5d32fe0fb8269ebd5b570b93be828230bb4093c7c3;29696;d183ae3da979a70ed216e733cd8aec2d891b223bd2f102f47171ee1c55b136cf;5;0xC000;29184;128;512;2;0;2;13;56470;639
062d8b6675287aaa.dll;33792;2c246f3abb36dac23e9edca98d1a36bf09026bc9a71bcfc410e6e8068d386646;34304;80876b2506b3f53f4b7c858c4bc9b3d8de8a4f75a20fee54a8b9f16b0d57626c;5;0xD000;33792;30;512;1;0;1;12;57109;629
064b279ce904fac2.dll;30208;41d6d21160332b9735fa0c830bef0b0f4dcdafe6652df2dade6b1630caf4aba6;30720;02e9651e1cb273f16e15ccb0ec00f6463df3cce72f6a09b13bcb2b5673fb24a1;5;0xC000;30208;73;512;2;0;2;13;57738;639
06560e18e33d88ae.dll;34816;5ca71a0ed81e38da4e85860f1736d15fbdb7d3f5b32b431b51174f50ed11808d;35328;19ecd3f6473f23a68de54a1893f473e93a8ea0e9c2b20ea3736c1538b9043353;5;0xD000;34816;117;512;2;0;2;13;58377;639
0657698aaffc0e82.dll;32768;1d8d4aedbbe5122f90dba133640e4802d4bc67cea3691c554e7a780f419d4775;33280;246389f7228b5970d0733cc7300d2aab7d5ead035a9531fb51c27ab500d5667b;5;0xC000;32768;82;512;2;0;2;13;59016;639
0659b2941e88321f.dll;31744;0b646a753e4aa92246bc3d07f45804e295fa5286f8ef81a6309b05aac89d0dff;32256;4e6b84f44106e5d31fd610c9669db98438aa401029acd5ef7a787362e5633d16;5;0xC000;31744;145;512;2;0;2;13;59655;639
065b4e4742bb3a9f.dll;29696;abea0751dd9a29330bd60258826227da3bdfdc3a97fe17468312d3e30b03c80c;30208;d73a7dd17b5ea6ef17fd755fca6fc4e9679a04c927b101a109b3bc10749211de;5;0xC000;29696;85;512;1;0;1;12;60294;629
06645f192e1c931d.dll;35840;df1fa565979996bdce9cf649ee38cae55d00d004ac27fc3f27eb7b9ca768b348;36352;57ba21779f95e906b710673346272f288c8fe9277c98846875f35168dfc195ba;5;0xD000;35840;64;512;2;0;2;13;60923;639
0673484c0dae1930.dll;38912;f3a3c3d0051057c084d292a3a435191c65f2b9ce0debc762f39dda92dc44c10d;39936;1984ed2aca64980d0d7683029dd059497837202c8d98247b3ba72e8e4e279809;5;0xE000;38912;856;1024;12;0;12;23;61562;1252
0675cda939163f4e.dll;30208;c1ae8e7938982ac07fb5be97afd57d23aa5b85e26d1b8c4a48ba58b9d6374a96;30720;a27952d4589801a281a8e6ee1abf69ad046a1358366765b8c8ab983433e9cc69;5;0xC000;30208;227;512;3;0;3;14;62814;649
06a737f5cc7ece96.dll;45056;bcdcfc8894d43e969884fa213df623ffbb95ba5eb642a0017977c1bdb1931a8c;45568;25c987f12fcc9444dd738b16fb003efde3766d439b719576c47494f11c07a4ea;5;0xF000;45056;478;512;9;0;9;20;63463;711
06abde7c6e30c741.dll;30720;c4bcd7ce1c207bbc13180523212459924faaf3c9e773e5a4925798fcfed89cbd;31232;1d2dea7d74ae40de4b411b8f32015f6271c49484e5439bd31cae1d0c92c4e70a;5;0xC000;30720;137;512;3;0;3;14;64174;649
06b644e55592386c.dll;32256;034a465577e8c62009fc73c00d6fbf86ca1f41349995fa3c599b099e057346ca;32768;97db2ef0041392aff72dbaf29624628cba8e8c7c20380cb71c1f83f003d5e61e;5;0xC000;32256;231;512;3;0;3;14;64823;649
06df79276257fc53.dll;31744;2a9fd869ae7d54e89f2a0cd1999c2162278d7af2db09060e87dd82f1590b527e;32256;99cdc9b0b7f353da32ffe3df5d24e6ad7850bb623247d52f421c3a0f91c95b44;5;0xC000;31744;367;512;5;0;5;16;65472;670
06e8aff82b4b323d.dll;36864;b58f43ef79b59315ca9d52b7cf0383111c49ae57e1f36eb0a28a5111b9a5879b;37376;f6d8ab756d0f7488449b9818b975ebf3971a415e39dd016b82907da86ca5f831;5;0xD000;36864;118;512;4;0;4;15;66142;659
06f333c531cb8be3.dll;29184;fb64cd0e56bbe980bc07984929788ee794b2cb7d63c17e2f04e6bb35c6a0d76a;29696;da03db0e0c3ff7bc8f7ef4622f63ea18f80701e7bf54dc22ae1fd2d5f08ac7f7;5;0xC000;29184;110;512;1;0;1;12;66801;629
070b30ba88bf7789.dll;33280;c933c07276794881de98441f0240470d350e432aa430879193ebe7da144675bb;33792;f66b047d909515ca85fba2357e17f0b0a9654a6dcf5a16fcbcd790c7ed329047;5;0xC000;33280;51;512;1;0;1;12;67430;629
070b30ba88bf778a.dll;33280;39eed22da50e685a5fed272da0343ee419685ebf7770e2c52084574edef8e8ce;33792;d7e87236b2e0b6eccc6c25fdb3b036bb75a490244dbef1a331188fc3f2642e1a;5;0xC000;33280;46;512;1;0;1;12;68059;629
070b30ba88bf778b.dll;33280;a305a13cf54fbddcfc7527b5835719e3b6cb0c33f4236cd9ed7f8c511d6e3dfa;33792;651946134ce611981780c2062231712fb91e39b20262c7b085e506b7fbe6c6b2;5;0xC000;33280;41;512;1;0;1;12;68688;629
072049cbce180861.dll;28672;a58153f1561802de5d69b26c0f399e4557c86b70112e2572a29c9fa2626b496d;29184;e0bb7809ddcb6a4d7553bd7b47149b71e5ec23a4456d71a8c8eb27271f00a75d;5;0xC000;28672;55;512;1;0;1;12;69317;629
072680d444399984.dll;31744;4cd1b776bc9faa22fbf14bdd0ae8e8082d8ca60cf64c813c8cb75a91d38604ee;32256;7d7dc6e962a6a9a3cf7f78d0e11a0efe6b713fa9033b82535541b7df7fd417ba;5;0xC000;31744;359;512;5;0;5;16;69946;670
072adfba141c5a32.dll;35840;5f18ffaf8e301436a6ce59cfbdbbc469370890b0a100e5b0cb7273f69e4a39b8;36352;73329e042570471e39b6a00743abd40e453d5866fac5bc32429ef2d5fa060238;5;0xD000;35840;222;512;3;0;3;14;70616;649
073b05d1716647fc.dll;30208;6ffdf6bc2946ff407e63e06b818be99a4da924da7fc202c9d3a64a44323d99c0;30720;b226c7b269e965188a3770403d4e68f1ae5a3b2db715b5a6fbf3a28f4974d471;5;0xC000;30208;160;512;2;0;2;13;71265;639
07403a62562b8a97.dll;28672;847b3efef910943818518ea1264278f8d1724c2c639937c90e7dd825c08f3d07;29184;2c4f4ef19fa89492595bbce474489917710d1db317fcedb8bcb067d36217fac3;5;0xC000;28672;38;512;1;0;1;12;71904;629
074e632b34ca001f.dll;33792;5b667e4b3c39e2365532faf96f921c2a19134417d60a9a72d93f9bd783455f52;34304;fda8b8bc96c2e8e8bffd9ced0872346ffa2e92f1cb4d2d404b7fcd2043c99e5a;5;0xD000;33792;14;512;1;0;1;12;72533;629
074e632b34d11915.dll;33792;6086ec4de1e389597a178581df44fa280be1f9d652bf4697e5e3d5770ff941b3;34304;8db8ab788b7bf3a6756ed19cd6c17afce60da6e1e5e0a53072b21c476b8c0c50;5;0xD000;33792;12;512;1;0;1;12;73162;629
07519462a023f2c4.dll;32768;54ffa38ae4a1349c4dd7435b33b0c6365c9ee75f85a8d34c8576a64e3263566e;33280;9555c88e4d3d3bb9564c8ea8ee09531efa733fc80cf4aaf8d5ec640615070cc2;5;0xC000;32768;366;512;5;0;5;16;73791;670
0751ae1c70841051.dll;40960;9c3a8733c096e8188bb90379c87082a0905b6f9603855b6a89c8fc562ac0ea50;41984;1d29586b3269f4cafcc7d743a0f682b21711ef3dbd3d19fc4f8c9ade6177a498;5;0xE000;40960;631;1024;8;0;8;19;74461;1212
0763c84c9b1253c7.dll;28672;beadfbf3fbb5da77e77ecd87e737b81f60ceccebb3f40f8b4d01fce6e565034c;29184;d6c90dab72d765fa4a20306334dbe97e4df3ff957be834a5ab2772bca15befe4;5;0xC000;28672;26;512;1;0;1;12;75673;629
077683deee35d8b1.dll;36352;056c2453f53850a5a200be8397a81def826e9afb80a32e2792b6237c6dbfc75d;36864;ce533a384b1b74215b79ae50383fb511e5f865e7694c62ef70ca69fce2abaab8;5;0xD000;36352;124;512;3;0;3;14;76302;649
078b348c6dbf8cdd.dll;71680;7d646bcc9869743978a77ba976a694c3faf3d21164434b7090aafd18eb134a58;72192;16dfb7b7bcb578ff73dcc1cf5544e26e01d5a2f20d131ffbbff481033677658f;5;0x15000;71680;45;512;2;0;2;13;76951;641
07a850f348cc8f75.dll;31232;0342772553d3e78547fd98c44d6b8d16922609e7353323c60aaafba2b75ad97d;31744;cccd56a3afa2c051ed955b37ccf2f215f5f692bdf08e71aad31ea8f5d89d663b;5;0xC000;31232;34;512;1;0;1;12;77592;629
07a850f348cc8f76.dll;31232;dbaa9bc38a168fecfe9ab21732bb9b29a5e1e3d205a4a5e3846cac5fb306e41c;31744;290ecee5984dcfe1af75bec12819c93b7559d6276020c15c92da5bf4dd0aa75e;5;0xC000;31232;40;512;1;0;1;12;78221;629
07a850f348cc8f77.dll;31744;838fb13201752c0c933c5ce1e7772ab0edeb3cbbf1d3347ff2c033abaf99a8d6;32256;6021c8897a5b086cf5a62a2f86718f66135866d537cbe16e8ebfda74a0af202c;5;0xC000;31744;101;512;1;0;1;12;78850;629
07c679b42f285545.dll;34816;3a0ac175c670371c86e222cb3c80a200fae951421ccec89dad48524b215201ec;35328;ad5d536636194aa83a2c4b48c38d36eeb9397aeed53825ab32afdfc656dac38f;5;0xD000;34816;89;512;2;0;2;13;79479;639
07c679b42f285546.dll;33792;4265d9f9569b50466f4508dd5017fe791805da7f98eac0c866a0832fca9264f2;34304;eaadadca97baf9a995d52c03caecad0b05c4ff1057d81dc6810a58495afd1207;5;0xD000;33792;89;512;1;0;1;12;80118;629
07c679b42f285547.dll;33792;bc9aabb99a43a9d6ab0730c7914111ee47c868a49897b63cf9392bc63243982b;34304;effb1479739c54410634b8731bf01d98c5e8049863f1ce8fbb12d6590b11d64e;5;0xD000;33792;102;512;1;0;1;12;80747;629
07fa57ed83bf07ef.dll;34304;e0971f8a94747c5cd2ab8d290f8d484a95b26998379cc5ce7c3c599d52667cb4;34816;36c783822cfb84b43b3081ac92abf3f2a287b414a7ba54752e87e1d82e4b64b2;5;0xD000;34304;80;512;2;0;2;13;81376;639
08142fa0b8c8a0ef.dll;28672;d55dfcee053d17f964a30b704ca98608600ef2c292eb6afe244749b840fce04f;29184;1cc50c66e45dc26609cc5b4c243d79f37d6c8c6be7cc239b7e5e54290688d2a5;5;0xC000;28672;20;512;1;0;1;12;82015;629
084fa32857ad395b.dll;37888;4c8126ae69226359d846de60f6b3105ed0862268687634c84d848c3625d97f9a;38400;bb0906071875fea9919e8e5087c9cabf6acdeccded3595cb4331b1b571affa4b;5;0xD000;37888;263;512;5;0;5;16;82644;670
0872cd85be2dda94.dll;51712;d54db0698a50c0e24ecffad6892afcc2432917246fbceb64ede0fb6abc0628ed;52736;7a78cc77b1154d5984ac9d4c45c987e7b61d13e51369fa0c8ef21b06ad0c4488;5;0x10000;51712;986;1024;22;0;22;33;83314;1352
087654ce0bd8bb52.dll;32768;7ae256e0285403bf7278c4798f18e6f9ea5cc60689364a011fa8c958f2634075;33280;4d51a01dd29df1f807405e9c04a7b6b6126195f60b92f29060fdcd25f9f080c4;5;0xC000;32768;95;512;2;0;2;13;84666;639
0878ef34b1b845ff.dll;39424;a5cb900f4ee0698d9e76a59a8ec2fba953aae5765d7252c1b1b7f557ef52c5c7;40448;6802cc92a7aab2368186906f53c8f44038307f16db4ffa67b9b058308ca05b35;5;0xE000;39424;727;1024;7;0;7;18;85305;1202
087e499fafac0160.dll;38912;f93aefd0503f235ef3fcdf7c4bbafed5f41a57d0954186ca429e13fd3cfa80ca;39424;f36d59bbb921875c99102dd640d31382e771db6416a180e53f035f1679464ffb;5;0xD000;38912;400;512;9;0;9;20;86507;710
087ebbcf56162d79.dll;35840;6fcd2db5673adc2445469f4d6fca02a39b969cee9fc61faa7e142aeebff2f4da;36864;ef608848d102124f27ab1d02ad88b92f4e4b35a7f12d8f4045f9332dcdf38205;5;0xD000;35840;705;1024;7;0;7;18;87217;1202
088bde2213780a3e.dll;31232;75d78d7abd97f0c047c308e9732ca34e7e19c8376d10de6f8559f22b42f43cef;31744;6ac64f713af6539f12c1ff7f37f2c7478c3a45077f9f1d76f07afcca2469f4da;5;0xC000;31232;282;512;3;0;3;14;88419;650
08c6f6d7dfaac2de.dll;32768;c8d85233aae38fde30784398acee0a67380d85a869dc1eeab4d95554071fb98d;33280;3a15c0acd589a0d826d51abc423a41750337122cec6d535dd943b8d02efcc8ee;5;0xC000;32768;333;512;3;0;3;14;89069;650
08e8c3ecab215d30.dll;32768;e3267a59a56517efe560e439b93c41c820139f9ab3af286c1077f3f1c0030b93;33280;bd6fa5ff359c44fa77bc08349d631ec4e068ee28af047c11fe6a33814ec0ca77;5;0xC000;32768;465;512;5;0;5;16;89719;670
08f130bb0fbcb87b.dll;31232;a0b43629f8a58655befed22887e5d771b962e9bd0cbd95dace42b45cefa8b0a1;31744;d6cf4d2fb16d30d8fa16b72cba3f5afb84733caf2a67f10204708851fc54f9d1;5;0xC000;31232;76;512;2;1;2;13;90389;639
08f30a6006df5582.dll;31232;b799926d0b40e918e8d256ce00c15a3a1d9783033709bc62585b34699709953e;31744;12120f872be50b16fa89dd10f7dc385d103c47e714da3a272380224b70497f53;5;0xC000;31232;107;512;1;0;1;12;91028;629
09095e35b49ee2e2.dll;30208;4d70ad832e06a5d898ff53c8cc264351342f6e16312a302cad2aa417e723e3a9;30720;c80157a4279d56191a071644a75bc4c1354e71e7eacaaca37dfaaab7f4ccd96b;5;0xC000;30208;79;512;1;0;1;12;91657;629
093c4e72c4562280.dll;32768;0adce635607cc4b11bd8a8b8cba82d309e8eae75db7a4029d7f53d92e0450cd8;33280;71e72a83e8e2673abb2d6dec6a7ef7b37a92bfb1f906100ffe96a0dd505b8d75;5;0xC000;32768;128;512;2;0;2;13;92286;639
0940cb3478d09e80.dll;48128;8c3361cd3c7e9ff5d81d7a4ae367e20e6889bebb31d813352247c8be395d9067;49152;6328a9505c9191a5a32f8678c8d7d9b5c94863e3d0d77efb9267431aaa7c66fa;5;0xF000;48128;776;1024;19;2;19;30;92925;1323
094aa195d4592410.dll;30208;061eb716d220562435ccff998740c6006c324f7030474066279a70f60bf47be7;30720;ac9aa83366e9396815c4575ea29dcdfa2514eec4c38071d2b3d6e6645c372894;5;0xC000;30208;47;512;1;0;1;12;94248;629
09679732c4f07b58.dll;31744;5d7a9d677a947e462764c4e459046b0688acd7169a8c6d2ad547697b3de8c09d;32256;a9379b142aa310613eff9a546e0760b5266c372e9e2412f049774fa1bd9570cf;5;0xC000;31744;68;512;1;0;1;12;94877;629
09679732c4f07b59.dll;31232;f2f06132d0a44a6be171ac62780a89ca1daef9d1938400a895965e3bc4e9ab10;31744;011b51436ec9716a028ca5683f726cc9a8fe444bab411899b5ffa3ebd5a90276;5;0xC000;31232;61;512;1;0;1;12;95506;629
09679732c4f07b5b.dll;31232;bee2e8d771886148436f09a3038b0b763c2da27811f21abc6432275a078fb5ba;31744;226df352ef71cfb160ded85022b291f2e78d5fe92e11c0d8d8fc5e0f0fe635bb;5;0xC000;31232;51;512;1;0;1;12;96135;629
09679732c4f07b5e.dll;31744;9cee1593f31feb296d28d5666c52c8b5f27574b49eb7998e221425fb76f26178;32256;00552e84925c20904f937876c0f682d3fa403aed469fe310679ce08c757b3346;5;0xC000;31744;109;512;1;0;1;12;96764;629
09679732c4f07b5f.dll;31744;2f201d3398530120e10a46dd0ba75d8b8a75a35b0a5f8c686b086b0e56e5955c;32256;8a840d363accfc8762fdf6efd919cb1d6d300b136d294767fbb868b62028258f;5;0xC000;31744;111;512;1;0;1;12;97393;629
09679732c4f67b52.dll;31744;df9dc3828dbe4c8d86e56fccd63c8079b6b9aa90bf16674b88b64da5a0c5d731;32256;2934c15d11300c7595b942c407378890d9dc208a1ba20204c4ba06637988fc26;5;0xC000;31744;142;512;2;0;2;13;98022;639
09679732c4f67b53.dll;31232;151775c47cbe0f1fdb7d5023329aed4e8d46bbec6b8d590c352873d8e6153af0;31744;dd40e89e220689b63c27e127cb4c4b54a1c4cbdb0d24621431e8c767608455e7;5;0xC000;31232;57;512;1;0;1;12;98661;629
09679732c4f67b58.dll;31232;91f7e6bd4e9441929551cc049e33b7557c1405aefb4940bcb77f8b5772dd8d0b;31744;a2359c1faf4896abbf943a75a265b7adef1004df32b68f930effe2707d70df3b;5;0xC000;31232;37;512;1;0;1;12;99290;629
09679732c4f67b59.dll;31232;622be80aa9560735fe043a8febebd438835c9f0f20f5a6d341ceabf971ca6da5;31744;971c46ee2ef737dc52874b5bd92bf550de6766550414ff1bc4b821f9d88ccb5a;5;0xC000;31232;52;512;1;0;1;12;99919;629
09679732c4f67b5b.dll;31744;f8564adcf809e29e64ca592ea00f00f102619208d74bc8c34e77c909f2c91d16;32256;c9dd79c585353c9097c47d9cdf4a806956c30d6f5802813d2f435d302f7aefe8;5;0xC000;31744;60;512;1;0;1;12;100548;629
09679732c4f67b5c.dll;31744;aae49f549d9a179785a7452015b70b0f7be61c5cf88adac17815b97d7fdffa1b;32256;05f7d545e6d14714079a5bbfcba8b72d6789b2e7b2c41da74e63f7e6350cb3e1;5;0xC000;31744;63;512;1;0;1;12;101177;629
09679732c4f67b5d.dll;31232;ab5cf0b86bd0657044d5755ae7173dfdc977878fcf30964216691d967248a1cd;31744;9aef1d4c7f4596b0dd6f8e984b7420edf8e7b6a13abce87d698283cfa6df9e0f;5;0xC000;31232;70;512;1;0;1;12;101806;629
09679732c4f67b5e.dll;31232;44f25d85940e1eb0e7cf7776c76a00767844825a7943ec08ac8638f9baf9c39f;31744;e376bede93b26f63e25c43b00c5552ce730f053decd0250e6c6a1302976b8384;5;0xC000;31232;38;512;1;0;1;12;102435;629
09679732c4f67b5f.dll;31232;ff0a1547e35b4a14c27f86823c70927737038b0016f2d9aa0037415aac912f30;31744;d2d13f5eb0e48c1df0461c2587989162e13386014aeb926c45dda08ee7695a69;5;0xC000;31232;82;512;1;0;1;12;103064;629
096827b828c53eb8.dll;30720;a324a1714d1eb296d8dd54924a37cc6158c4b25b815bb97963ee5f7b81a8af41;31232;ebc8105168107fd76cc171aed1ba79d26f1380b45c7e2d53a21407ebd109ba60;5;0xC000;30720;121;512;2;0;2;13;103693;639
09709e6f355825da.dll;37376;7323207c6f217c181a22f15fd7404c91c4d3bfc95e577ea94c8df49902670aa8;37888;e183dbcf641b4e3502c510f0d677df576455cc40e12f18fa3e4aa4b21ab9c63b;5;0xD000;37376;196;512;2;0;2;13;104332;639
0976ccf0bc1bb31d.dll;32256;43c1b7af1d4af524ac2548352a4326f38c468c387a8e996f8c2831d0fba1bbfe;32768;40d675f0bdab31f0e96d13d9048486681b6ed73e2249a03bbb9bb9424403dd2a;5;0xC000;32256;25;512;1;0;1;12;104971;629
09a2c81e1bb50375.dll;30208;9966db463e87ca9145017eecab45b554d62f6a0a5abdf9e3b36d6f8f5942a1a3;30720;aeda74ba1b327130a5950c6928414d06f7166b89aad832cd97110975d83f293b;5;0xC000;30208;122;512;1;0;1;12;105600;629
09a2ca1e1bb50375.dll;30208;709256ad5380f3121f9ba81765be0cab4155f8efd3e0c9eb315aab74325538cc;30720;1771cd6c4c84d6960684b8cc59d316697d837a34ce4a055b476dfbb3783125da;5;0xC000;30208;127;512;1;0;1;12;106229;629
09a2cb1e1bb50375.dll;30208;c448ff6234702ef02299b8ada11d77136b699cedfa0f65b71bfa3c9cc61706d4;30720;8aa42a79e8d3c04ad8d8e32fa6da5d853787e6c05a0b2d07496a97805288de25;5;0xC000;30208;82;512;1;0;1;12;106858;629
09a637df00d29f25.dll;37888;48a0dc409a20b8192ed1153b28b9e091abdba042b62edbdd9c34c44b51c5ca96;38400;c9642e15f8c78a7bdfd0f3b645fce4995277ad87f0c692fb70e25334331d3843;5;0xD000;37888;378;512;4;0;4;15;107487;660
09b2f9bfdfe53a7f.dll;32256;1e5ed2603e60e758452a460b46b19502ff77bba31476fb255b7bedbb9ddf4374;32768;8ec04627b9e0cac36fca7aad4096f1d1427c350d5719d8cf26fedba465dab6fc;5;0xC000;32256;40;512;1;0;1;12;108147;629
09b823ca49412bf2.dll;29696;69c869c6d29a16cf854e67f3a197285b79aec33a77fba5ebb36564d06a0b0b26;30208;423342be39aa531e8cb331d02c517d9daf48ec440f8f3350208ba1d68a9abc06;5;0xC000;29696;40;512;1;0;1;12;108776;629
09cd95d23d44a0e7.dll;39936;2b159312c70c256a299e952a39ac2dd03e47630e6b2197a01d14b0897df1373b;40448;e121f8cf835f29d6278b05b9fac2f04e988c41825db29a4eaca337a291d0eb82;5;0xE000;39936;295;512;5;0;5;16;109405;670
09f254e0d7228edb.dll;28672;a4822082ab02bd8838dee13e78de118c18b9aec5244928cc13b097e31c74cfdf;29184;fabe9a5f7f4095ea3c0090ba87e1662dead7c56f486d2ce3f94eb2696f3c1f73;5;0xC000;28672;86;512;2;0;2;13;110075;639
0a012d9aa3d14a22.dll;39424;966abe005a7a524abad758440e1056834720692fb4cc82ddb39d84dd3bcc01cd;39936;e6ef39e167ab6381ee2eaa39c85b4b4908b0f796bfa23a937a2552c5ba773c20;5;0xE000;39424;162;512;3;0;3;14;110714;649
0a09429b9b676f49.dll;35328;61915c9c5bfbfaf5c8c45abbafcb32d938a409dee18b3009cf6683936a9a310b;35840;07fa6d560297460927f8f22ea2ca20e1b9d323c23dde4c193d24f96114b85c9c;5;0xD000;35328;101;512;3;0;3;14;111363;649
0a28288bc8c9b009.dll;35328;76909a07e547d549aa2dd0ddb51e3e709a1f22bddb6eba8833de4b39ceb0d638;35840;bb826754b97f66d830892662238a34532177fa800aeaebe8faaeb49fed2d90c1;5;0xD000;35328;172;512;3;0;3;14;112012;649
0a31a0d600ab3ba0.dll;34304;27603b2a83c932d0ffd36470ee989d0d0df8098d52793d1584183a644a16f18d;34816;117ba02d791356033e6753d0a44876cf5e84fecbc061acbf33d87ad1898ebd87;5;0xD000;34304;287;512;5;0;5;16;112661;670
0a3b590792618957.dll;32256;b4e38db4ab01410301e3f5dce805c894c57dc89a99e718dacf635baa1adb2495;32768;d1978e6f35333381ca49e6bb2cb7bd932992d140efab64fa08126a2e34a626ae;5;0xC000;32256;20;512;1;0;1;12;113331;629
0a3c8d26b35943e5.dll;32256;a24e3f6310606779bd8b0045d2d588528bc0ee27aeb2b1b473a9da40993971da;32768;1c538c4bb81f1e0d5a976ef94516afc86d76dd13f9417bf241f2ffe800110143;5;0xC000;32256;30;512;1;0;1;12;113960;629
0a489baf0ffbf43d.dll;30208;204814d9d3dbe0b8f954ddde348e8a16b39aea66eaf4c053db0cf97de1604dad;30720;b60f209f474282d5d4b3a5630a34846768fa13c4bf81b67f4554152253f58c2a;5;0xC000;30208;55;512;1;0;1;12;114589;629
0a489baf0ffbf43e.dll;30208;14ff3259f8f1f27b4e2aac9eb3b120608c22de7acc48b10c7dbe4a9bbb80d712;30720;d2ab83cd54525ed4b8b8617759170fe565df125bd5fd4d9ba5a56715f5fb68af;5;0xC000;30208;93;512;2;0;2;13;115218;639
0a489baf0ffbf43f.dll;30720;0949c91d1c8f4c6ca458de2fc412537e996af25a6732e125a78855bfe4cb0841;31232;1b47e378109f6f62dad59b276da5ae388e0a3fd51480afcbd4332db0e16d899d;5;0xC000;30720;103;512;2;0;2;13;115857;639
0a58eb2dfd80049c.dll;30720;6c0e4618ab223c1f324c9fb30a19b501e072b81842a181d28edad866413ee2fc;31232;46c050abd920c00f135895eddf3632d11afc3cb491f2b7f52881ff83ee652605;5;0xC000;30720;60;512;1;0;1;12;116496;629
0a5ebbbdf451fdb3.dll;28672;85b4e768adb7f9710c749e1f6f0f48a9c43f5b8f26ee7eb35f67576dcc32b9f8;29184;b35f16435bffe31e9de6dc683b01420145651b50ef46d3b935640e706c49b502;5;0xC000;28672;83;512;2;0;2;13;117125;639
0a5f56f598797edf.dll;32256;64848c4f6c0f0724c82ec41f076ffccda4260655c87f657da43f398b469a07c0;32768;24e091816821f22f2fae7f5d29dbb4195ecc305e66ffaab9eb7cbe6727d5cddc;5;0xC000;32256;72;512;1;0;1;12;117764;629
0a69693c0c3f3866.dll;32768;4d4f264c5285295fe2ed98eb031f7b4aad67de9a1ed477b1e9e32605433d1cc8;33280;d080ca43bcea9291534518cc2876860631da57695726c9e9b85d265adff710bd;5;0xC000;32768;38;512;1;0;1;12;118393;629
0a82caf574d1c71f.dll;30208;141f496b3578d75fc6ed9db9a733bb78a8e4c2d96e72f186f939447ded6719cb;30720;77eea1238989b4d20b27853af1a713e2e393d9dfbbf17e8ae7bd342c58f83394;5;0xC000;30208;59;512;2;0;2;13;119022;639
0a8e1b0d19f0efce.dll;28672;8efacc1a5890b535bcba34e0778c91068718feba276a2ad19d3a848a7997cf7b;29184;083923b7ad05f5bebea965fc46c7b30f52930b12be4b09149c0877611af728dc;5;0xC000;28672;98;512;1;0;1;12;119661;629
0aaa189b5826b8d9.dll;45056;4267bd045c24773761cf94d72534ea5c48ca63b231bb6c9efba6ee8b66316217;45568;b1487c042b09808c76cc6f37e4fdbe8ec643c26cfe68d59ab775c7d22e3d3a63;5;0xF000;45056;172;512;3;0;3;14;120290;650
0ac2338262146a3e.dll;31232;d9ee3a6ceaf002348f8f82d7e2d09f3ac88e592c40ffe2605113091709ee909e;31744;9ae63c3d8a3dc00532a838ec9f3ced9b94fb8f14b2ac5701e87aee40c1b1a1df;5;0xC000;31232;30;512;1;0;1;12;120940;629
0ac26d0372d5accc.dll;31744;2f4d8c16d79b341fb427879dfa76bc35141568079d3c4a1db7288e93d00da250;32256;49c0da6c19d35b4201c2401f9c5322ea958819aecab51b37dc5484ee553f2625;5;0xC000;31744;94;512;4;0;4;15;121569;659
0b095c520a470ae9.dll;80384;64f8f3fcf2c313f134790e0199bc509a60eb71efdcf946fb2a980d27c1cd81e8;80896;632aebe8b319370c429411c00beb4106b933dc31482f11b8d1877ad8a9b6a174;5;0x17000;80384;339;512;10;0;10;21;122228;721
0b1d5c9bfccea6a6.dll;34816;2e2676e950ada36da6337ab85b66adbc2b8a7fee5609dc628d50ca2810a8a860;35328;1f8e6b51ceebeff42787f9f62760c4ae9d2cbe3be2d28e2f782a41c6a0b3d452;5;0xD000;34816;23;512;1;0;1;12;122949;629
0b1d5c9bfccea6a7.dll;34816;ce3e2201adae92cca868817b75bdffdc587db941532c2e59d71b00108227e986;35328;a226960c1ed5828edd306707095165cbe425578dbc70dde5696a0361a93c24fc;5;0xD000;34816;31;512;1;0;1;12;123578;629
0b1d5c9bfccea6a8.dll;34816;d4f9c8811dd97714c78b189d3a514a2d63ebf59df5c7138e5abed6a8a112e45e;35328;0cd1ce6cb9d738fbe9c7df87641a5a78f2c977f7f26456cbf0a9464f3c9d57d1;5;0xD000;34816;23;512;1;0;1;12;124207;629
0b1d5c9bfccea6a9.dll;34816;aa27a8320b9809c4e0c1d6b024b826a083a0a3760e76092e14226c33ae50738a;35328;710ee84af6423d5ee47ac3d7ce7faa6b46b2fa3aff246c9c0b8c20f3124c9711;5;0xD000;34816;24;512;1;0;1;12;124836;629
0b1d5c9bfccea6aa.dll;34816;bf6d75591f7cbb3dc9bd7b365a2267b0ff70209acae8b651035eb23dd9a96271;35328;10379a8b8bb8b3cd9160c8cfbfa07df545e2f8866a5dbc3675302a254167cb90;5;0xD000;34816;33;512;1;0;1;12;125465;629
0b1d5c9bfccea6ab.dll;34816;f9234d7d6be17e988b6422ba3301d515716660649454eba24d5b4184f3941a5c;35328;6f0f35856325d3ee3913ec6b15b79edc1201dae0da2ae49e64091b319a0b66ae;5;0xD000;34816;23;512;1;0;1;12;126094;629
0b1d5c9bfccea6ac.dll;34816;b7383551dbf4e33ba4cc1a3aa851ffe4241a6daabf4a21e749dfbc9cb3fd9070;35328;478f6d06a8b631613a113f7661707536e41f419554fbf04fed14772b3c3a7c92;5;0xD000;34816;21;512;1;0;1;12;126723;629
0b1d5c9bfccea6ad.dll;34816;a9094e6978b933f2c255af7bee35ac4dbae79fffc8d037b5c0a30fb0dcd0a262;35328;053ea4e5f41f362b6ab1701c34e2c2c2244fbed9363bb99a7a9d772377990470;5;0xD000;34816;27;512;1;0;1;12;127352;629
0b1d5c9bfccea6af.dll;34816;7630d2e0fcfee2120782fd22ef01c4603585c486ac83d3669b3b6e9e025a16a0;35328;2e40ff452c6b1449c5551bb7f341f948d4a62f9a4487a05c4cf7f538e24d3083;5;0xD000;34816;23;512;1;0;1;12;127981;629
0b2f90fe76d0c43f.dll;39936;4744548afce1ce6ea48d9c4910ba96138088259f4497e3049f8d09a3d53d2fb1;40448;ca0e79d6694ffeb9ea3c13a9c3cbd9f3e667c41df9ef36f073d5f71191ae35cf;5;0xE000;39936;174;512;3;0;3;14;128610;649
0b33644fb931cfba.dll;39424;43ce95aa0b3079eeaa082019f4ac7cc485f09e770eaaf575219fb301e3e979ca;39936;57907cd22bc526410c82033adb475634a90fb4a0340b825b885540396b30c1bd;5;0xE000;39424;184;512;4;0;4;15;129259;659
0b3d8edfde561b44.dll;36864;a29595b1f14eb64b85853ce801362f474e0e19ea0bd0ac5bedb7d52e748e1f1a;37376;576e4103d81288881575b232145bbfaba3b671ecabf7fcc46f90c8744d25b957;5;0xD000;36864;54;512;2;0;2;13;129918;639
0b3d8edfde561b45.dll;36864;91ef2e9366dd8330f28dd881088566c5dfc0749cad40bc3b47a8803ac783e443;37376;e9b24b671104d6bbe3e4fe4d5f864c98412e38f459cae0163342611bd4927ead;5;0xD000;36864;77;512;2;0;2;13;130557;639
0b3d8edfde561b47.dll;37376;515b9599a15d7435da28dd63d0f0b42291374c5cfddcaf2a8a21b1f464f4090f;37888;f2346606e7b58a720d453108765a878f6beffa01d76dc8e0665f0f4a8d6d72e0;5;0xD000;37376;54;512;2;0;2;13;131196;639
0b43e7525ff6ae0d.dll;31232;52d8278c58aa304424c1196654e61c9446c225068f3afc472d4f9ace920b4e7d;31744;9b5992de06c57c95f90450047b1bfae6be0dcb8d39fb294cd2c89a52f84513b0;5;0xC000;31232;396;512;3;0;3;14;131835;650
0b5f1fcaa265a681.dll;120320;5a582b9daea90eeecb549bd5c371580946903e9f6d0efaf03ff9d60a993c2475;120832;1a6babce1b03993b65675c4c6a81fc3a81b17a6b50dcecea011ce1118df23aca;5;0x21000;120320;284;512;10;0;10;21;132485;730
0b83a13f00785cf1.dll;29184;378e704131d84e03210ea91e428b4f31d5e89e91e1b955703cfb6be237418b37;29696;5fa1e5b79fb65e5a6b4cbac4f7e5cd2f9f3fb8fb9eedb7dfc1e76a7ca534db70;5;0xC000;29184;126;512;2;0;2;13;133215;639
0b88a33713df776e.dll;31232;0621823304596f7c2de03407af780b2c68dcf9453542befa27605fe154214c62;31744;0e9cf38b93ef7805fc33c90229f720adea6a5cfa12ef34e7e2e94ffaf49e5057;5;0xC000;31232;81;512;2;0;2;13;133854;639
0bb98f5641d737c4.dll;30720;4b3659856838d7689d9b29c0767a48c02f6fbbc40bb4d6ffb8a89b1ce744a8d6;31232;486197c06ccfd57b66ed09c488bbd022d0c32d22ff08c84c7a6e2159c70334da;5;0xC000;30720;150;512;1;0;1;12;134493;629
0bdae7d40fed3e34.dll;30208;6c5fed9fb47e79b06bc888e78d79d26e000f0b7cdffa7e9dae1e879b8309a2e4;30720;dc7bd5f28d6a96c4d10559c7339119ac3c17b6dc7cfa1c2bc3dd3ea6b15337a6;5;0xC000;30208;64;512;1;0;1;12;135122;629
0be3c7f8cf810993.dll;32256;a87ad64716141f7242d1c16e67b12420335c45908ef96f61dd1b2e301b89e0d3;32768;07be290a050c1f4e88b546ef12bfd99fbaed5ec52282dc1281e7fe196f3d89ce;5;0xC000;32256;82;512;1;0;1;12;135751;629
0c722ec737e9616c.dll;30720;c809c076574ddfdffd90f243c07084902e0c81323dd1c282f998035206a512d7;31232;21e67ffdb45266473d24f0b5aadca2b9b9d0eb619febaa9223f96df1567c8f13;5;0xC000;30720;123;512;2;0;2;13;136380;639
0c7fa3f035783c91.dll;49152;3aa92b86519651ca76f8d0306fd4ec1de2b6716c02b8b97527702a017214fb0a;50176;6563509a51faf390748ecba4fe5d6113f106c7471259509601e7550e9078d175;5;0x10000;49152;721;1024;17;0;17;28;137019;1302
0c84e5224e738a11.dll;32256;ef285411af879786c8c40c9fe4a720b3a6df3972a06488d058edf05aa26136dd;32768;2e38f6f2a2f20b2bdd7656abb46a2d4060c1e4f8dc132236f13c5830b86666c9;5;0xC000;32256;79;512;1;0;1;12;138321;629
0c8e01c0c59c2e8d.dll;29696;e5bb9044e13801d016c2211c63ad8d2d7ecea66326a4f3cac830758e255d9d31;30208;5a1853fa97f20f098c2065eef9266c13eb8f5aee9f3af60f8d4ec5a774f8e6c8;5;0xC000;29696;74;512;1;0;1;12;138950;629
0c975f2c8ce399b9.dll;69120;2a5871b0a156cb55c4ab905ecadeaef007b09353f53ec40ea4176211c26aff4e;71168;c780c041279f07dc28a8242c0ef096390696b7ccf160f9809e60a1fa06e3d240;5;0x14000;69120;1756;2048;30;0;30;41;139579;2461
0c984188b10159b0.dll;30208;0c2a8857d990d5b43f420d013626f4a4cffe29f95d631edf047113bacc55a318;30720;2f951baf4d7f5dac4514962905286ee05178b6e28fdac4dd663eda1ae22a33c9;5;0xC000;30208;94;512;1;0;1;12;142040;629
0c984188b10159b1.dll;29696;0d0f1c529fb95eae62caf903a68ac719de7cd517306fbdffed01ea3c51067980;30208;9f4e0e31a0a61e6dc4498b3dcffd0ab3d9d20509a7ff19a9faaf5b11cb7c3e75;5;0xC000;29696;75;512;1;0;1;12;142669;629
0c984188b10159b3.dll;30208;b850a30111a4407d540830372c7e1d1c69471a364275e0ed0cdad98944b8e779;30720;648b06b7421aa88db2228b1180a4667a5dc3ad46732b5b781b56e9c402a2922e;5;0xC000;30208;102;512;1;0;1;12;143298;629
0c9a70d026f1fead.dll;40960;264e4f60f81aa247b97b764186451a2ea35f8348a5f7ed0fa0a98a9f2bf7259c;41472;ff1de006187a2641b1881fd2296703ad1cbe34f0dfe46ad98e2e740b49ddced9;5;0xE000;40960;285;512;8;0;8;19;143927;700
0c9c291174769e89.dll;30720;acd62593b210d7b33dfaad7ecda5a0f5149df6a8fa3b1da2a31479cd984f2e0c;31232;13d75d787017cbf0a01a1706a26d0cd97b1bb55afc838a92e5982ca2f6370f15;5;0xC000;30720;104;512;1;0;1;12;144627;629
0c9c291174769e8a.dll;30720;4670c875b76a2309748db166f320e626ccd271e26cdd20095b48b5e5602a6cb4;31232;13e929c04ca81910780bc9d251c03953bef8e42bb063784425e0d6e24a73edb1;5;0xC000;30720;92;512;1;0;1;12;145256;629
0c9c291174769e8b.dll;30720;1debbdd0014feb7abca81cb7185496f41b111bf25cace7e8c775a8d843516e03;31232;830a876d1e5f1dbd327007b6b149a0a7fee903f1fcb5b3612db01b59031c3aa6;5;0xC000;30720;130;512;1;0;1;12;145885;629
0ca1886b2f77bdc2.dll;36352;13c3f315c2fc105702fb0183a0ea77a5d34b8c5fd746b49732f089f05a68442b;36864;141ac3fd206f076965bb0899946c7f27b376ce3a74d318542051a6c5ae6d6ac0;5;0xD000;36352;397;512;8;0;8;19;146514;700
0cde817011af016d.dll;121344;f75b84db6cd90b71ab0d356ef736581e2718d41e6dfea64475ce4181d0dddf41;121856;315d9e76a954a5d698bef8cc5bd51cf10087df02bae1ae0feb815495ee98df27;5;0x21000;121344;242;512;10;0;10;21;147214;731
0d1bab8289e34dc4.dll;33280;c8ae8126fc29e2762d1e1330557bd50e1e3b83a2a7a98105a59ec429ad45128b;33792;9384f24ff2346dd5d52d7f7d596df961ed88626ea8e850e968572cde76d679d8;5;0xC000;33280;361;512;5;0;5;16;147945;670
0d1fee2185b9f1a6.dll;38912;26061ed8c2d29ccc83c5c1652d00f2552bf1411be890ae9ff78e492e79cf3ed3;39424;15b9a85ae569ae47e05000107ed1322aff24c54e76e0880a4c7c407c84c862a6;5;0xD000;38912;233;512;5;0;5;16;148615;669
0d24b101815fd7ce.dll;30720;96589bb07a3669c982649eb95879631f1921b3c9e28fb3cc75dcfd92c031a80b;31232;31ea4986a8c7e2d90101b5283a0f49037c4aedb92e86f971f63d8392c3d10776;5;0xC000;30720;165;512;2;0;2;13;149284;639
0d2bfc9dbcaa841e.dll;39424;f8752ace1e37163fd697596d33a8e151d0ff5b3dbea8c0c3b867a746da5c3536;39936;b571bc7e68aeddb65c6d1cdcceefde7f98d8006ae7d8ed5dfd706ef50927d88e;5;0xE000;39424;268;512;6;0;6;17;149923;680
0d2d5ff575a67e03.dll;28672;a6334667ff3364605ad21438f858fc51067b4c727232699ebee8e3ac606ab931;29184;691cfcc79e31f24ad3e4f4d706575702b61f35bf9fa833d063d784ebecb7447c;5;0xC000;28672;83;512;1;0;1;12;150603;629
0d40e46015cc0f88.dll;35328;6336ccfcbce1e5b43734fbad4170400ea33afdc6c2a18cc7481f6843378ae91f;35840;1fde8caa5665c0d6e5b519e8f09c6450e8bfac8db206b7d2dedd835d9940a8e1;5;0xD000;35328;138;512;3;0;3;14;151232;649
0d691eaeab6127a9.dll;30720;c0f3ad7b3712543c9a0d9e772304d38e77be588959fe1020f3a94de67819281a;31232;b8eeb4b5abaa6cc263f34da748782070e6269d0fcb25d9d54a4afaadd5379d9e;5;0xC000;30720;161;512;2;0;2;13;151881;639
0d691eaeab6127aa.dll;30720;ed40381264f9c50b3876390edcb798c2c2ce5938dcc38b36049249b6f5bd487c;31232;feda2b4a48301da565659a16aa35486777c00618972811224f4dc8518702569d;5;0xC000;30720;172;512;2;0;2;13;152520;639
0d73beb2525c9b99.dll;48128;6b1d469542308c3d1511b7d6bd2371a4c36482e4089ae6078d294dd63df1c3ae;49664;ad55d6f5875870ec943edf9dc8e7b97577698d6a917a9be868c3c5134073bf6c;5;0x10000;48128;1092;1536;15;0;15;26;153159;1794
0d879c0e48bc8b45.dll;32256;c3d9995060cc5b986678f754fa9983679941d6552604216407126718a9e0e873;32768;c6edc1588c4bf11e0d6e57f3e600365ee5617229389bcf04a3be86915251fad1;5;0xC000;32256;24;512;1;0;1;12;154953;629
0d9361e810b1610c.dll;38400;b3be44c07ea7e6e4c5cde2f03cabc7f4029b9644b7eafcca8890b9c14d21096d;38912;e8385c78a81703404f8d1ded1f2821013a6dbcc7741659e05e185568a19e3ef0;5;0xD000;38400;236;512;5;0;5;16;155582;669
0d9361e810b1610f.dll;34304;283ff25b17ee0d1a843e73336e1ec2bc96b4f9c94030089f36c44637822e557d;34816;03199d460efc2b4d15456393a14303102064d095dcc813e271b39ca44f01b8e6;5;0xD000;34304;82;512;2;0;2;13;156251;639
0dab5fb9b6187489.dll;29184;04f79c25a6ff0f109a959b7dbc9166fec226fb511b3989288d86333a5f4a563e;29696;8a999406903419418026bbddfd6478facfe48b6aeebc317cef1886a58aca669b;5;0xC000;29184;77;512;1;0;1;12;156890;629
0db1f5cd65713921.dll;30208;96b4a17ff9eb28cc3ab60fb0e3a5a5637bb6072f8b0dbe186b9b764857272ff6;30720;063a03e7daa4fa6d30d298885264bf95113f15f8e7c4ef8d133a94b8ce639480;5;0xC000;30208;88;512;1;0;1;12;157519;629
0dc9915c234dbb39.dll;28672;c6eb8dae1742b6660ad6bc4235ee93b55f909f9167c7295bfcc334a469f1fd11;29184;4b23fd4152ba248ba983c4e4443b9d134774c6d5a2621b8ef2f053bffd50dcca;5;0xC000;28672;33;512;1;1;1;12;158148;629
0dcac1ee264088da.dll;30720;a9dcc8a88270916be4d5f0a058776dcc68e4e0ab6114c44d5f73ab0e86849328;31232;5149f9335f147e9579a732f8bfbc038382e3d4b1924c88b2c8c15b2065213561;5;0xC000;30720;132;512;2;0;2;13;158777;639
0dd1097bd5309930.dll;37376;c3397b9be93051b56ddf2f4d4d2e7995c5726a98851ec6ba54dc9474fbeacf6e;37888;3c48d9bab2fb6c338c713c1924b03b9dbb30f546df23a280266c9086d541386d;5;0xD000;37376;490;512;5;0;5;16;159416;670
0dd313d817eb1ab5.dll;28672;6595061b06ce78a140e502f1fda44fb188b1800c342c305d9fc2714bb2d347bc;29184;6dc8e4e06596d09742e2dc3e2805c9cc33a8e41384f29ed0255a10031fdd4b7e;5;0xC000;28672;29;512;1;0;1;12;160086;629
0df4e32d064bd345.dll;33280;d20070ce0e4e7fa11a66506a6e8ac46fc6aaa77c42d6b0c65a37c553062aa4e7;33792;7b5769591a90a531d696a373fd49ba27aca8f7d81c595ea4b3846bd4f6b7e95e;5;0xC000;33280;41;512;1;0;1;12;160715;629
0df4e99ee6a1a238.dll;31232;69581cb3d32725eccec0892459476216c4002880e43255ce64b9caaece061491;31744;3e156611cfb5697e102654a2d0a62eb6032126d9ed0768815a009f29cd26257e;5;0xC000;31232;170;512;3;0;3;14;161344;649
0e17b95a327ba08b.dll;31232;7cc3efcfea200525b014fc8db5af65e7d98c5b1d2034fdb888a91818eec1a1e6;31744;6687aba27007e689b8b7531ab39d63d37d0d8c00364ce23aa791951c6f403eac;5;0xC000;31232;167;512;3;0;3;14;161993;649
0e1c254403875cfa.dll;31744;d67372bb4ae1a90127c575616a9764220822b960988e3df83f0b9cd0306932ee;32256;f36d216f869939cba527649e2db1ad9cdc6946e86b2e71fc6c45c7c5945eec77;5;0xC000;31744;161;512;4;0;4;15;162642;659
0e217774edc89823.dll;31744;ee232a7b19561ba5f665858241c5a8a2c7d4ae649176cbce7f7f64da1c636d53;32256;2f50d3b777f3f70fc2ecdc279f49bb562caeb3eb935ed0968bb87c2583515ca1;5;0xC000;31744;25;512;1;0;1;12;163301;629
0e431169c0582dbe.dll;31744;826daf5f7f28f11aeca9ead63b691ed2abe0ebff5d54e8aa3347a0c3ab77c4c6;32256;822d0bee0697d21ac79fa11baca9a2721925c1c0c797c2653c82b7480c9364b7;5;0xC000;31744;276;512;5;0;5;16;163930;670
0e4be06550bf2f53.dll;41472;1f0a2042378ec7cf5538f806b699393f9adbd3cc686bdde69be27ded756d9ef4;41984;2ed5acedad1a4e6ee9815380a5832e15022fca94b8020216f566273f9c08d4bb;5;0xE000;41472;296;512;5;0;5;16;164600;670
0e55bbc7040567f2.dll;39936;3ef3c597dffabe6003dbee96c863c115532d7527d4a274b9506f6f99e95b8bfa;40960;508fec84f50db7396290ba30034402e8dd81fefda50ad8e6e0aef31996f433d4;5;0xE000;39936;655;1024;6;0;6;17;165270;1192
0e78f5bca00e7914.dll;33792;edc930ebadfa4e1a7ee885e5040e079ffd7dce50f30c06ec8bbdd23468de0dfc;34304;6dd425f739ce07ebb1c7f3a2f2caed8e084de546ab57af44579882d6f7ab1c90;5;0xD000;33792;54;512;1;0;1;12;166462;629
0ec282e39244c6be.dll;37888;efebf8d3d5e72ebfe951988753c7edb2915941190435a8d05d834196c4475136;38400;c35a65f95df3802343214509ced6e8a4b4527aa3a6c6670183998e449b8d2e17;5;0xD000;37888;47;512;2;0;2;13;167091;639
0ed5db655e17b9fd.dll;32256;381059425735f7d333af651a8aa4a770e15c9f9189bababc4a13d040fb873e67;32768;dba815236dfd1deb37b237f490908f2376ebf93a1f11bd09c2b38891d814e869;5;0xC000;32256;30;512;1;0;1;12;167730;629
0f0a91bb22cff38b.dll;32256;6e9260dd479e4152c93c0a5facf782228486eaa9e087342beb73e8b1a96d079c;32768;f97d3b4cfdf0e041d3e3f9eff5736a32ec26af748032abc9d60451046005c49e;5;0xC000;32256;32;512;1;0;1;12;168359;629
0f113934299dace5.dll;31744;7168310033d4159108338a44e6d4ff48f542b87534b3fc6a7a774b707e0ee130;32256;400223fd8f964c9ae836e632c440e21c0dd86ea3842c7cb08d6f30cfd176f1e5;5;0xC000;31744;190;512;2;0;2;13;168988;639
0f2272cc1aaab34b.dll;29696;40bb5f39c4e6f9efab5217553954229274c052e3c7464f11f225ef6620d1f754;30208;4fdd5ce0c66bc292495dbff6bd84ce49b0802427d126b73a3631be52ad76b2c9;5;0xC000;29696;31;512;1;0;2;13;169627;639
0f26089aff79955e.dll;31232;91079e3e9e7161dcffcd11a10220cf779e6236c502acb7b6818c9dbb3a03025b;31744;7a4c31041113f2565f78a7a83a5c173670761c9e765a2f4c401c2ebd5c37010e;5;0xC000;31232;462;512;4;0;4;15;170266;660
0f43113ffb5ad90f.dll;30208;863ba3c63cd66be3ea0e8fb0187ebdf66b6a1217e4d9781a594cf21d0821f5fd;30720;9fb6cc39ce9614a7f8e85ead840aeea2f8a75e729fbff15116d4f50d546049bb;5;0xC000;30208;183;512;2;0;2;13;170926;639
0f469540b5ab0429.dll;31744;cda00ae7e52d8d14969ff6a3780d0a4572d1bad20ea605228aa477661c2306b9;32256;d835762e26d7f726a9159bd6c979fdf4c2898469e82922a785fe5a76fe812c8d;5;0xC000;31744;219;512;3;0;3;14;171565;649
0f516c60177d5bcd.dll;42496;ce32197914b4649c5437ce476c6aefc24acb4f381cc038e6b0e80e32d3466507;43008;89fe98476cd9cd5401ba954df2dd5df6c146ed2cb6fe02742b400d2c24fb30c6;5;0xE000;42496;291;512;7;0;7;18;172214;690
0f5e52aca598e868.dll;37376;d78f21b0c668730c1f8a869d18d6185e0cbd83e040e4f2e5eb7ecae643fc667d;37888;3f6758b62201d44890a1cd97c3ac087a8d9fa8017952d8d19e243e65f6c264fb;5;0xD000;37376;41;512;1;0;1;12;172904;629
0f60c6db686ef80b.dll;39424;9ca5718aa4d67f4ce3d4184602ae5a1c71f7de4b90e687471517e28362136e86;40448;44c0baf68c13e1c276560aeff8ca440e46686415ea519e530191a5dca6e91bff;5;0xE000;39424;879;1024;12;0;12;23;173533;1252
0f61da2a20e958f1.dll;41984;66540dd75ae8bcfce5ad6549c4b57106a504aca9ee60150b64b78ac1adf1087d;42496;c1cd8640cb95e02436f10fdd2241e63ed710877a741b189d18b53950a66e3eff;5;0xE000;41984;465;512;7;0;7;18;174785;690
0f704dc17f1ffe4e.dll;33792;02b92f1161f8be1b6229e1886fd40a18414b80a95bd26f2912da3845e6fb985d;34304;9ce31a095270074488fff5a25189d93c058c5c5d29f48b4f55da947f230e94db;5;0xD000;33792;58;512;2;0;2;13;175475;639
0f81fca387ae19d6.dll;30720;343fec86003b26143d7a234217900f62d3b582a5dcfeb0e0ffd76dbc64de6a4b;31232;31501b1eb0933833c03593bbda7223412d966ac650b2f755d1327247636d8d89;5;0xC000;30720;302;512;3;0;3;14;176114;650
0f8ed4265c14ac20.dll;37376;d9342674cb05fd1e543237c504e19b2a96d4b25479a7e1504f004780c3a245db;37888;a6f00cf96e0716992c5cc063e3c5880215c962e11340fbac30ce90e200ff7baa;5;0xD000;37376;31;512;1;0;1;12;176764;629
0f8ed4265c14ac21.dll;32256;2c92cc18daa6a816d463b6ae76b7b56d17ee63d8a805f82b44ad007a1428057d;32768;30c22f01810d7616dba04a39594ffb21bb78a193dae990715c9d1dda89139520;5;0xC000;32256;32;512;1;0;1;12;177393;629
0f8ed4265c14ac23.dll;37376;f23d9d8c16c74c34431604931cd6d2a4e9e705d682da2f8e317e5ad563f21d68;37888;c3aa9666300ebf72c94a26f742e00c2f9345d06efb75ba9b4369b146ec9b586a;5;0xD000;37376;31;512;1;0;1;12;178022;629
0f9db4ed84ed3f40.dll;30208;13ca9fb7017f0dd0107dd7c7b90c783ab5ffb1296683a9c087989a9f8732d67f;30720;19211401352a78c1acb6ebe26bbc70f7b1c80d0767f5bcf07c4729a8f75d3a8e;5;0xC000;30208;86;512;1;0;1;12;178651;629
0f9db4ed84ed3f41.dll;30208;3c99176013e3514342cbcba2a155da78b6bfacf9fad068cb5a4b2db127de10bc;30720;904bc7666b4944008ca860fc4e5840b0d11c4b2d026d29c1ebe40227509811e4;5;0xC000;30208;84;512;1;0;1;12;179280;629
0f9db4ed84ed3f43.dll;30208;490ec6057483e0ea73f002c674f6553848a0552be59bee728ae0763081d121c6;30720;5241773e53975511b819cca142aa6ee292e1ed5171bd005659a34c4e7687b87d;5;0xC000;30208;81;512;1;0;1;12;179909;629
0f9e4386639fb99b.dll;37888;88cf535ca2485ef2b6678c487506e658a7a3dc538c90fa57eb2eb982ef984b52;38400;673d10c046d1f98b2c89cf064fe59e1803630540732d4961829958d61f01a625;5;0xD000;37888;107;512;2;0;2;13;180538;639
0f9ff14594af47ed.dll;28672;01ff4b734c802505487751ad729d7252cce0bfde6f4de4fd7c1386a99b9b1f63;29184;4324d2f3fa9c100f58e1942d72f12f101abecd89056aa8315302096c5673f4cc;5;0xC000;28672;71;512;2;0;2;13;181177;639
0fab363908973d76.dll;37376;aa57f968b77d640f77abffd92abe269eddfd43e6d70dc8e7ffb980aabbb4ea16;37888;c6f127f76a7da0a76617cd1f053c29b096cbbf44814a4474c7abfa42203e85b6;5;0xD000;37376;53;512;2;0;2;13;181816;639
0fb89ae245be6b54.dll;34304;3082c3b1ef5820a56a8ca002a1fee142248fa1ad3bd7e7bd030a4354655a7a12;34816;4dbeac578991d85b1ddd5fed40ff90783b3c6e57f778e805dc9888c07e18bf14;5;0xD000;34304;342;512;7;0;7;18;182455;690
0fd4326fdb6c134e.dll;31744;a5dcf329471dcd8ac84669722809b9667ad470edfcbac99c854894ee74adf0a1;32256;ab694b1d1248dfee4cfa25eb2a06551d882af81c4eecf1e37966dd00913ad7a2;5;0xC000;31744;292;512;4;0;4;15;183145;660
0fdb2db9c0bdc75f.dll;34304;341f3a7ac5548ccb90516183e0fcd0d7073dee8cb3adddd51cbc4c4c6c379499;35328;e7ca479dc47269fe3c73f5e97d128df830cccb30c1e9d61663929a8797043505;5;0xD000;34304;620;1024;5;0;5;16;183805;1182
0ff917955a20b8de.dll;32256;98f2871189f3d6b447c566c2afda62c760a035a2839872f55169438847534c67;32768;745cafacc56f8b7fa0ddcdfc734306eea1fc12e6bec9aa3291f990aed1b5f884;5;0xC000;32256;63;512;1;0;1;12;184987;629
101e3abbed1a4043.dll;35328;34ccf7802f1fcbaa00ee56319230beffe10d624e7a9558c31db22284fa49fbe1;36352;2f542aff8504d3ab3f67f4c440b3b07f999f09feb2caea05dca50ce6b6675be3;5;0xD000;35328;673;1024;6;0;6;17;185616;1192
10251e25cd07beb3.dll;28672;9c993629b2c2149e1326968245ca51e9e1d56399914fc060d9f4bb5034f9e846;29184;9988f03003d6b24b9dd53d352de00224d3dfe3c3a548e3833b9d74c5552a25aa;5;0xC000;28672;48;512;1;0;1;12;186808;629
104a91780af47763.dll;35328;e9829915f11a5c8e3a37668aa08a56b7a63f5c950a4f98320a085ddad2d864a2;35840;a65a575044f5ec95211e829b84c9d81366e248c773149794f0910b4a9d350fde;5;0xD000;35328;90;512;2;0;2;13;187437;639
107807d1c9a2638c.dll;30720;7a05102cf7c39c16b6c757fd25ce31f515e4c4158185800e74d52483c9033342;31232;b41b16343ed3aa494e6c63a394d0062de0b710243fa778a8c7d01b20a4e9bbd5;5;0xC000;30720;126;512;3;0;3;14;188076;649
107e91b8fb51633e.dll;30720;3654914e0ac07c9e5bc4299f8786fa12089d1dc3dd272f852cd0f3baafae6213;31232;6e2419acba328e9e196eb1a2ce6191a1dba88d9696b4742e0863b25e8f2dd4df;5;0xC000;30720;210;512;2;0;2;13;188725;639
10a2e9316be67e2e.dll;30208;1e9669b91215de42c69e393caf8bf1805661e7ef75ac0fa7e10d962e76e68b31;30720;f770614b0f185aae89d72a39f83fac97e0f5db71cc1f707f4a22ee381a78b0c2;5;0xC000;30208;47;512;2;0;2;13;189364;639
10cf745914163e9c.dll;35840;7f7b7cc0c80a11a6a58d67b7ad9556732c75ee6f3439cbabd6015987f7f1f43a;36352;4cc94862b9ed8e00a4e3f6ac5bc690feb563566ef2a0edff6ed59512a150f5b5;5;0xD000;35840;20;512;1;0;1;12;190003;629
10e49746d7a854d8.dll;30208;ab99c24df12264d374e6f67643adc90ec50f3ad22d8e73fd9e501b1a6d7995c4;30720;0f7426e1760411b680bf222ce97cc0131bccc3ab881ab7ae4f8cc60cf3cefeef;5;0xC000;30208;87;512;1;0;1;12;190632;629
10e7774b8fdf8d50.dll;31744;92d4f9bb1f132fffa521f23b3c03a37bb824fdc40660fdac7e936605624a41ae;32256;ec27c60fcd0a8039f64e5eb53d95ff14bde0d0415fa35b4c8e186ad51fa8b9eb;5;0xC000;31744;186;512;3;0;3;14;191261;649
1115e1c86dd952ef.dll;28672;d7767432cdbd1e72907eaebb0ada2499130d0b5c807d4dbfc97072400eccc625;29184;be6bae4920745b259f2809a1098c1dca93adc41ba482f9f67c6e360fa30b4add;5;0xC000;28672;64;512;1;0;1;12;191910;629
111eb3c9b21d2958.dll;32768;4ca98affd1550a4a0e3fda46371d6e27781ca707a5f13779abea03bd5b7bc7f4;33280;c734a17e59c70885a76c01c13adc6800a3584999e8d2726ac73b927b9576de8f;5;0xC000;32768;334;512;5;0;5;16;192539;670
11397606389d4014.dll;39424;acf7991f32e4508c228c4032285b9f844c7649231f46e2300f0646631ca54227;39936;21f6ca2276598690577f1fce021e47037cb54fe17c0c6369955bd152012357c0;5;0xE000;39424;396;512;5;0;5;16;193209;670
1150e1ef0253beef.dll;34816;ec2f68d15f61d5fbe2f666c98981867271dd10831f56bedcbc9793e2494c97e2;35328;789f619fa8b35f9b4fadf1e068e8edad43cb8ea0b07f028240ae1259763079cc;5;0xD000;34816;458;512;7;0;7;18;193879;690
116ff2775f6ea0f0.dll;32256;bc98306b5a41c68e0781abcbaa322ebaac275cbdf41615c7e612b31055cffdb8;32768;67161b59b002454522e961af2920036f5cbb865781c6de2dcd6ab96574112edf;5;0xC000;32256;217;512;4;0;4;15;194569;659
117dd4a3bda51fe9.dll;32256;707581dd56ce11106197b865784e979ce86fddd7396618005ef35e25b727e1c2;32768;8ac63ad84f413c213f716bbc8fadc5db98a4ec1afc41204e5dfb5e79858d9011;5;0xC000;32256;50;512;1;0;1;12;195228;629
117e1879ae8d8985.dll;42496;2bffc8a0f93339c1aa85048d8f6a8bd4aab257b50dbe2008a7e0d995b32c21a2;43008;78214ab84b397c0a43540dc92d7cfb657b28f2fc3be856fb1cfc97536a60e8e4;5;0xE000;42496;499;512;9;0;9;20;195857;710
1188d36fe1e4c887.dll;32256;a00a04c4144e4841396f6a57685a822bf21e207b1afaa7e07611b4b198ca4951;32768;52ba2a0f8818fbf41687f71f4749c7968418e6483dc86f18cdaa4d17a8033229;5;0xC000;32256;65;512;1;0;1;12;196567;629
119025df5df7bb0c.dll;34304;cd2fb65c866c778b41dfd93357c98d86cda5da647cf24fe47a3315bf92eb35fc;34816;18474179323807c51a29db199976ae99232251a0fa73dc980deead0cdfcebf84;5;0xD000;34304;228;512;4;0;4;15;197196;659
11c71056dda8e8d5.dll;51712;4d14f6ac6bdd5806f65caba948285c92029533fbe9d5c70c4730e523aa9df508;52736;80abe0c374d00bebab92dda2f983575b9e8b33afeef469c2cb0a36fcb230c650;5;0x10000;51712;953;1024;21;1;21;32;197855;1342
11f472bc9135666a.dll;31744;c1ca52bd4942c1752b8a7b05d299a85bf2a6f42a09ce25af0b597962c898e639;32256;bc94f37dba8d90c2fd8a10f06ba5ae3b639cb2cafc1b38d5ae2147f0229b8130;5;0xC000;31744;67;512;1;1;1;12;199197;629
1212ed14ff4cbabf.dll;398336;67480fc059820b44a6e1d805a544763c35823a300899bb401856b87e0da29634;398848;68db10d9cb0788dcdacb1b8b807922fa4d9b978091af998413e401d4d32e186a;5;0x65000;398336;188;512;7;0;7;18;199826;694
123c38ec1c961594.dll;30208;e3aa2cc16c137123b4959de7a00838cb89fddc0d35c108d21660f98cb2943a51;30720;545d084eec5f7869b2fd89b9c18f59c33695b8dff8b5fe027b622f975d96a5ae;5;0xC000;30208;35;512;1;0;1;12;200520;629
1266ad59f26082c5.dll;33280;bf23d5e44803aaff5311c52eb72f0f3c777066f8eaded5ea9a3d19daae41cdec;33280;bf23d5e44803aaff5311c52eb72f0f3c777066f8eaded5ea9a3d19daae41cdec;5;;;0;0;0;1;0;0;201149;4
1266ad59f26082c6.dll;35840;a39f9d2e3e583abd00ca4ea18cd77955bf1a4b8c2d7812d30cef2fd43af2d924;36352;448d905196c07b301d4ba4121d4f1ca0679e460cd95e71cf3b5918beba2d5f08;5;0xD000;35840;159;512;3;0;3;14;201153;649
1288594daa9f4d14.dll;30720;53522e11a99b58cb64121bcc5f1ac6f75669f98331b3d687e940b2febcb060db;31232;da0f7e03908ce0545259df5ad4f0b8a1ae1cb4ebe180f106e088e6f10aa6fb76;5;0xC000;30720;123;512;2;0;2;13;201802;639
129cf90e5b8ec618.dll;33280;70e9b114228340d130f1af21418ccd90fb3294a1cb6123c8ffd4cb7c352a12bb;33792;19639711813aad5d0f9dcac7eba274eb198bbf11d57d636525e1f0b0cdbc091e;5;0xC000;33280;29;512;1;0;1;12;202441;629
129cf90e5b8ec619.dll;33280;6892a5b266ac1b9cb54fccd4025ba53dfbc0b1852f6b0775d383ce3f3f517f41;33792;823159a63f1fd3951bb6bf2a677e6b33e88ebb761e6bd8f3c39c0b31d541bb9c;5;0xC000;33280;17;512;1;0;1;12;203070;629
129cf90e5b8ec61d.dll;33280;1769cac297303438480656c2cae5ca360fd520299361c464c3a99d2e718bdf35;33792;b993e11610d64207b478f6f1db859b5f3ec4df2685c503facbd01d5913c558ea;5;0xC000;33280;26;512;1;0;1;12;203699;629
129cf90e5b8ec61e.dll;34304;8d7cb2f8191e2902ddcf7c1b2748e0da78cf5c5b4d7606f1d14ef7716754602c;34816;23c3774e9bacb57737a769f32ce4949e46f038b40e4140154115eb4f34a0abd1;5;0xD000;34304;46;512;2;0;2;13;204328;639
129cf90e5b8ec61f.dll;33280;d4a3d2ba4898baf0f34e0a68f36a22a1d8bd6dddba65a2d22b4839a4b62d36f1;33792;0f1a49379a9cc2d9fe4b2e940788a7ff98f501b960c02df50d6403b2163d4b52;5;0xC000;33280;19;512;1;0;1;12;204967;629
129d227730477f15.dll;28672;a7380f6c1a4f24dbce5b90aa03786a8ad4ef8b9b2131e389ed706592b31c60f8;29184;9bdec278632b2674854bec7420cd07bbd7ca89874a9641db98cf41a8eddc6030;5;0xC000;28672;50;512;1;0;1;12;205596;629
12a76c871b40d2cf.dll;31744;48f86b0340731f9802a82518b8b39b0fa78dcbefeb3c909c46edd458d853bb58;32256;c29b5c8251f5752a42544eac67a0595adcbda6c8ca0fb5f138e6c445f075139d;5;0xC000;31744;214;512;3;0;3;14;206225;649
12ccbd96e61f6a5d.dll;32256;1b201daa8097579c9622a07762d66f2423ce1ef3beaab28d378bf0e56ce01b67;32768;b9a3e36f5a9b661452937eafa1d93a1c056570e95316f656cd4e17cdb10cea9d;5;0xC000;32256;130;512;1;0;1;12;206874;629
12e7287aa5914a28.dll;30720;1cb5718039162ef2e1bde02707ebe2bcf4d6cae105aa72a4d760b48cf5856cba;31232;cfcea0b7b645bb5d3978e0f84fb80d0cd39d720c46532dec369e16e6a592cff8;5;0xC000;30720;134;512;3;0;3;14;207503;649
1328ee267328e80c.dll;31744;0bfa70481de6c7b7c95f4e257f378b4efc395fb8b97c488fbacdc9ac5949b9c3;32256;28dcc91eaf7ec3f29d169e068504dfdbc3a9955b1211d8ea09faffb05da96f1a;5;0xC000;31744;29;512;1;0;1;12;208152;629
13327b3624b02bca.dll;32256;c696102cd75cc2c96b39b3c3007d69930c243a076a35603085fd7e1bc3ba37da;32768;6d90b41c41b980413377fb149736e611f22bbecd221e8f8788f03ff405406460;5;0xC000;32256;104;512;4;0;4;15;208781;659
133d76face57559e.dll;31232;f7b9f543260832faebf9fad1b37c472cbd3d1989909af488bdbee3b28f0d09c5;31744;1aec6520a6130c5df3051044b5405052cc1e53d9b424a6340a65de117e367fad;5;0xC000;31232;87;512;1;0;1;12;209440;629
133d7ae6c44a559e.dll;32256;5cd6073754348b07450585d6a9e7bb2ceeff540b3d34a649693c015ad2b1c31c;32768;ca6aa39f2f77b42462ca17db3dba1bc180af6c2e07521edd9e0198563270bfad;5;0xC000;32256;260;512;4;0;4;15;210069;660
13650938194bad83.dll;31232;75a70cad53a16c56d53df993d94c5725346225aed9bca35d9b5ae49492f24f3d;31744;ff493041318fdf992e4ceea896b9819d8bd65becd4b9495a6f9a635bddd75f7e;5;0xC000;31232;109;512;3;0;3;14;210729;649
1373e8681df91cb4.dll;32256;22a5a29d3023f5267974c82ab9292f50f3c2fb3c3be5358a0b98c0e5129b0653;32768;db6c7081f6afba3d87e44c595a98d155b412e917b94063dee2668ace5f1fb2ae;5;0xC000;32256;302;512;5;0;5;16;211378;670
1379a11c1dee691c.dll;30208;11e9e9b5ac297e59bd9f9ad1633edfb1d3ef89723d762d6dcb8cfec88a2684e4;30720;408392eae60174f620cf5d8b8d9b232258d066549b98446e0ffb6f6c32e88bbc;5;0xC000;30208;197;512;2;0;2;13;212048;639
1396614ae0d7da77.dll;29696;d8d5850367bd30df0872dd4ca13f1f4953052c030dbfcc3020c0fe93f70b29c2;30208;5e6204913145a20eaa1766ac5bae14ee60435013195abf3f47681f29f86a9b8c;5;0xC000;29696;26;512;1;0;1;12;212687;629
13b8fb8cb0b38031.dll;30208;4d694df648941973ad52f8281c949a886b645781055304be3773e6a99481cfa8;30720;b20ea6bed9d2c26e0cd8910d7f6ee6654fb91c77064bc3de5ec1ff32867425ec;5;0xC000;30208;211;512;2;0;2;13;213316;639
13b8fb8cb0b38032.dll;30208;c0a666ed6888f702940a9526eae4fad913e547dd5e895c23fded4b190617410a;30720;b63874e74147af95fff254b70239213259bea8c426a618ad01e59f3083532fea;5;0xC000;30208;219;512;2;0;2;13;213955;639
13b8fb8cb0b38033.dll;30720;35132f489ac37a5d13a1a21474ccd1b183c4997308852d54011c8a504ffafd66;31232;d5231d847a4891bd85e7ffed7558cebcb04d4240a748514beb3abac29b59b36a;5;0xC000;30720;145;512;1;0;1;12;214594;629
13caac8b6ba91d94.dll;33280;f2bf262c650385a9f10c41f012cc5fd2f19968c01001dfc08ffe503b4724850f;33792;653ed7605c0481e4173ee0fd0a5582117e30eb11ff7c23386cfd91117ed973f4;5;0xC000;33280;224;512;6;0;6;17;215223;679
13caac8b6ba91d97.dll;31232;081467290fb443bc5e3982fd90c317d7f88949937d191ced44f4634f465a8bba;31744;5a35bab3632a27f1b1c9361436dbe255d9e257eb37b32852cab669fc6cd6a9c6;5;0xC000;31232;161;512;3;0;3;14;215902;649
13fac01600adc5f8.dll;31744;7b70cdd873f78c5b66b40137cdaf5acb09537ca440654686b255e90914aeffab;32256;c59231bd10c39df3aa8dd0b40351c57e67a1e8ab87fe5a8dd545f34666cdcb3c;5;0xC000;31744;167;512;3;0;3;14;216551;649
14095ffb6f59f6ca.dll;32768;e01d5325e1be3463eca32b32219a007f6fa4a94ed4ff1d6108b4fbb2344116ab;33280;7fe6e7d438441a5a49ba97423c2f652527196c20659651f95d63a08f0ab71059;5;0xC000;32768;145;512;2;0;2;13;217200;639
140b0d623821dc08.dll;30208;d9c8b71086d8167b28d6d78aa7e0b3f4716abf1f678b1e5ec6953abc5fdc85be;30720;9f4675cc54fe6a1726c1c5c29b296942bef28d1ab1346633a4de8aa0350bf45e;5;0xC000;30208;85;512;1;0;1;12;217839;629
14127691c44e3a75.dll;32256;940e4af52302bf4007388f126a72e7e19a24e328f6297d1ce3339ed4c73bedee;32768;5d3804e1987bc8f8fbfb60ddf8ebcb5f6c79c3bb8ae5fe3aa857b28b7f254ce7;5;0xC000;32256;48;512;1;0;1;12;218468;629
141762a4806f8639.dll;30720;96444fbbca2021ca43d2513e67d950984a518986598a7bb156839ae8805751a0;31232;b1d0bb61fd256725da85457b80290392d366383bfcd579d481b27c534a69ddeb;5;0xC000;30720;106;512;1;0;1;12;219097;629
1423fd55fc4fe281.dll;29184;178c94d5004d7ecbfe65826fb2708f5349316ef576719e57cd6de19f88e1f9fa;29696;771cf344eb4d039787949f2661f68670818d3eef3e56e2e1e48c67d7bd8e83de;5;0xC000;29184;108;512;1;0;1;12;219726;629
142763e9dd13c64e.dll;30720;358ccc87b80ee55d8ffa6b40888d233d960d110b185585a8945b60f74ee751f2;31232;049534bc234f737383e96f66047d3b180f327148478afb665c8feb1eca8bacba;5;0xC000;30720;160;512;3;0;3;14;220355;649
144d1b0ad31c3a82.dll;33280;693f84b899e8616415d1afa83d543c0d5f31ff48ed14e335f2b7596f495eb566;33792;8d46dc76556ff3681686d392292cf6ecca6d9148e3d82a396153361e3d91d462;5;0xD000;33280;268;512;4;0;4;15;221004;660
145b24ac60c7c2ab.dll;36864;f3065e1c812ea1488ac31a787f50e613150a0c5d76347b8f76e0324e0e9bbc09;37376;dc20b1de1fc9c7b0a7b5feb9bf69aff3d3545ea3b1f9712baa25b8874d71882f;5;0xD000;36864;80;512;2;0;2;13;221664;639
145eb464d1c14dab.dll;32768;03a905fe2e8f08df3235f2e9e384ce5f3735d69f77685a37e922f50632ae6d91;33280;b667dc857e03faaa2a599a7aa4a18ab21e5905766788740b7b8560a562281558;5;0xC000;32768;244;512;5;0;5;16;222303;669
1495f935ee9fd385.dll;36864;bea0985692e3ea837a53ac3d1ae7431d1e5400e70294d863f5bb1b7cdb9bfdc8;37376;1d2fe96daf42086a301d9835ff7b89b9f91d61aa217e35cb17f62e28d8466e9b;5;0xD000;36864;421;512;7;0;7;18;222972;690
1499ce5a9c1fb632.dll;30208;cbc0bd2c9e47ffdada9b285f772b6cc36fc7fd25a2d6232beb4f3ee67a426cdd;30720;0a1bb3e7e12fa1b73d10ff2263d0144b819d0260762baeb505e78ea076b0eb85;5;0xC000;30208;163;512;1;0;1;12;223662;629
1499f7ebc9a18f8b.dll;35328;05085e3a130626c7e17c7fa266f9a61fc9fdd116c9bb38c9766c471f4c4bb7c5;36352;2ae21416711c082d3568c715762a1f988a72857dfd970ab82352a57a3453c6eb;5;0xD000;35328;588;1024;8;0;8;19;224291;1212
14a2be898974526b.dll;36352;ab33342a87622272693daaba2f6e496222b48eabe502b56d5b35cef08a71272f;36864;aa6cc982423c9ee4ecc9f54d93dc5a8e7ecb9c28c8fa0b086dd8b1df4194c36b;5;0xD000;36352;370;512;6;0;6;17;225503;680
14b12e8d6087d9e0.dll;31232;2523094733406b84078ee2d78dcb0a0cb6e47c416f50950d460889a1b0b676f6;31744;a1eb1fcbe0211a5d5b27be9afcdec2e641bf5ef7e173971498a1f62fe9948618;5;0xC000;31232;166;512;2;0;2;13;226183;639
14be339d74fb1bd3.dll;32256;db2534ec014288b870437dc04338d921994eb75cd0681116f11b20a2626f6bdd;32768;5ce49845d73dc6a9102d197eab20d1c83e7648a33c94d625ce4f4ca2aeccbe00;5;0xC000;32256;36;512;1;0;1;12;226822;629
14becff2707278e9.dll;32256;1f629f61e96a62b73038a9e6ab50ccf9beb6cbd98a957e369ff767bdabb3890c;32768;25eca9930326f43837e4621fbddb383e981ece1d5620af509c5db2e1228be04a;5;0xC000;32256;40;512;1;0;1;12;227451;629
14c7e42f89c955b1.dll;36864;cc80d7ef55415be08d98aadea443be9ce29f9f4c0b29bd4a495e4f25dc537f5e;37888;8af0ed31b4a2af9462755cc6d19b6548edd6cf84e4eb16c50798a8b0442a5a80;5;0xD000;36864;844;1024;9;0;9;20;228080;1222
14e0130dcdac1e33.dll;31744;4110c4000873382c8a9e8e7d573a6b25da38db2564a77710499d963632e6cf1c;32256;2efd9d493e4e31553d2f9a0833ab07d67dc35e81fb69adc43ac19196b5ea3672;5;0xC000;31744;305;512;4;0;4;15;229302;660
14e2306f8f6d322c.dll;30720;506dd1329bdbae86b991e767678a16bbdc324e76a2c74ae191e016e53293b400;31232;30d935ff45f67c54285699f613c7f1ec4e8b23e180188035519c956104ac1022;5;0xC000;30720;82;512;2;0;2;13;229962;639
14f9d622816b5095.dll;29696;2fe8d882fc694f5edb973a08755c9187a7f8bd0bcfbf3aeb4d3d2bef6694f626;30208;ba3a9a016b2efbf4048889e1a8c85e47b3959126703048eeab7d4155c83c9634;5;0xC000;29696;41;512;1;0;1;12;230601;629
150ce209f0cd05ba.dll;30208;3b8705404a17d973efdc14a1b84c8dc88a13f74356d3d27a29351f852f2898ea;30720;4cbfdc9107ace046d1f6c10d3ce76646bf7c5a4b9b3fefed65f73500aafa8d80;5;0xC000;30208;188;512;2;0;2;13;231230;639
150ce209f0d205b4.dll;30208;2057efdb7778ee9d553fd96732cba854210a605317526fdf5fff069614d6a415;30720;ae8c36eb2231e86cbf7d14952e2791a68727bd37046be190da3a8beb086b8534;5;0xC000;30208;102;512;2;0;2;13;231869;639
1513b565ab6725dc.dll;30208;b8f60742e8f2b45e2f7444dc2e76528dcc9bbc7fe1c2130dcfcbee4b2ccf10f8;30720;341c74fc4d67c19da08cc789c707386d79dd3a89312622d0fbecac57298d68ed;5;0xC000;30208;96;512;1;0;1;12;232508;629
1516961be46bb430.dll;30208;d2e278e99615a88e40191cb92d4796f722627fc3842ba56ae1c53a7e04cc8208;30720;0cdfbf670b7c041996fe95479b0bb044b9dcc29ec7ba7ce8bb40d5c06238baa7;5;0xC000;30208;74;512;1;0;1;12;233137;629
152dff4d02140c58.dll;31744;9f6bf0bf2120a78225e1790d35e7df3b772340d67efaac7fad5ab91f945762b9;32256;54840b6ed4cac27591915d103dcaa4aeac61e76ade54ee3c684310bb39c98f90;5;0xC000;31744;105;512;1;0;1;12;233766;629
15339e1486a2d414.dll;30208;b07af17526f828a86c92724f21dcd583b52de59b8ce95f45598eae2919490bb5;30720;0f2c848dab223d28d51bb5ea2aabd612191db440e9d4d88a356db253d23508a2;5;0xC000;30208;58;512;1;0;1;12;234395;629
15655cfe030d345c.dll;36352;fed82c4323a5105eb274be39efb0a4133e2672e823c67e338f462b6aa8d6f1fa;36864;9001f4aaa9b5dbc2e6b2bc8162f4a959cc27bbd7516c8ba88ef6da85db6a3da2;5;0xD000;36352;80;512;3;0;3;14;235024;649
15655cfe030d345d.dll;30208;e4fd3ab212535c32b48bb74f94171eeda5075820bf634b222cdc66ffa3b0ac8b;30720;bd8fd085153c5bdab42fffdd246fa5510e26845c04f3979a29b164822682de8b;5;0xC000;30208;54;512;1;0;1;12;235673;629
15655cfe030d345f.dll;30208;7644d7d96652e6a38d83cb818950594f549ca1c2a288f475a20d869f3d4b2b5d;30720;3d5d7891c3bd55928a7f81e2f6d321fe227f67231b8dc141f23cedd5b4b239b0;5;0xC000;30208;51;512;1;0;1;12;236302;629
157eeaab110c9455.dll;29696;d7e3d8351c9a53fd88ffc5bdce6d03f0c8dc90802257b773f10188b9c214c6ba;30208;a657eba19cf67aaa86cfeee58ccb286eaabc64244b5d14f7d9a2c0ce9f3c37c2;5;0xC000;29696;59;512;1;0;1;12;236931;629
157eeaab110c9456.dll;29696;8d5faa776d4d44522dfb1f1e22a245045ea52e3f6affee8b89a7384e2a5d54da;30208;186ec9650303f736d8944aaa87a1f4fe1755cca0be9a6b793cd0ad750a997874;5;0xC000;29696;87;512;1;0;1;12;237560;629
157eeaab110c9457.dll;30208;43b0e36303d5a725917429e1e67fb96540fa06c3177d92d69653dbba2303e113;30720;79860ec3266fe55ad0f0ab5cb61e8ef9b5f84565fbb76bc0883e25790321cb2c;5;0xC000;30208;80;512;2;0;2;13;238189;639
158aac0e242ed75f.dll;29696;3923d27071a94838821a1a6b64683be5aea2124effc08bc0397a7b0c77e3a9ee;30208;fa73435e813db2a85ca9d93d6e04a89f783b5340a669d171bab703b5d5f0e0d8;5;0xC000;29696;59;512;1;0;1;12;238828;629
15d601b58a47e703.dll;30208;c1ddf2f5fc227d135648f41bb38edc4fe874a08a2ff99033c277b11d15acad1a;30720;155e87cb9c163c8ef8a661342206abe6900390fd298aad865519c0d1778a7214;5;0xC000;30208;17;512;1;0;1;12;239457;629
15fd38ab0377644a.dll;34816;ae271eebb2b6d14fa760050a2fdc89b1dad63f7f12ffb0913ce0e98b3962b605;35328;022e27044bad37ef8fc6b56036fc2bcc69ba6c69e1672b26ca4a5a7959abd662;5;0xD000;34816;30;512;1;1;1;12;240086;629
160b635930bdddae.dll;30208;1d6d4de862df33aa5d36a67b4049d28e028ea444d7f648e354f8926e9edc1205;30720;980f4d02a7339edb02d52eaaf47dacffdaea7fe83be6b2b21e2d2f7151f4fcc9;5;0xC000;30208;85;512;1;0;1;12;240715;629
1627336183f3561a.dll;30208;9b574a6dcc6fc3cde514e2f2805c981b24f98ec32306647d02ada4f29dce08c3;30720;fbadc18eb41447dfffb43e9ff3f73c51e208a49f900857a26ee6aaa729d95d75;5;0xC000;30208;67;512;1;0;1;12;241344;629
1628714deabafc00.dll;31744;832b070060ed786ff01ef5a2eff50f6294b50ed51b784f5130bc89f0f289e8a2;32256;14b65ee545300bf3473f5d48eddd6c574a30d2420b04a0aa69c0d5e69c9a1f5e;5;0xC000;31744;284;512;5;0;5;16;241973;670
1636e0c79418856b.dll;32768;4af9c9b6fd327b97f68a92f9e8fde0226527877a306bbc05f7386c225dedaf48;33280;f2284be4ea99250a1c76307e3562847afc754eac98e5a240cacaa5a2ff7efc2c;5;0xC000;32768;73;512;2;0;2;13;242643;639
164c1e6757ff08f2.dll;31232;29a6e32ff812a28fe7b9a1d4cec024fcc62cdcf5d43ad0101efeb04dda79ebde;31744;43fe06dc1c701bd6cd509287dac05697f2d3bc461d0b011c7974ce3fb917a16c;5;0xC000;31232;36;512;1;0;1;12;243282;629
166ce0b98f14759a.dll;34816;0899ec4b6218e5f522c4061af43be0eae9202bd329bc2c202a7bd92766c1f81c;35328;3e0fb2a74bfa0abd89297991d2390a17c6dcd013d53e5ecee100d1b01db312d4;5;0xD000;34816;91;512;2;0;2;13;243911;639
16a756098551fd7f.dll;30208;6bce2dc2c37914dd42b7000ec04d54be76567c61ea3932cdf4b5a4234b2328ee;30720;a659787557998046909db8b9dde638f0dd2355cec99e5984adfd626c294a8181;5;0xC000;30208;41;512;1;0;1;12;244550;629
16c01a749547b992.dll;33280;ae321319fecfae4c91927ae68d645b2c38dc1784fd1da22bb552f84e156eafd0;33792;9d1bebca413b2ea7e7c5b215b85d3dab994a6ce83efd30f06dd1006e3fc81435;5;0xC000;33280;96;512;3;0;3;14;245179;649
174449679d6053c1.dll;33792;1f72d4b6602818ac9cba817ed5f70ff2c10f27d79bb6795e245455ea3f1d37f7;34304;1c2bf8e9d8a269ec9b910038957041b6d06abfaf18ee75c2561630cfaa04bd60;5;0xD000;33792;73;512;1;0;1;12;245828;629
17926f11fc689869.dll;31232;c724db11878812a318acee8df0310f57489b5762a5884e97f8177cd0d348f227;31744;a352701f5f9a9c8d192d4d5769228d2320709075cbdeaa3b1201156caf17ad2b;5;0xC000;31232;93;512;2;1;2;13;246457;639
17926f11fc68986a.dll;30208;fe7e1de9805fb32c9f44d11198cf3be1acf72bb625aa8ee55d383c4f096af646;30720;7a7569c682139c00c8a2e4934d4e528062dbc2c17fc4fe36df69fcf9c146e437;5;0xC000;30208;74;512;2;0;2;13;247096;639
17926f11fc68986b.dll;31232;52cc69614604ed45d08f3295182f2c9a73b3d1b96bc4e559221c55ea0542a13f;31744;3bc369de465fd127071dae363786d5926a1d06d0579f8939c0dca86e56dde019;5;0xC000;31232;59;512;2;1;2;13;247735;639
17ab3eeaa1d1cf7b.dll;29184;75e4295f460cf9aa31d4bdd2bf8bd204fd8ab55211b7375cc81bc331adb3689f;29696;19267153ecc1f91460d1cd1d0f04ba755c651f33386a22da75be1a17fd6048dc;5;0xC000;29184;98;512;2;0;2;13;248374;639
17cb05d279f5188e.dll;34816;6591af31878d0b9d310272a2f8dde6a151d5bb03d21395efb61e2aa9a8f5667f;35328;b87203fd3064b7ec72c99087d5fba80b32aebb2e4efb01c0ae85f77f7f03e4c1;5;0xD000;34816;95;512;2;0;2;13;249013;639
17cf032b0113ca5d.dll;30208;560a9391e92b110a713420e2e629b72bf5042eb7e995df560c50b7cb792d8b04;30720;31a7fd284f9006b70179bdfb2e86a7eff2810370f71f53e633cfa2677c9e6544;5;0xC000;30208;98;512;1;0;1;12;249652;629
17ea6edf2a7c6b90.dll;33280;d0fd518aae543ce150ab58f05a7d1a450976a1602234f4319943255963301532;33792;5c0ab2ebe111f0e07b34bdf17cbd8688f5df8c4eb8f22b7ce1c38a0f9bc306c7;5;0xC000;33280;88;512;2;0;2;13;250281;639
17eaad82f2edb20a.dll;38400;cabaf7f413940b7d5ad56d166b5fe9db901b6c0dcc64db0501eeee1bbdc6afb7;38912;c24b58e2ab159661a405bdd70a19e6fac8a23856f3593259d7e59ed5eacb8d01;5;0xD000;38400;221;512;6;0;6;17;250920;679
17ecd54b8e775f6c.dll;31232;5f39b31abe19ab31c5df1c50835e60e92b45daf4a2167f2ed630c1be452e17b7;31744;830353d90f5112761a62657d757d41ad493181136a1907299f94074d7edfac65;5;0xC000;31232;21;512;1;0;1;12;251599;629
17ecd54b8e775f6d.dll;31232;9513816de1234df99958f6bc5376d2063da9352945c45b9d60523d86e3927b81;31744;812776976c2ac5980b9b4e7c08790c297aeb8ce238d60608cf546800be8b924c;5;0xC000;31232;27;512;1;0;1;12;252228;629
17ecd54b8e775f6f.dll;31232;640800b79a2ff61ed4776dd0de45cb87d87869eae6fb1e07a079fb9a45c4cdba;31744;952ccd2d7da30f31f509cce9a9cb972b95a4ad5a3242db919a2dbe3decb592d2;5;0xC000;31232;19;512;1;0;1;12;252857;629
17fbe136a13d2340.dll;30208;c768febb48c88520c810b094cedbf4c1a09df6a3357f227684b767e83f99301e;30720;e7e210e70c798a16377c40b2248f4b87dd26eb536a788703fd7db690ee92a65c;5;0xC000;30208;154;512;2;0;2;13;253486;639
17fbe136a13d2341.dll;30208;4dc304ba06142e842c0df74269d9d1580f5ed7cbbdceb424f8014b083f47033e;30720;984d94d43b44422341766e4deffd1eb4e5f452326aaf2e0559e7a5c88aed5156;5;0xC000;30208;244;512;2;0;2;13;254125;639
17fbe136a13d2343.dll;30208;43726e99777de4f22eca853950e3461e1558863b00791438c6d4519dce5be30a;30720;6838d77819c4bb2671513866b14973d8663708800f53e1c93ddb539b38531947;5;0xC000;30208;186;512;2;0;2;13;254764;639
18039ac5f7c4673d.dll;35840;63fd008f929734953c9bc68f216d55b831b176fda75d36c84603dc13f6d50dc9;36352;18d6f7847c4c6fc017a81c0143d468bdc03fbd4c8b4417a8fb8b8c52d2cb2983;5;0xD000;35840;106;512;3;0;3;14;255403;649
18214e20e9dc4df4.dll;30720;14f7aaad87ed4156389e41d7812cc5b4e9e750398e7c82e8c40a61aef13cb514;31232;d961750a7d764763f22f2336fa2cf70b865a6262dadd02a6e0727598aee9b9ba;5;0xC000;30720;71;512;2;0;2;13;256052;639
18214e20e9dc4df5.dll;30720;2a62d21f930f24474e5a24529b8fb5fdb1e6ee7f66d48b700d7aea1c056a548a;31232;553bd8ad3374510711f1a8be32a230cabfe47ccb4ddb1e9026b4fcb6515348d9;5;0xC000;30720;96;512;2;0;2;13;256691;639
18214e20e9dc4df7.dll;30208;f3bbee334ef4213547f662ae984141cfeda8e2fd2bbdbbf53ca842a6f64a3119;30720;dd5fbe814824659910eee00faa833fdcb9b9cb29394ee1866ccff4b70a4ab188;5;0xC000;30208;66;512;2;0;2;13;257330;639
182a4b65ca7e1295.dll;38400;81a6f29db5129c729dd6a45c22b8d26067d584c02fa3d3b32a7ca8109da3042e;38912;e1c8ba48e408599efb8b3f418f354cf000685a5bf0e050862bd17789bed5ddcd;5;0xD000;38400;299;512;4;0;4;15;257969;660
1830da3a351fb960.dll;32256;620efebbcdebd90ee22e694b8a5a138eb3afe1b2d90a337d00071edcabe760be;32768;80726baad862f7a15ecb96025b59d4e4f81a64e7a35aa73f6eb104ab7db8ad04;5;0xC000;32256;291;512;4;0;4;15;258629;660
18338d19d7f8fc77.dll;33792;fb0cfc4c8c216d4d03fce5f47de974543e7cc9e242aaa2a576b3534861d9e662;34304;0d13dea9931d75a840455a18e4f62f1611578466336a68ac476d708a095468cb;5;0xD000;33792;182;512;2;0;2;13;259289;639
1844668be9add404.dll;34816;15d65c8dc54306fb3675d9f8748484f6adddca732edefc15d9061ea4b4d82453;35328;c8b22712702e2dd034d71c75a73df430a1736ae49a4820316da89e7b8c4761b6;5;0xD000;34816;96;512;2;0;2;13;259928;639
184d324aad32da0b.dll;30208;f504c6e2759f29213ab34a3ed190448308d42b038baddcd3f0ba8b2605147f4b;30720;15d1e938d2d0e46999f2204955a78f49e31a958b88f917c040aa1638b728537b;5;0xC000;30208;95;512;1;0;1;12;260567;629
18672a47ad832c78.dll;30720;52fa2c67a96c8a9d1c48c86c45ce8714e680ec97770c721cf103a2ec1d4401c1;31232;f6fbd42bf7d0f8273ff557ebd373b81aef66e2167a79230de89752770f19576f;5;0xC000;30720;100;512;2;0;2;13;261196;639
186e0069a0ec02f2.dll;30208;a8a7f60529ec6be305443cb40087c62dd454a4a929496f2c0f6aa356bc743bec;30720;084b04641d441e0c10787a71f604d7dbc9b95fd1112fcf0ac30a96a658c97e03;5;0xC000;30208;20;512;1;0;1;12;261835;629
187e79f79c27e653.dll;29696;a61519ffe3e298c33c793b5fefbe8fa3f7269e441b36c433512e93a2656d5eb1;30208;9cc4512cbf2981dac6040a09ab139d96aa00705bef3a2472212888dfbbe52b98;5;0xC000;29696;105;512;1;0;1;12;262464;629
1891e0fa0718214b.dll;35328;f08d6a8dda8dde10546f350ad055f787b4fd20c9da62fb6a941987ff68178000;36352;ccba588a6615927e25b718b9f75f942baa8d00b245989192b9a577cce5cc4bad;5;0xD000;35328;759;1024;8;0;8;19;263093;1212
18ae6dc7d2a01834.dll;36864;2f3a12ae8c9f2ef7933fc943a5e76b171a07466f8a198006ae0e8352fbb9cf36;37376;804fd037921b4c5ee8c98a6397fbe83fcd78d04de7cc00406efe4126077bd73f;5;0xD000;36864;95;512;2;0;2;13;264305;639
18c340f3b4b5aae1.dll;29696;f2fda38ae524ca203338b1f59362cced15c117f399a8db5f5eb0fba78168019f;30208;b0a71edc18e2e5c94b1bd9607d4e0018a1fe8c0d19de5429306507de81b3010e;5;0xC000;29696;58;512;1;0;1;12;264944;629
18c340f3b4b5aae2.dll;30208;f29df4de62c70e4c47a19c5e2b12cf652ddc4ad509d8c7d06323eaf4462d52b6;30720;fed7a42772d73b51d98fe6a55db4c7f74d5bb0d73419e14d979653f579910c9c;5;0xC000;30208;98;512;2;0;2;13;265573;639
18c340f3b4b5aae3.dll;30208;b6247878b9f3ab727ae6156434131632e48d7cba7e3c32ca7f91070e7de2f181;30720;f26791e737885d4828944663497bb0869685c3327dc27061b1e6a0b0faabde03;5;0xC000;30208;55;512;1;0;1;12;266212;629
18c4eadd20f7f262.dll;30720;443a7d008090bfd07a2b54980e35a63726629dfadd4274bc1006472656e57d25;31232;c715be2386e315d34b022e2ff38138625849f511f90933b76cb61fafe56447dc;5;0xC000;30720;152;512;2;0;2;13;266841;639
18cd3ff001d5b0a1.dll;32256;ccb2fae8e1ef005c7d1ab08c0ce322f69b85e5de68052a189c814cf944fe741c;32768;2dedaf75f38cf4728b68799323502f72f5ff436e610cff0d2ff9f170ebad3d8b;5;0xC000;32256;22;512;1;0;1;12;267480;629
18d66011e180a20f.dll;28672;39585bb6098970bf6b6f7a7235c997fa7549dcc779ede996587892ee0eff5ed8;29184;6dc206edef4888feafe7a3ee0def734eebdbb2d8429676f96674c0cb2bf26231;5;0xC000;28672;27;512;1;0;1;12;268109;629
18dbe41fd8abf7ba.dll;30208;2306f4a7d2e11de80520dda113eb3329cbc6a9dfc3f427113223e0f7141fe186;30720;bb798ec065d7c60e1739008a8dd959aab77d1860c9f34831d0b4db54b307363e;5;0xC000;30208;43;512;1;0;1;12;268738;629
18dfc7302ac80c69.dll;32256;819710f32ce3080f6556fbd2a828b1500e151438017a732bba2f465620cb73e8;32768;7162315d9da45ddc1ec9a706bf50ad42dcd84852645a530d550d138e484587e2;5;0xC000;32256;65;512;1;0;1;12;269367;629
1908239265a96c56.dll;31232;ef73e6bf4cbe7992a91d4db284a3c22023541e23f91ae3ac7fa82c6e12c63c9e;31744;b290a34862ef839f12b65fed6114978d2c531ab5e9b1b78788f4eab72d5cb6b3;5;0xC000;31232;296;512;3;0;3;14;269996;650
190deea1102fc504.dll;30720;0be8aea05aaa1c221a532f850cb8ecc6f385b9e8f4fa3190a88bc6eeaa6bedcf;31232;9d9a9e7cf9afe77a212cd5389d2f78528432cca6f9a8f36e5259f2b26dc18126;5;0xC000;30720;116;512;2;0;2;13;270646;639
190ef55902ca36b1.dll;32256;28916d6b25ffb32a672098403111ba5bb74c307195f6c6aaaf8c50c691f6b566;32768;ee9b15ca146a70f3ed55c6e7f6116ce5f4dacddfa247323f9b538804b06e9eda;5;0xC000;32256;15;512;1;0;1;12;271285;629
19443fca8a013719.dll;32256;d0be38c588da6c19e62ef4028979d1c7ee3bf2733844bbac616fd071c0ab22cd;32768;f123bfb30622a02239da3374bf6b46fda36b951b68b35085db243b4e2d748308;5;0xC000;32256;41;512;1;0;1;12;271914;629
19944b897439a03b.dll;32768;a3d3c320e6491ae8b54ebebdd9ce3c2bb39c154e4c6e796f37a8e5cff4abb4cb;33280;266fbc45ddfd75b821b2d6f470bd5bb85ffe22526e0354687381306a3fb194bf;5;0xC000;32768;248;512;3;0;3;14;272543;649
19974b927f3dbe2d.dll;37888;573b19fbbe3e2d8fd5a847978eb6ab4ec137916a3f548940cdf2e566e8df70ca;38912;ad4764f488664deb9450a235848df2201960e73300890b26a1733a11656b5129;5;0xD000;37888;1011;1024;9;0;9;20;273192;1222
199afc80ee43e971.dll;29696;63413be64e11acac9141f58e74d4ac4188a97d97d78be37e0e6257740e4ec898;30208;e8bcab16748aaf346a8d08727797d4a9e303fa8532c6d99029f646a85ae7a3f8;5;0xC000;29696;52;512;1;0;1;12;274414;629
199f6e447aa8eb90.dll;31232;bf660d71b0bebcb6b87778d4140b27b597423aea70f66e4ec552843ca34f8d4d;31744;4fca8d3d1e20ff9b93f12ab2f88632648d2b518785466b5026aa9c0f49266133;5;0xC000;31232;176;512;2;0;2;13;275043;639
199fd3b17e3c0080.dll;31744;6c853f0e67d7f5baf2df86a65097ec048d848035b5c186e54543b326e76ddabe;32256;75c6bb3fcbc5441e45ce1acd9cd9a034d1e0500695d28f1ff1e0b99132bdb2d6;5;0xC000;31744;259;512;3;0;3;14;275682;650
19aae6064f5684f0.dll;30720;4a1f8b1d03bfee514a004c73f5767dea09379207effb72085a08317d6b50c0b3;31232;73a7be4addd6c704be03a7300d75b431391ca9d18fc05e3d0ee4e234ec47531c;5;0xC000;30720;37;512;1;0;1;12;276332;629
19bab90e4b04b9d7.dll;35328;cf64e9283041b9340557ad36b3cd3252490ea1159ab3ceb3c9d8b94702f5c7e9;35840;a7e4762780e7a246fb35d1aeaf25001b2f388c44f7f1a49e904742ec47f5c8b6;5;0xD000;35328;341;512;5;0;5;16;276961;670
19bb558b8d1fdb85.dll;31232;7c86f52207e91111f4f2438baf4f183fdfc2a131e6c6d0b5247f17df65b18705;31744;0b01f43d08437e1baa84fd4c2147d755ac12366fcd5bfb6b83bba3154ad83d6f;5;0xC000;31232;130;512;1;0;1;12;277631;629
19c45a167b25bf1f.dll;38400;d1c14368db683d84709a8a87d2648af8481e67223df3d0471fca3569185a6cf1;38912;51a83c82bb5ddffad12f3aac882814fb8811914f7efd515dd20706e04fe52e99;5;0xD000;38400;201;512;4;0;4;15;278260;659
19d73d6ea092ae06.dll;34816;78c722438a1bd323a09df1fa9bcfc72e5adbef9ee086f6d087c3706679d526a8;35328;3d481e203a9a3bc22e21c628bf2da6a6940e14c34f5536d09bb40158d4fb5169;5;0xD000;34816;80;512;2;0;2;13;278919;639
19d7595201e73351.dll;36864;37fbce55a69ad5421ff29213c677b40543c7e7c375f028ceb96fc51064ab489b;37376;c93d3de226e6470e0c40377d8cc0594a891347dea321facf618bb62b057c2676;5;0xD000;36864;96;512;2;0;2;13;279558;639
19eb0c2c0a35fd97.dll;38912;1d9d520d0666a2d3ea1003fe259526086cf1c38b38c31c701cf9e86d6339c453;39424;1e5cfd34131f4dc3e4524b96f5a8ea59ef9f3d87c8426d9942d9d7b4ae278a09;5;0xD000;38912;222;512;4;0;4;15;280197;659
19f4a26492caefad.dll;28672;d6aeb1d0ee200a9fd644444119c977ab796817182846a6afabac3679c60136c1;29184;50ecce64cead5f6e441bb777301e626e05fb393a6a5d83b3f3c614f5cc0a933a;5;0xC000;28672;37;512;1;0;1;12;280856;629
19ff04376c6adc45.dll;28672;443cedd43be051e90a6ef985c54780caa34cd08b6208d6b605a927810af36bca;29184;f937a82a722eb9028157895f02f36a1a810a205b3fbaa0549303d50b2ac5afed;5;0xC000;28672;66;512;1;0;1;12;281485;629
1a237ac0245d2bbf.dll;35328;691fd540cffe19bf4f3f138af532b0c68d22b7431c3f0f236ced6e76cfdf1f69;35840;564b6044417a6832913163fcfce25625adf282db162c9e3f61eeb55ac53e15c8;5;0xD000;35328;60;512;2;0;2;13;282114;639
1a29db6d41e9730c.dll;32768;6040696e6e3298ef5d1c38e70949e5b717a057d51f0b7425192d1b04486872f5;33280;1f7a2dde25828a503719ff997b1dc69d72e671f0426f37b3c2861026e0442147;5;0xC000;32768;47;512;1;0;1;12;282753;629
1a34cd3adccb2f47.dll;32256;a2510d2d8b57125ae00b215e5933feb77fb64fa3cfa85d8b9e872fc394acc087;32768;7eaa3062d94bad2be77c7392746f6e5eac3e4f364c1472153d1da33dd4ae51e0;5;0xC000;32256;47;512;1;0;1;12;283382;629
1a68e1a375709433.dll;28672;4c3d965186881d3cbe29e6ef0332ed56900977e88cb34aad9c89d7bce6dc1ead;29184;bf204d5e88e804fdcee24a584df287692f72cb588eb609fcc9cc47c385d9f9bb;5;0xC000;28672;36;512;1;0;1;12;284011;629
1a7df2aa28b42d94.dll;38912;5be85798e2bf8be4f25b301a208f53f6cb07ce9eae0205575173fd90f7e153fc;39424;422adaf33bed71c3d9331496227de3868f17e8639b5366938ace5674e8aa61f5;5;0xE000;38912;101;512;2;0;2;13;284640;639
1a7df2aa28b42d95.dll;32256;fa8f232c9fda2edf63f9c54e855d09f95219a5ee1942d176c3c26130cb871dc3;32768;e3642305cf163df648318625e1063a73237fd209ab8509011278a8105ea05228;5;0xC000;32256;165;512;2;0;2;13;285279;639
1a7df2aa28b42d97.dll;32256;8489a40a4d4c7f7966315c897099defb38f6f4b2643b8ea785cbb086d3995e2f;32768;8636b59294601013ab8393a6d88ce97284a3c8f8db6238f2a5efae3461124e94;5;0xC000;32256;123;512;2;0;2;13;285918;639
1a89e203b24be1bf.dll;35840;6cda3d57530d590921027cad4e65dab589b18513ddc07d91f23220b17ac367c2;36352;a5629e2c532eae508d869e8a88a4c34fd571f8a8c0bc9969f7ded12d5b22c02d;5;0xD000;35840;160;512;2;0;2;13;286557;639
1aa0c4561c63ca05.dll;31232;3e5e469aad6afe4e956718d70feb15239401e8014a8dd778c94be01d7081e198;31744;bac278c87f019f194323bb866a023ac18c0c2398c56bc12f046c717b0696baf4;5;0xC000;31232;132;512;2;0;2;13;287196;639
1aa21cae889c978d.dll;33792;d6f1766be9af3b04a1bbba3db9486dee956a09da53b6c86a99047f872b3e6465;34304;de0b4ad248ca11ae9886e4d9bc06e25fd8bf18a208cd53d501b13b423c294917;5;0xD000;33792;340;512;5;0;5;16;287835;670
1acaa0a38e876a8f.dll;30208;245ee6f90a664903a9e17baf2606f89ded832ecaf547723331e67d6d0760388e;30720;d3759e6bc813ee0bb31f613dca58d9e6e2f4e54f0cfc1d74b053a2da2c1a5491;5;0xC000;30208;68;512;1;0;1;12;288505;629
1acf9ba26e0c135a.dll;30208;0147566d9fb393b5eb5b14b7ac6d430aca278cb598e8d1ddb983de3000a18c00;30720;5e99583aa2a8b2a5b7054f680db2a3059291e0abec552e6b26dbf869c2197330;5;0xC000;30208;73;512;1;0;1;12;289134;629
1ad5b899ed5c4842.dll;57856;ab4ca1cd05bb667923d8bd80985ed3a81284e2c75b621da0d83c6397258cd197;59904;626530e09e91ba05f7c448030c3713a0e78b74b965f8d75960e579beac8a3ff8;5;0x12000;57856;1570;2048;30;0;30;41;289763;2456
1ad7a47adb4c1b12.dll;29184;c4e02410d20ce5386361373fc764ebc9541a230b96359c1ab2e51d1cecf8c27f;29696;e831813f29d69e10f052cf1e3e88b932512066c9a2cb6cdec6f98df991f42f0f;5;0xC000;29184;81;512;1;0;1;12;292219;629
1ad8aa41974a152a.dll;30208;9acb8c03dbbb23f1e966c9b76253b824c2d9f9a09cc0b3d03c74879ec11b8dba;30720;e7a7b667bd591bba683bbfb6d7d0306580a6ab079d295b135adedd3966eef889;5;0xC000;30208;95;512;1;0;1;12;292848;629
1aea4a7703bd113a.dll;29696;da9216fef296deaaada96e0a4a106d578bb543d45acabcccb28a40ae7db89ee1;30208;90c1a9324a4fe26296fdc4ee3a12e39fbf1bc2099d73a5aa9fe8e43a80bd1a95;5;0xC000;29696;36;512;1;0;1;12;293477;629
1aea4a7703bd113b.dll;29696;8fc3c2a575efecb2c9081894808eb96bde340b51ae9266645fcf9c71c011ce9c;30208;dfe48350e4f90adc2de105f14a2ad6eacaff8c451c7a69389aac7d8770fd1863;5;0xC000;29696;28;512;1;0;1;12;294106;629
1aea4a7703bd113c.dll;30720;26708e000aa004e56bd5a6fde941b542f18cd0052323129a8eec583793b08603;31232;49e34992a57f5bc35fcef571fa02e6cbb3b8df8724248b0be989f04fc1a653d9;5;0xC000;30720;50;512;2;1;2;13;294735;639
1aea4a7703bd113d.dll;29696;505923b799838292f73104a20f246985cc30a4a95ee050f63085868fdbdd9798;30208;03cf4adcc6a949e2813c7a1923d4755f4eac7e9a13d468ca9d3ae88588e41a7b;5;0xC000;29696;46;512;1;0;1;12;295374;629
1aea4a7703bd113f.dll;30208;2ebfce9599e9f22da6860d6c6121e98eb359ccaf38ecaa73c821c4207dfb27d7;30720;d6e66888afd63d104bc307a247f0fe309a0ad163ca27cb3919515f9e536cbbbb;5;0xC000;30208;109;512;2;0;2;13;296003;639
1af2a399820f41a3.dll;30208;0930bdbd21cfa13b799def6380fc807f13d381ae28455138d20f4b575838c22e;30720;c2073fe1d797bf4ac16feace0c4ff6e81191271f15e2ce61d43e004067efea50;5;0xC000;30208;15;512;1;0;1;12;296642;629
1b24e4169eec2d91.dll;40448;a184981277cba60d9925ab9f65748ab67ddee1aa7f41e2f3faba1984a42bcf1d;40960;2371daffc2a7ad6a47e66f94a24df5981cc0e021c02b0fc1cab847edfa1cb635;5;0xE000;40448;213;512;4;0;4;15;297271;659
1b2fdce744c85025.dll;31232;5b2d6d0e68c3b1af9fb61a94fa4533e4d21c7248d09e3d74fcf40cee67d78df9;31744;11d983751b51e1fbf03b4b9a0fcb68ebc12d2d750c3a8844eff6869f76f6558d;5;0xC000;31232;174;512;2;0;2;13;297930;639
1b4baba9e802b2ff.dll;34304;3b2bdf188c1637a4656125b3d462654db54f6736ee61280252e1c864262c7e4a;34816;26c161db46c1662148758cba6b68bb1d0ca044b2bb71398b4ab1764b90f1eb47;5;0xD000;34304;182;512;6;0;6;17;298569;679
1b546c6bfed3962d.dll;33280;49ae4e040cf30a5db054a8cdfc918509abb884e6ac2a96124073e41430c9cfca;33792;c9380c744bec6d1d2b51558602253022a653afa93a482c73d213181723891eef;5;0xC000;33280;21;512;1;0;1;12;299248;629
1b546c6bfed3962e.dll;34304;c0fab07c64798f45171c5b11414b0f1d601c39f21827c1e57d92834be3b373ce;34816;5cd1e23638663787a4cf84433aa4a5f6403884943a3da9090346879b1d764c84;5;0xD000;34304;63;512;2;0;2;13;299877;639
1b546c6bfed3962f.dll;34304;e814e330b86cf21e64ee6a147587a7f04e5a8a78996511beedd58a422d2b44fe;34816;1ef589056f53b3478649bb6f17e344be585cf5652b33549464ec14ffc189b71b;5;0xD000;34304;31;512;1;1;1;12;300516;629
1b640200de6ebf43.dll;29696;c9189e54af5c08943e411f14bd599deb10abdc45e5309fc586d531ecf3c44cd2;30208;08bb0d8a16b17710772d9189cd2fd235b73d6845c6334ddfe4abaf9892f87a0c;5;0xC000;29696;27;512;1;0;1;12;301145;629
1b6537a29fb82753.dll;35328;b4451c1514f564909ea5cca405f2497a79e53e362ea867af0dfe5b941f333891;35840;1f26795fe608ce60de981ecaf6562584a2c224180effd1facd89f9f139205bca;5;0xD000;35328;109;512;2;0;2;13;301774;639
1b6701494cf1c7f0.dll;29696;ab0b1868b9c7169dd9cb4a1d33a68305d2c81e282c1d84b401ffad60d3adad20;30208;54ba6e6fd2de7f1225d8839b7bc40e1afbd77dc55a51c52f42706c3740f62e28;5;0xC000;29696;45;512;1;0;1;12;302413;629
1b6727fe9aa19bb1.dll;30208;76511809f0ec0b2c4e528bade9276860c6fcfc90258fa780b2f9e0daf4f4e5b9;30720;3f8a0afed3af0af7a63abf93a6abb72b176d7df95d13bc961bb65def19ab8942;5;0xC000;30208;99;512;2;0;2;13;303042;639
1b76d38436b86917.dll;31744;aaac9fd930ae545040a0f623c4c3151872e19b75285b8b02b88675e91d64e1e6;32256;bc14a8bd078fd63f49092279abc37d6da0ad12643458535d3e0eb766917d827b;5;0xC000;31744;189;512;1;0;1;12;303681;629
1ba00bbee8a44d2b.dll;35328;855afcf2d40e62e5fa570b10ca52b00984b416574b3782b2e15cb6b7602246e2;35840;a2fd032e8cd232a6bc56e93e4a0f29621484e3695247294b5155005e6ac8c273;5;0xD000;35328;186;512;2;0;2;13;304310;639
1bb52ff01957b6de.dll;32256;e924cebce1dbc0520048b456e3abd29b1cb836a9d310f89f35803b9e4a973a34;32768;f1ab324c46b53a84684662fbe4e383c70ac7dd3663824c804c2666c9f52feeaa;5;0xC000;32256;415;512;5;0;5;16;304949;670
1bc7dec21b395e40.dll;38400;49d9c25a17d681312f3f92545e4b3333162bf1976990312975cac8a9b84ec99a;38912;35034b626a17dca49a74af902e68326c0fe9cd1f150fe6fbbe6a9572e123efb9;5;0xD000;38400;97;512;2;0;2;13;305619;639
1bf38159b9faa771.dll;32256;20005eab9a183c9a45526913d700cfdbed635e5335caa01cff01cfe72437de8d;32768;843ba4fb12cc5e74dbae436307c502b40e92d770c23c39e70fddfb4e193de560;5;0xC000;32256;27;512;1;0;1;12;306258;629
1bf6bd8f85499214.dll;35328;cbaf87a786995a511c262626931b73888eabdcf42ab9afdfc678eb4854f848b1;35840;1b33cf897b887cbbeb18744edc7d00d19ec3d4559f1492d6175c1c314440048a;5;0xD000;35328;226;512;2;0;2;13;306887;639
1c1b6c68d3143ee3.dll;32256;2a6d8ccd01f46f5c70aeb46a06f82b86f0ba8bb76ac2787fd0d12c5616e39295;32768;9b689275ee8ee9a122343e6d76a579c2ff8e20a05b45d89d2ea5e0227fe96653;5;0xC000;32256;356;512;5;0;5;16;307526;670
1c1bea03285a08a0.dll;30208;74864f47bd962be623bf68e6b4d87be17ac463844af5737c53138f527ca29989;30720;44fadc24d3581b5d941bc40a5ecbcd24da3b2a27458128ec4b321dd963c8d356;5;0xC000;30208;76;512;1;0;1;12;308196;629
1c2a4970ce68029f.dll;42496;75c7577b43c93e8b2d3a80188bf1e6f685d99fc2bad7bf2ab9219662b5f69d51;43008;b3c05d379b4b7c58cf12c032ed2f4d8acba5286255f846811cc698925221ead1;5;0xE000;42496;501;512;8;0;8;19;308825;700
1c360c527611cf85.dll;30208;6f46e0c4ed8bd909b015a399014e252c9d5e8408213459eefba90b3e1e6a45e6;30720;2b1c87d310235f49006bf2947e23926fb6a1c16e50da6d00fa0b2e96e14ffd24;5;0xC000;30208;89;512;1;0;1;12;309525;629
1c360c527611cf86.dll;30720;c909577a96543c0056b549d6a103312146781a42fa35493cb49aa8aa647f50c3;31232;7eca0acfbc61f00eee4084ca5ff19a70b1b33336af0bfbaecedf07df93f0981a;5;0xC000;30720;181;512;2;0;2;13;310154;639
1c360c527611cf87.dll;30208;cfbe0b8c9aff446e1e705eb3d2c825277858c201ef80ca9aec26f63d069bc3a6;30720;8ac3b97de96403f02826394bfc1788c0d42bd3d820fce8029d22b1f4790f1e78;5;0xC000;30208;143;512;2;0;2;13;310793;639
1c38e9c4935c86df.dll;33280;2403689a47ebbd6151b32c7fb8c46f56c11d79cde0981a4ebab88539aa1dea4c;33792;bb7c3dfc2bb3b285fadeca6d47cd1a3861495a29e7e5fc9518a7d7157f053599;5;0xC000;33280;29;512;2;0;2;13;311432;639
1c4e665953885828.dll;30720;9ee2c544cdc7e9394b9436a393b516554e011aea907242452e1689acbbb3c994;31232;665f2b0e3af1ef83027f7aa696733349dd3c4d87d109a72578e73ec53efd76de;5;0xC000;30720;94;512;2;0;2;13;312071;639
1c5a1a4f727ec5e9.dll;110592;d4c032281db3beb7f68afaf7eee9cab61af9ff384cfaf0e6a99954d06ebe083d;111104;62d8587bfc525befdd5f201e4318e90ce74c86ec1f4bb2cf6c523fa99baeaffc;5;0x1F000;110592;45;512;2;1;2;13;312710;644
1c65626c0f52a014.dll;38400;66dd48464d8d8c35438804a219b7114627db18eb3e9a42f3dd07c7ce93e6f282;38912;94b3d8c3f4bef6675f275bc9f04b53af807fb1d83ebbbbeb641cc6ef1ce2f1c3;5;0xD000;38400;140;512;2;0;2;13;313354;639
1c657576b3a15c52.dll;30720;8d08316cde25742aee4ab1a636169f3e43c4df978de651367b8a154b92d26c76;31232;e1f30d1f561cc0080f9f50c6d0ccda339038692fa8419c0b9770f361addf4aab;5;0xC000;30720;143;512;1;0;1;12;313993;629
1c7446d382c4114e.dll;30208;01b4cea7b239e0bdaa3890ff414fa0c5d23348daffdfa8e966a87249e9d30eac;30720;780fc816f5940de6a8231017a5bf9ebaa740d9a9c4c9dd06935651b19cf84f34;5;0xC000;30208;37;512;1;0;1;12;314622;629
1c7d359d09c2dc40.dll;30208;617da2ddca3632bbe597957b293ec2082f02d0b3afae7d3f93dd615f3daba016;30720;87be0a15483de9cddfe9c20bb5483aa0655d2cda1836b7a2153ad105bbbfadfd;5;0xC000;30208;64;512;1;0;1;12;315251;629
1c7d359d09c2dc41.dll;30720;94f5ede0353c11894b754183aa97c9fc41fecbaaa0c909cdd94ee0fd55cd1e5f;31232;062c9e1c5bfcbf0dd0b21527aaddb0145e72481850dc5c1460c0180e25c50b30;5;0xC000;30720;66;512;2;0;2;13;315880;639
1c7d359d09c2dc43.dll;30208;bf964d1d7035be76100b453813d6a125f2daf3a3903f13287eca443bb422d4ec;30720;e4a9f11fe19b2840e41901a1ca4356924038a3c5e51fd8f99689d02d8ea00e81;5;0xC000;30208;58;512;1;0;1;12;316519;629
1c7d359d09c2dc46.dll;30208;38ee7bdd4a6526b48f09097705c6729c3cfbe5479ead802315913fa4095a7153;30720;6863de28a365e8e1bd25b029e42a147f58ed26a38baba9ba35d2383f0c89f79f;5;0xC000;30208;67;512;1;0;1;12;317148;629
1c7d359d09c2dc47.dll;30208;c338312f3e3598aa3fb7b16d1acd0fc1cf09a87c800fc370acfb070e242cbf5a;30720;ae0dff002c251117eecfdb33ec0ec69cbb4c4653a5817ebf082e5727e31b734f;5;0xC000;30208;62;512;1;0;1;12;317777;629
1c830bda313976b0.dll;28672;b6d0badbe86c4a00d39d0ad8354ede079435cf56f802232e53d5fddda49bc288;29184;3fd28ee5e0fb1117664ecbfe2f364b87ebde76d278cec2a53c886d6b925a4fe3;5;0xC000;28672;59;512;1;0;1;12;318406;629
1c9025df5df7bb0c.dll;33280;28494df26fa661cfd6acc9b6611770e1be68889697818df674aca8d6e8201208;33792;d023a8b55fe977890353e2cf9d5bb74f546cb59357240efec60c4ee80beb8387;5;0xC000;33280;41;512;1;0;1;12;319035;629
1cc22353ebc7f530.dll;31232;e975323485e2625c6f25af219414515e88937323948b4d83ce49256378806850;31744;d7f81283258f7bf871c254e71edd5c6e21cee3b9bd2603573542bc7c5de4f0ad;5;0xC000;31232;142;512;2;0;2;13;319664;639
1cc918aafdfc6c2b.dll;28672;749f071aeaf967db1aea97b3b1f10e5651166e81ae7087b3eb853ed53ae68a19;29184;eeb04332b1432dd3141cb66d9cce73464c097d0b95281d0d368669a893cb083e;5;0xC000;28672;35;512;1;0;1;12;320303;629
1cd31d5d2392e2f5.dll;35328;e6f6b693d8d297b6c4e9575f16d8ef7420e85dd53e4bfff359666366e56d894e;35840;be8bd1024092105d42f5198801a4cd66b72c7a727595e4a92125023e8ff22f1e;5;0xD000;35328;111;512;3;0;3;14;320932;649
1d1401fe77294e6e.dll;33792;b4bd9752a99c37570795dd3d559dbf05f4cc0d5f8b30159a4f5ad89e27249a65;34304;2901ba8a37bd985c6fab7ea512f607ad73cc4d7da5e61075de386243da91964b;5;0xD000;33792;54;512;1;0;1;12;321581;629
1d24ecabac931ae1.dll;32256;92dd35ba80bf0a18d9666f734464badd1658d389eb610b05539960d378a40157;32768;114b9394542fe910afa5757408063d64630ff8f5a0f1d39cbb6f8a7420e52a23;5;0xC000;32256;350;512;5;0;5;16;322210;670
1d317e8f4cda7b66.dll;36352;448c4f21a6f740b5c14de5e0a48c1e8fe1d782fb5ad0b0fb569e7819e326e33d;36864;0802fbfba06e321ca57936b269ef6d955175bfad25b90ed891d908ff8922ed6d;5;0xD000;36352;175;512;3;0;3;14;322880;649
1d4f146a6a0d0b9e.dll;33792;20cc3864300c8902666c8b763f3765242aba3f6d3ef39a0d8e42f763fe4c037e;34304;c5793796542b88f9b5aa8d5535272d2d689857d4546af6eb004ec07b23ce0a77;5;0xD000;33792;139;512;3;0;3;14;323529;649
1d60b3a0cdfd0e93.dll;30208;434025876e6203c1ca445eaa5446330793b8674328dcceb6475f801f7fa607d4;30720;5a360dd62c85e2edd0bc87b8ae1f05666c269c148b83b0a37aff07a9c957b807;5;0xC000;30208;63;512;1;0;1;12;324178;629
1d73eab51b1d596b.dll;29696;3a24e853a31eece313fc476d320c1c482f8d2a0301e98ca1ee7659442af4cacc;30208;e64752c926d2ba6d30c5636f3c84a8b19b95b28899b4f44247b6c110a620b5a3;5;0xC000;29696;58;512;1;0;1;12;324807;629
1d89463c93b85324.dll;42496;4ccfb35333edcd17f5eb1957508a1f3ef4d08d5f7b3c73c9c28204f5ff23471e;43520;9650dc27ebc61678205d83a0b6d03876cd5453e58176b5a6f62aa336783a1011;5;0xE000;42496;709;1024;10;0;10;21;325436;1232
1d9025df5df7bb0c.dll;29696;cac08b821f3e01bc776aca602b834842d4c804dae15563b0d269ac013df95d47;30208;234698e3505522bbbfc23189012d02d82f88b4fabed5bfcb56199311e8c8424a;5;0xC000;29696;51;512;1;0;1;12;326668;629
1dc8b98b13eb8f21.dll;31232;c639ee7bcd2ee78996a7aca35f81e89e87b6b5f72a01b8f4e66a2990b36d62fc;31744;cf94f67727b5fda4e7ab90bb97589bac6f00d7a5d751a18e1b021973030681d0;5;0xC000;31232;39;512;1;0;1;12;327297;629
1ddb9eac80ad70bf.dll;34816;7cdb0c4952c27174a928711f9198be47998eb194bc4466c16ec303c02659e968;35328;84f2bddafd90e6ebea62dda7a91ffd9f05358e9faf6a8ffb22a136ca236a9049;5;0xD000;34816;503;512;7;0;7;18;327926;690
1de07c8c70161261.dll;28672;37987ad4285647f4826e9f6d53e0c086454d10d05b7913c911bf549555992ea0;29184;a4e40e9777182aab33d4f6b70bf4e54355774cbccfd4840a79cb7a161d75277e;5;0xC000;28672;33;512;1;0;1;12;328616;629
1df356ac9c80ae70.dll;30208;f259d0cd51b9973336938d20de5793dab70cf637c424a900a9c333cf312976d8;30720;bc07620a4d2855c65cd74c60d9a098dba2930b1b9d503f0d5a59945bfc974b15;5;0xC000;30208;66;512;2;0;2;13;329245;639
1e178b0dea4aa0be.dll;30720;ed55e6d4c53962164ce5651391fd6523988f59df5091aef3e63541effcda7532;31232;8a17aa85a5fd61ee981e2df73f902481fcb08ca3f52550bb541b6dd352f51fa5;5;0xC000;30720;154;512;2;0;2;13;329884;639
1e1dd8c355096996.dll;37888;92214398b3c0f6d85677d8cd528d046e41ceb35f66bca0309dd25cc340bb9c55;38400;4bbf9d7efdeda3e6abac07cfccfdea464c50fea9506c81f6abacc137a44abba0;5;0xD000;37888;76;512;2;0;2;13;330523;639
1e2f94729eaca59c.dll;30720;d433cf5c6b472d541597a303bb5fbb3acc350ea6b4b75e1ee4cbe6bb68eee31e;31232;6497bf5095f1e6909d3824ba10b04e6515ac73c1d13522671ae849dd051affd4;5;0xC000;30720;50;512;1;0;1;12;331162;629
1e32dbb49a9d39e0.dll;31232;6b8ad6e6e2deae571856e915fb2e619fc639960dcf1472bf8f4a6bb3fc21aa67;31744;967fe1079fba2b76e8ad9190a5c5649371f064eb456e943103fd913221a40377;5;0xC000;31232;49;512;1;0;1;12;331791;629
1e362c6aea3535a5.dll;59904;ffca53d604f79bdd1d76d134e6e17c01fd1790399821bb8ff5ae77bf41cfcc91;62976;6b6d6c9e494facaef800b4b46d0fae65e416925fb9c008e8c5aa68c265e96295;5;0x13000;59904;2724;3072;36;0;36;47;332420;3541
1e362c6aed3535a5.dll;47104;884d8d2d09058834f3f497061845161586595308ac02a4ff641db2fc7a4c8a7c;49664;4be23326d3082bb9f5d4c525b808e98e719083b4fe1981b6e1b7b693c37aa6a2;5;0xF000;47104;2410;2560;20;0;20;31;335961;2868
1e547f9adb02d5ef.dll;28672;bd2a4d69edf3f2bc72eef224ed8ad4cd1c70ff4f9a758eeb9aa0e26660d991cd;29184;224914551e7783d3439cbcd0d6b9f42b67b2f4540c8bd86d95d00a6061789eba;5;0xC000;28672;88;512;1;0;1;12;338829;629
1e5d581999a1770b.dll;36864;6771d77c9a3b617f8ba8ee13234973f52f9a36e751031440d38b2d38b64b39a1;37376;b36fdcedf1311823fe63b0cccd8d82098d1812afab9213b19e4f2253c71ef60e;5;0xD000;36864;218;512;6;0;6;17;339458;679
1e7bb44036909f75.dll;48128;e5435268b14255cbc208ec5e01a13274ab89edef2ccf6413c8c34524a542a6ab;49664;fb92ee525f74914acdbef97e29c3198a7ff39fecc7a5ed1307b46d32bb149561;5;0x10000;48128;1092;1536;15;0;15;26;340137;1794
1e9025df5df7bb0c.dll;36352;f67112f3df9f74c9ab05a954e5dea24b0142af48e7cea68983fb4c90ac4d7c6b;36864;4471b09965ff541d07c97705bdeee29986f6f0a257bc526fdc4c31a59ab59ec1;5;0xD000;36352;130;512;2;0;2;13;341931;639
1e95f99a4f865d8e.dll;32256;7e66b106ca4936f3017cd4553d4041bee963904c5ce24a1089783d157b43ede8;32768;e1c81f4ce25a012b62f70d24017a7ae4c0f1c7e88b58422796e56e515ee43664;5;0xC000;32256;440;512;6;0;6;17;342570;680
1eaba8141a9277b1.dll;28672;3a673f930cba224a172721744cfae4cce35bdd1e3bb268536bb6167a5c8fde4b;29184;36a937de58a420cf22c509870ab67cb57e975f2f5d49e4e45a781af3e0d29f7d;5;0xC000;28672;53;512;1;0;1;12;343250;629
1ebeea0259357eb1.dll;31232;8c00807361cd18e73e8214204c553df97958e30381f101274ce8a29329d17662;31744;8a6c65f8c2417fabc8f2fad58390b517cbc6e37a2db35b112a194b7c7fa51b20;5;0xC000;31232;60;512;1;0;1;12;343879;629
1ec4c6f34c92fdd9.dll;30208;b0aecadba966bd5feccc4828d2c6fdf3cc529c3070be3b74186d86b7b5d2fac5;30720;5fdf73f6f7be1de8b2c78d235611efa94fd5affee3e47a6da5b93992d1b97b43;5;0xC000;30208;92;512;1;0;1;12;344508;629
1ec59dc4286c171f.dll;32256;14f7428d48aad758d4ae9fc0f64585a64e01945128daad3ac80cf6fcd7744acb;32768;1353b258f4abfd0f7a201c4038e3a852fff7e8784465645b7767af33cb71c2f0;5;0xC000;32256;35;512;1;0;1;12;345137;629
1ecf3217241d5408.dll;31232;f533cade2f34602e70b68e23e6a4d736fe062c62ae40869c640cad0793ff9de5;31744;2a24514290897944caeefaffd853f146578b74d56659c7590ba29809a77c081f;5;0xC000;31232;26;512;1;0;1;12;345766;629
1ecf3217241d5409.dll;31232;cf78ad5644bd386f63d7c3b03c0023b5444b02c3adbeaf61d71281955666448d;31744;74ecad6ece87874d5a5c37e70bf52316e086bbe73bfb2fa7acb7b52b356b3f27;5;0xC000;31232;24;512;1;0;1;12;346395;629
1ecf3217241d540b.dll;31232;59f7b5b83ae0e764d2391f438efc84eb39713a6dee1436dc5ffda4fd2ab88123;31744;eac66d274972d186c7ab2d674cab958273a1b18b0c252ad39c7a7280d17b82db;5;0xC000;31232;20;512;1;0;1;12;347024;629
1ed350fe186c209f.dll;30208;6d44574c6a7bf70f5ffd0523b473321df39a837e7150e18e5e01ca84f4b5afd4;30720;8322e678fd99992b3db2867c603858215679bbf835361de3d7c35f7ca30825b1;5;0xC000;30208;39;512;1;0;1;12;347653;629
1edd1c9fd9eec1c5.dll;38400;e636bf625b47732db9888fb76014db54d8b7306046af5514ff631192196d4647;38912;d8b086623dae44706647ae0a4028b516bc5bba989ba7c499fdcf42f3adbc6d9c;5;0xD000;38400;242;512;4;0;4;15;348282;659
1ef832555eb156ee.dll;30720;68cb5c4ea492bcf82d2948d5abfb9925082cbceed2bcea5f46fde7baecffbac6;31232;67e34023d42db6b2694f60fb2e1bcfa624fcd253b786b67fe279dacf583264f2;5;0xC000;30720;80;512;1;0;1;12;348941;629
1f334ac412c0f6d3.dll;29696;a08c6df246d77f26bbaaabd971ad62723e16502bdacbadac9a0e9a97e5d570b8;30208;a650d6d0d7d2a9a8af42d2ff6c81437bd4e90eb610abe4d7344942f6b2b923d6;5;0xC000;29696;58;512;1;0;1;12;349570;629
1f540233977c9791.dll;32768;3bf31d7c1478e8d4157d62745b25a20ee549bbaa4c53dfc909f641bc75bc18d1;33280;927830e701fbfecb3dac07e95cd2e736fe173bb1449205228797d7fe4a669db3;5;0xC000;32768;226;512;5;0;5;16;350199;669
1f5c7de78744e801.dll;35328;683c022cd8346870955d066aabc50a1ba5c719d5a6b855b7aa3c5c54cde5e710;35840;f4b8aee01ae596e599c532521fbb50235504c1c3785786e5712fedc8b8daec45;5;0xD000;35328;118;512;2;0;2;13;350868;639
1f5efd3ee4e6245d.dll;28672;9e901ac462d57bc91d7101a65dfabe0985a9a199297c5308c08a75c7ab57049a;29184;6a3b374b6bd1764868bfe94a2a99907fefbea7f4b391ebf4d75d6aa72907c108;5;0xC000;28672;17;512;1;0;1;12;351507;629
1f9025df5df7bb0c.dll;34816;d042ebf7a961f30bf488270c75904c762bda6fefcee9e498de7eef63fdf8b8d6;35328;3763add9ed52b9dbf4695277554e2fef1d64e837e7ddbfd9bdd346c4799488bf;5;0xD000;34816;231;512;2;0;2;13;352136;639
1f9143293c3d15f7.dll;32256;3ed005999a4a1cf46cb7e820d906766ef5c364d9cb8b066c8c25a047427a0290;32768;007f427cc9e657c00508f49535a0da1452942a1bca28056d9e498cb86741d780;5;0xC000;32256;61;512;1;0;1;12;352775;629
1fa81fe473873262.dll;31744;825a4e117b3a83acfa4736728e48fac0344179ed618a11c2531bad321e137132;32256;5b92479b16a887f6b5c2177d275c8ba49fb0b45147fba32aa2cc331284a95ba4;5;0xC000;31744;69;512;2;0;2;13;353404;639
1fb7442ab266d1a6.dll;30720;84283f140759052fced61f77148ca812e9f69c7f116556fd7569fc7c74137b3a;31232;c7390cce933c3e99e09e73d625c16b7b9dab642e485504ad3bf5b53799ce70bc;5;0xC000;30720;115;512;2;0;2;13;354043;639
1fb8e79fbc717273.dll;30720;3249acf70f8fae1cc2634bc11ac803fb6fb3433782c8dd0bf8d180795b233ce4;31232;c940751103f14a51780c6e8cc1020d8d6b2ee5891692142d1a89141ec9f70f9b;5;0xC000;30720;70;512;1;0;1;12;354682;629
1fc3312122e188de.dll;34816;b9d2fdaccbfa776cff5ab2fb4976a4787474b3c31ce2c7ca0445abd4b739e685;35328;3aebb3eed69c4ba6b5609ab1573eb93a1a9fea3376d9276f1aee3228227562ff;5;0xD000;34816;339;512;5;0;5;16;355311;670
1fd5468ed4c0c27f.dll;32256;ee0ed986109c7322f9f08e5b2580e881fc335b605557317d933babdb0a65522f;32768;19813df6e6cc007f6452dfefdf174d20a3de1aaac74ca39114c7dc72ed950b64;5;0xC000;32256;16;512;1;0;1;12;355981;629
2023f0e283149a93.dll;29696;c2b5a2e37abdd498161ac13bf564146d068fe401347f5269562af7210b6f748b;30208;786691dd3c68380b8194998cd70da4cf551e1c384dbeee85cbf7f2ba5a693d37;5;0xC000;29696;35;512;1;0;1;12;356610;629
2033fbff2d249101.dll;31232;8891af1f4d5d2ce0373379d06145c7214a94ba670d8c354fff4885074a8d94eb;31744;f2ccf7b0c67144f8b45eab007287314dee092291cc6544101cf3c16af73664b4;5;0xC000;31232;154;512;2;0;2;13;357239;639
2035b9287614fc67.dll;37376;9bde56304744e495493ca9b02c5a752c7712afbae439a0468c64ca41ffbe9af0;37888;643b0065d2721aa98461a6cdcd1c30baa39ef842c8b56b24da2a6d5da7139590;5;0xD000;37376;215;512;5;0;5;16;357878;669
20366d7addd1ed5c.dll;38400;4d0ad848090c9743aa29a0b3437224b11785c51be83f589b764bc30c698e97b3;38912;675bc41e3452bc4ba6a832b6057888257b87c212248e6b9c7b17fed268f94b6f;5;0xD000;38400;285;512;5;0;5;16;358547;670
2056273d31b302d3.dll;37888;74184cca4e64f2c8a08802aca605a6d83b17910b63fd8f37cd6b328732025a89;38400;fcdd343b8adf47262ea09a8e2f0ef072ab815f34c8d06590c7f167d9befb8105;5;0xD000;37888;349;512;5;0;5;16;359217;670
20643019119bf2b4.dll;37376;6236f5ab29474ef1e7c328304022c24f24c20478ba1b69809a9b86560ffde0b4;37888;893cbb3e00ff4fb596b4973875573200e68bc83d479fe26d0dc2f04a21209bbe;5;0xD000;37376;171;512;2;0;2;13;359887;639
206de29fac548410.dll;30208;03522cd037e425418b8f1cf56d0d9c1e272af7de4926231df647ec3863258b6c;30720;1796bc7c540988a47a4309d4aafb237889f09c34f9104e79dc92073ba41f4ead;5;0xC000;30208;78;512;1;0;1;12;360526;629
206de29fac548411.dll;38400;0f0a3e2c09e76a9a4f45c49d277144db269b4e15e059d080b6b86fddceb9c0ca;38912;8e1c8fb533148964ab5753d40f40e6effbddbeff5e27e94032b652f3efddce41;5;0xD000;38400;107;512;3;0;3;14;361155;649
206de29fac548412.dll;29696;78fcdf2ac000e4f6ee569c8a305cd6ce1cab60d7d30e6b87b7ea1285dd77faef;30208;a9019dfda11fa97700029a3e2d043da347a9791c0f27f217deaa5a7c94e9c226;5;0xC000;29696;69;512;1;0;1;12;361804;629
206de29fac548413.dll;30208;e723c17d46e13dc642962869823ca1b3e57fe908332ce4e44f8a575b8171b92f;30720;ec36d2f931197334731436113dd51693607bd4754dfd44348911f373cc52982d;5;0xC000;30208;96;512;1;0;1;12;362433;629
206de29fac548414.dll;30208;f2713620b97b2f9af4fe0d8c93cc93da2b5dddb531d3f5853e00b9edcaf1528b;30720;210d3f4d71c925e59684811094dec07a8916e886eddc4d0ae3d1e22fed6828ac;5;0xC000;30208;61;512;1;0;1;12;363062;629
206de29fac548415.dll;30208;e66f247c3497ffb79d4e6482f5e7473d3e16abfca3dae9ddec99b7f3097eafbb;30720;a338717dffe20200d397c686f73f28ba1fc483b7a0ecc03fcc95dc48bc787425;5;0xC000;30208;132;512;2;0;2;13;363691;639
206de29fac548417.dll;36864;f526d5bb8984826bda267cb6948db3c549b75167a33557028cd54012944851ba;37376;8cf4929f104e97ca7bec15b47efa6ff927ed084b87cc1b03b8c60caa9dd7b47b;5;0xD000;36864;24;512;1;1;1;12;364330;629
206de29fac54841e.dll;38400;a454e426cca991e92b259fba5ac609acbae3d9265bcb5e688336e7dac7f6af02;38912;3a73d36f10ec9f03bd835038f2d241167a11bf3d3b13e191d71d8f3f2e6ce34d;5;0xD000;38400;143;512;3;0;3;14;364959;649
207b19a3b23856fc.dll;30208;df212815b4d718c486384530d3f879468dd10b3b30d26f2409bf8b37fe7c9b9a;30720;3750b9cbf0ca27da774e7866b3e7efed972502da29f453c74524dece674c6bd4;5;0xC000;30208;70;512;1;0;1;12;365608;629
207b19a3b23856fd.dll;30208;8481d8ffc0d51a83b065d8a5ae78bcee3bf9925e515dba41f194a98e5bf79eb2;30720;84844d35f80a80c1bde77d071def2925ad265543c8dadeadcb090f145ce030d8;5;0xC000;30208;83;512;1;0;1;12;366237;629
207b19a3b23856ff.dll;30208;70ab29b4beff45f9f2409dfd2cd50ee3d584ae6b408dc767acb8269efb429937;30720;0f10c94ba5e99dfc0f9c8f256cfec8825689b42b70cd1540789758a4373729d1;5;0xC000;30208;75;512;1;0;1;12;366866;629
2088fac6630de9b2.dll;30720;68bb84b46c1205988652aadb18cb0ef4bd3cb37216d7d62a122f9c62bb249f36;31232;7b54e69aaf25f0e8bef376b6a39828e3c44b05ba7874f6edfe5ecc8285b32360;5;0xC000;30720;53;512;1;0;1;12;367495;629
20a3ae9ea3677486.dll;31232;1c42c0252ace1bbc3f2061fe3f86cf0351b085f9e45339aad13e1dd7229d0026;31744;2f54d99658be37a3c8a07593689ded44720b261243fc662505d4d3f2b9f6c9ed;5;0xC000;31232;73;512;3;0;3;14;368124;649
20b7afc0de533e96.dll;31744;4c4aeed38172d009a1c2617e0be3405de8e6c0ddc97e8a0567c7e8c5204ff297;32256;084c260e2bc0046ea2949d8c7e430d984a81d431a2934547b8230a5e0a21e0ea;5;0xC000;31744;260;512;4;0;4;15;368773;660
20c9598d54f5f01d.dll;38400;7da808077bbccaae05838caaba593766182ae4b69775ab77b4fa7018faf6d411;38912;9909fc5cf643fc69959fc8ad9587008d1b9086794bd60a7fdd13698e74cf8ff7;5;0xD000;38400;200;512;4;0;4;15;369433;659
212b6bc866dd5254.dll;34304;ed3e9db8852d72584af51b96d21b401ad9cb39e3598fd5546d54feb1bf3eafa2;35328;20b905804537350e9765fe2a400c9ae7713781e83e3ec00398b5b50b9b83bd16;5;0xD000;34304;544;1024;6;0;6;17;370092;1192
213016ae1a3306ac.dll;42496;ee89e1a0fe7de0814ef62ba90747ce551f10a623b78e7a561327bd979e8ab662;43008;83be7c62c9c4a920caf673af2250a59c00667ac271d806645f4677f12071f726;5;0xE000;42496;236;512;3;0;3;14;371284;649
213016ae1a3306af.dll;46592;e1f3f97de48b2471b102e5775c215c0c571146b1144c5ed728f9e9914def4798;47104;55c490eb7d2de37f0fb35aaaa3e80961dbc48b680c9bf07c1f996d59d82defdf;5;0xF000;46592;119;512;3;0;3;14;371933;650
2131ee776077e07e.dll;36864;5a2d321a94f7e1136f267b3d8f9fdb0df2264a106d5ca8e0e3e7e95c9f978bee;37376;d0d4385ade5e1d021b3ab4751d6b23b2f0b55b8f85d232960ecd364f3e5696de;5;0xD000;36864;246;512;4;0;4;15;372583;659
21492120c708bf34.dll;30208;41aadc0d563c4c4e445d7be51650de02b051dab72cd00cd2bc646deef7877275;30720;60a957c08397d2bcb626d4a48ba9c39f5d4b1f45403dcda3c07fb945bce54314;5;0xC000;30208;73;512;1;0;1;12;373242;629
21697acfa4107463.dll;40960;808eb0fe724938068edcde4785a6814b58276ac5d044ec4faa280fbfbe58a849;41472;9d5a497f98ff20ce40390b7138501822ca82c63a86ae2fa6eaaa8a6fb2b33ff9;5;0xE000;40960;244;512;6;0;6;17;373871;679
219b2ebd39a6f1fb.dll;36864;97e07a88d3ce28d539c56c7e06cb4855cb04a461c4835483f07b43f59ced3b4e;37376;3ddf535ec0caaac68d67ca047f805d5ce6ad2240360cc54095a78b61bf75822b;5;0xD000;36864;45;512;2;0;2;13;374550;639
219ea9ae9ccd9fc1.dll;35840;310c97892232abd5696c278cd32064939ec349d24e193889f0d54439977cf2dd;36352;b7aa266aa916c7caec3da251e2bf2e1169413756fe2fb0fe03e00105a3a1594f;5;0xD000;35840;155;512;3;0;3;14;375189;649
21d85cf5a9346ec2.dll;31232;69cda7d3c55f06d3f79696254294d31a6b094d09ba6533bb4376e3c4aecbcd43;31744;c722c9dc27b2b9df4ef8cc937a3552ad31c2ac2ece03d88b80f8642770c90f39;5;0xC000;31232;227;512;3;0;3;14;375838;649
21dc5bd495f2cc24.dll;31744;bbbb66c1c1b51ccf3c8d73b68e62bffb09943a6fbb0736a5c74e19492951833f;32256;bb494983acfe0bccb35c26419ee63d9214b3b12726c338f433706423691097ef;5;0xC000;31744;268;512;4;0;4;15;376487;660
21e117f108c13200.dll;31232;7e9d9cc313d4f2a82f63392aa73ddce68417ca4962ede96969244c819611ef06;31744;1769bb4763212a1b425267a61c51e553d8a7de629f42e8ba8acd3da7ce1c50ac;5;0xC000;31232;24;512;1;0;1;12;377147;629
21f274fdaa0147d8.dll;28672;97e4aa3fa465463ed6e871b47f27d327bd051d7064d92d4b166a38ce2e70b3e9;29184;d5deac58d7fcaefd049670bdf2bfac1f5ddc5367356d93fef5d5cc5f9c0b307d;5;0xC000;28672;136;512;1;0;1;12;377776;629
220dd4ddb8e092d8.dll;37888;beeec6cb0ae39bf8a8e47738a2a4efc1895bf5e3758e189a1e9a7e1a511becf7;38400;efc9844435751e8a9fdacb3a8e9317fcc0f371162c3a07195fe7766eb912db3a;5;0xD000;37888;158;512;3;0;3;14;378405;649
22139017e351c440.dll;30208;9e06a2e72aabc150e7a7390d301c57280d0637334ec35e8d5f9946dcb562da2e;30720;1961016d0f50686b2917f0059287eacb3263c4529e5e7f39b9c87009653c68fd;5;0xC000;30208;60;512;1;0;1;12;379054;629
223d4a480151dde3.dll;38912;1f0d596441fd55bb93d94cbe099ad254256145f08a7a08728c390e7ab5c713d8;39424;5b23d3829784656e2e6ae0b498dfacfd809012c86ce82c6ba409fe5d50aed1c4;5;0xE000;38912;80;512;3;0;3;14;379683;649
22445936021a799d.dll;28672;c2320bf077cec35f16a8b3d638847810ee521a98d88457f04d3a7d64a88dab98;29184;86dcd7e5363206002feffc7ac1a1d5fa9b58472b26f4802476762ac001f5d589;5;0xC000;28672;20;512;1;0;1;12;380332;629
2255e535ba3783f2.dll;38912;b688c8660e0d9ac214fe6707cdaeb57fb54fc4c1d5264fe7d2e0cf2f1e7e2bfa;39424;2171e8401dbcb5b45d5d748a012aa73466938df04d414e6cd6c3f5bb57da34ed;5;0xD000;38912;246;512;5;0;5;16;380961;669
225ea7fac224776c.dll;30208;ee6121a9572c046f308828ee5fa65ddac995e94d1154cb4017a464664fa3a65f;30720;1b78c6c14d19727d7a31084a689c4d9b00429904b4511a99435d61df3b551891;5;0xC000;30208;78;512;2;0;2;13;381630;639
227fc4a86ac3d9b9.dll;33280;4ac8d368c7ed4543df2e37ceb51861534857c140d8f538093504d7a4b4ea96a3;33792;87b5c68bb4fd8aafc8726bb44e5ad3f2dca039e9e2703d9a208b85c5bdac7624;5;0xC000;33280;356;512;6;0;6;17;382269;680
228183c93312d930.dll;35840;7e35b66704731d74c9f54d047b5050f92f1d44cd0461f6dace7069debab40106;36352;a84ca77f392b7292cee62eef78cfe6c176386fe7d4d82995bdf49d2599ad8a88;5;0xD000;35840;54;512;1;0;1;12;382949;629
228183c93312d935.dll;36864;010d42140981800339c94518048d86b99fb912ef7da097b7a175da4c9796c3ce;37376;4ecea86f8ddc54141b51c16059edf5d21b96b29aa8052a1681126d2c412a1457;5;0xD000;36864;52;512;2;0;2;13;383578;639
228183c93312d936.dll;35840;6d9184dda60474ad1947c5c964551ba645d36a419dfd1d02c0711b434640edab;36352;7d9ebf2f28e8425280483dfa06e99d2008ee92127d52d7488753ff2f272f6156;5;0xD000;35840;17;512;1;0;1;12;384217;629
228183c93312d937.dll;37376;2121d7cf157b775d7de47d51077f84dbdecba5697276f5438c45337688eba664;37888;db0ce37d6acf30f26572af6e9eb3864df4588db883e007ca60c8cb5ae0ebc925;5;0xD000;37376;64;512;2;0;2;13;384846;639
2299f009624d73b1.dll;38400;9efec174c45f0628a39ce7ad502587a13cb19e16a770e25b28f390253bc2005f;38912;a4f9e76b477c849d62f6c14da03a6c18cf3f4ed171741445ae3f6f40d46a46c0;5;0xD000;38400;279;512;5;0;5;16;385485;670
22a37713e5374e5d.dll;37376;c2e6762d900f98d98ecb5e82a2e246f60896471632c6acac0535203febd8ae0e;37888;19d0b687b138ec23a23db986b9c64b6af85164c3eec5772033992799e74acac5;5;0xD000;37376;50;512;2;0;2;13;386155;639
22b592e8f1c0af17.dll;36352;c51c27a5b67097e1cb542537475c9621ca61383cca3efd055c4f80e8f2a5a095;36864;0f99d3bf268c5ff77456aa62b9d8206bd70e9b4d493da36dff7ecdc918e47773;5;0xD000;36352;128;512;3;0;3;14;386794;649
22c3d222966d165b.dll;153088;14b3f7dd9e5eb1d78c1020d8e9574378924da0530fe8e42d2e4a3d4e29c14adf;153600;d5db70999ad466f2dfd7dd10d852adaff1b4da6f7d144e6f718746d2869d6bb2;5;0x29000;153088;41;512;2;0;2;13;387443;643
22de7800bce8b093.dll;31744;5c2027eacd3b149761a59d62fc4c8ca2e1ec071e7fda31f74aea62b331d41f89;32256;cef218df5b09eb159c355667c2d3e2d0c3d51d0c0834696b9e68bf189304c208;5;0xC000;31744;151;512;2;0;2;13;388086;639
2309e146630b6159.dll;31744;e555897a4e638756d4449ab9e83259ea6127e05be80dc63a825884e6293399d6;32256;4880a6a0982feaf37950ea50dfd55f7b5ed9d3fcae626487497daeed3eaffa21;5;0xC000;31744;162;512;1;0;1;12;388725;629
2309e146630b615a.dll;31232;9c28d8ca369eaec5f39342e4d3f2d87b30c8738443dfed4be80ac6cca2526062;31744;9f5f2071893145cd0f66f3f09d48851f338b81630a5fa013df02d0dd06e66f15;5;0xC000;31232;190;512;2;0;2;13;389354;639
2309e146630b615b.dll;31232;b6037258d7deb77dcb8eb1950ee1b67a272c8d33bafdf5f1235c42c29b114702;31744;5851b7bf06c93be7de68441c066356e3313110811bf5a9a1640b950e92600b70;5;0xC000;31232;217;512;2;0;2;13;389993;639
232080fa8154bce4.dll;35328;7cd52b90ae28256a12f2486613d22e368ffa704f70c2aa9d8c95f1a3afc3d499;35840;98f37b3f509934e0eb2e52e4133cf7b5f9b5fa20f8999400ee1f68c39eb124de;5;0xD000;35328;45;512;2;0;2;13;390632;639
233222bad7c9bb77.dll;29696;4cdab8be028655636faefa0f6411ad8a32fb83fdc13c817c60ee15cb9233deb8;30208;8622d8d7a33f2d34f1546da17b8a3077d05eced4e6810f21be786e5cc870c797;5;0xC000;29696;63;512;1;0;1;12;391271;629
233b05f3ca76a26b.dll;30208;e3002f7e994acfef05d7fe0c523244bb42c4ac764b3c0d4b26f2045d76ce4ce1;30720;42c95edfe7324ab503e43c560d14978c6e1de3e4de39d4990a69bb181a8e885d;5;0xC000;30208;46;512;1;0;1;12;391900;629
235a6a9b83583859.dll;32256;588a7a97bf225a0bb08dec6c9ea05d03026cbb11857ea9e06ff5918459ad8955;32768;c5c16877c4270f1b5c1d0e76fdaaa9331fcb71d83a72c52b276e56cd5a7a2064;5;0xC000;32256;40;512;1;0;1;12;392529;629
236da5ce24ca3be7.dll;39936;331d0688c57bdbf15425af21bedbbdf60dfb7b7cba0143be81f9ce867f73f566;40960;51f7d3e4ea9c3a1eb646afba4da4d589be487c224c8ca6970ba7caf51f05f72c;5;0xE000;39936;678;1024;6;0;6;17;393158;1192
23836148d5ca5b99.dll;32256;5641c643b8fe6b6ed28b7f19f7bf18476aafe9b439e66936091035c0b9bd8b0b;32768;e77959d46113d90ea5733799fc543e222642ce689ee7180fbe83e720806859b0;5;0xC000;32256;343;512;3;0;3;14;394350;650
2392968bfa5c36e4.dll;31744;4429df14644ea76af380d0fc0edf4e7add476fca1963e83fb8923f1e9ebad291;32256;4dac4e3d4776ffb79c07685e14ccbbaf189695f8bcec9d49ce8a1fe4aa10a601;5;0xC000;31744;192;512;3;0;3;14;395000;649
23a7ec86eaec869d.dll;38912;1ae94accaec343f597ff01254102dbedf749f7aa15f065009a8ab0ef7d034806;39424;c90dfe06db27793dedfbc9af1ae30eed79c1e6832c0d917a75c95ae10cf90753;5;0xD000;38912;471;512;6;0;6;17;395649;680
23c67942dba4b1a1.dll;37888;c20a11dcf63676bc021ca412d33889483b36d209902c218eaab77d34324ac901;38400;150069d0e553df72ba6277d7a4d00ff41d22524c310907103a0f3d59159be283;5;0xD000;37888;191;512;4;0;4;15;396329;659
23d676b9c14ee2e8.dll;36352;0f7bbe639caf700cc37b742ab6f2952ee02118f579a7ce3a8766a80ede619375;36864;21b8a86628eab8f564817bcbcd55f9d563a7727fd666a5dc58a683a0aab9c767;5;0xD000;36352;376;512;8;0;8;19;396988;700
23d7e7d3548490f9.dll;38400;0e3b0ee69215643732fb2466676a4aa317296c4d3b856648f80b376f88c1f4ba;38912;db63faf8e3c457dd49e4f35aeff5c685e84d752925a907f2e3d66d7bace7b40b;5;0xD000;38400;133;512;5;0;5;16;397688;669
241fa41c61fbcdcc.dll;30208;78449b1a3b646481a844e50792c20ff59a39e2ae8711a60cbd40d6ee2dc30060;30720;bca3dbb3f5924e09e8e6d93d82189b2e5f3a1ed67132976994ac1e97eec32ab1;5;0xC000;30208;30;512;1;0;1;12;398357;629
2428095e610f6cc7.dll;40448;fa126e9c61f6fdd7b91117d021df5062dfd977bc1805ca4365b0702c3d196dd6;41472;1b1f902ccbde6815d29df925f5bec0d9aa05bdeee23c4eee08c35e6fdd46594f;5;0xE000;40448;623;1024;9;0;9;20;398986;1222
24311038a54551cd.dll;30720;b01408d83d530866b9d37e99b27fe35ef5e46c0ffce59298056e761e1783e518;31232;aa45debb9ae3ffe9c22dd83e0e2d6875c6f29989277b53a976248c92eeaa677a;5;0xC000;30720;112;512;1;0;1;12;400208;629
24311038a54551ce.dll;30720;ba83ed73ed205a114620e0b051c9a96d2d3a2c3cca105a36067a1a936ff17e3c;31232;0d3e26820a93025b5a3409391b1569d6ea0dffbe5ae86cb67c4d3a68bb92ac61;5;0xC000;30720;100;512;1;0;1;12;400837;629
24311038a54551cf.dll;30720;d6e74b885d2a20c5a2f40f1f27811956df17f7708e2c07dbe4f86c12ef7e420e;31232;aa47e0dc490eb2f72644149b9b0238cdbf76535550b3a493be339c6bef0c4dad;5;0xC000;30720;157;512;2;0;2;13;401466;639
2432314d0e44e713.dll;35840;b4843575ee345d2add2e81f89ddd1dccd6f48619b7c413dd327f369fb2853a42;36352;42a0ca6b150d3dc50c000a02874739a301c20348d496b91a3858fa6abdb72adf;5;0xD000;35840;150;512;3;0;3;14;402105;649
243898be176561d5.dll;38400;f05fb839fbbb08abf7608b96065daa05a697ff11a09ca3a69f25ac2afecf0d82;38912;366107ae7daced4c38cafc3e042b66d54340060f98961581afc0e63eca3e6436;5;0xD000;38400;136;512;2;0;2;13;402754;639
244f5d314645a46b.dll;37376;9bc5c7bffa2da65f321ee2f8c9eddff12d4e64d92abdc34102c957dd20c5874f;37888;f33e2cdc0b5710f53589b7dc532b1419430d6916e209eaa8f48cae69fb7b8d0a;5;0xD000;37376;416;512;7;0;7;18;403393;690
245927c0dda71df3.dll;38912;716ba0c3dd8f61983a8620b1bc0ec370c2916838e30c6af9acaab31f54bc2b19;39936;a2d835e95b3f8deb2a42db404acdb1bbf02281d352ec66b04f210e35049fed51;5;0xE000;38912;856;1024;12;0;12;23;404083;1252
2465e0d3e1980e69.dll;42496;cfeb52b1c749dcded0d2329b0290d760744e7534e62631688ac4a0075b66426f;43008;45f4b9715bff4771dcd1bb2664c47ef7d15e74ee6cccf24222188d2c23213b1f;5;0xE000;42496;246;512;7;0;7;18;405335;689
2472baf8e57fb7a2.dll;37376;6b29048863c826c6da53c03e2b23e854584ae93eea2b0d41b03c5d7ca313ab79;37888;8295e2f41c6d38ab423aefc1cf16063a5caddfa70c625428df5ae7d75f541590;5;0xD000;37376;302;512;4;0;4;15;406024;660
24a3b4b233985323.dll;34816;b94803b175e72d9dae5021ba555f2756ed505b9a9a60f63ab9d8f6bf85fb72e1;35328;4b2a180cb34a4de4a9df082cb3723426895f480e62156e3589ccb1804980f35a;5;0xD000;34816;157;512;3;0;3;14;406684;649
24e7afe2a8d84e5e.dll;31744;c77acb784f340ac013e59a27763f2655b932e24ab1c707cded47ae96e342978c;32256;2e65b9406639cb6ea2c10dcf22e4e5070d2c45617dd53f092f4c6d9c30e62e72;5;0xC000;31744;51;512;1;0;1;12;407333;629
24f93432f485f0a9.dll;32256;66e58d16cd0f7ff960015c29e907c1a6aad94ed54fc2680e34d76afc534ba8a0;32768;f3ae39284c9b3a81a2977860273189e172845b798bf7595b762a8901652ead90;5;0xC000;32256;169;512;3;0;3;14;407962;649
24f95d19a077ab23.dll;28672;edd0ca41088efb85cfaa39f9b804a9314684082ccdff206809bac5a6728d42b6;29184;1acae99a8d604cf0d2b636989ff3997c711fe1480f66dadc6f683c3ecd659d70;5;0xC000;28672;36;512;1;0;1;12;408611;629
250dcc9220891a49.dll;35840;e259f874e3bbe755d85f913c6405d886b15e3495721ff5316fae0a4d94cce35d;36352;159499e0f4acb28dfe068f64ee03331ad6afce7eff01d577053ee0a9438be0b9;5;0xD000;35840;34;512;1;0;1;12;409240;629
2536e96dce033d3b.dll;30208;123f9be573c29905a6eb2d6cb8b09250c09012f59757a0b5cfd4f6341477fa66;30720;4889afb353d0e6936219feb649bbfde63bf2a64a4cf1608cd975e56c5625f011;5;0xC000;30208;202;512;2;0;2;13;409869;639
25746497b0abc99a.dll;29184;d2ef0aa402986989a3c288e0ed6a9673c76b60a5612c584ff078ad750fa8e830;29696;2a68aba157d2efe02b9b043a27a051505e80d05246f7766670b034f5d72098c1;5;0xC000;29184;80;512;1;0;1;12;410508;629
257c052e4c8254bf.dll;31232;87770ab36cf75d5001c1b5568426ca66d6f5499931c794c62a12130807578e02;31744;56fd99920c0853793ff2264d6986940c349fc0cd5fcc523ff07092bfb516df12;5;0xC000;31232;103;512;2;0;2;13;411137;639
25a263c7f9fc0498.dll;30208;2899237803885f6bd78d986e057bf4cceb8755cecbe5b2e9ba3c39e16aa25dc7;30720;59dcc201d2fa2f0a140475481a162e6b9d470dbcdd9d69266360b8940f5e8ee6;5;0xC000;30208;184;512;2;0;2;13;411776;639
25a5f98872b6ae5d.dll;30720;008c6ff223685e943e16eb5718a0d6a572fa761c4130cc037d3a93fc2dcca72b;31232;bcc1ffb0b9f32bc355f8e7c1c2dcf611103185c5f6616a7a98f68e23d6f0a165;5;0xC000;30720;60;512;1;0;1;12;412415;629
25cc587f43559434.dll;31744;8a15aac81b3a7103ced574b0186d4514e1ced30109f1a4b90cb5d3a9e3ba0581;32256;e1eee5d44e90de5ea9bc8f5413bab74425b64f9dca1998e4e0ecd39428c8076e;5;0xC000;31744;129;512;1;0;1;12;413044;629
25cc587f43559435.dll;31744;24c3a0e4c141af6386ba9f58dee5ec125371d51a237f8ee5e4ba3ef146d43edb;32256;96c0d1ec4660c1956af4286bca1a542c7cdea678b2e8b0768071cb24232b92b0;5;0xC000;31744;147;512;2;0;2;13;413673;639
25cc587f43559437.dll;31744;cbe2fc1baf5ed573c09bd3719063be6b2e2ee9ba3f7082b14f22a38b20e778d8;32256;7b6b90ba82f9a6662413a83338d1ca17bbd4a512e10471363773e0af7069fb2e;5;0xC000;31744;150;512;2;0;2;13;414312;639
25dce6e70cee1c5d.dll;31232;444cda0dd693a7e2d05a47a4d09187b5272b026f3e5ce5f98cbe9a03ca18bea4;31744;f1d47ab6d6f7e2cecf4c415f4b5b8283148ad70e093f98e37ab375c3b890713b;5;0xC000;31232;144;512;2;0;2;13;414951;639
25e317b287440a89.dll;29184;0317194fb41d016b15ea9f6cb4c14ee327929212c670398bd56c00205dd4d8ac;29696;93bd0e30ce6125df1ad57bd6e6c7676823cf15fe245b12cf4479af8d1a2bc6b9;5;0xC000;29184;108;512;2;0;2;13;415590;639
260954514d88b0c9.dll;30208;7ffde8ffe2432af4a3ad4a83e2edaffea64092cbf5565f2688316e49818f59e2;30720;680834b6a602923496fee69a58008175b788f9417d951620d3e980c22a0b4fe5;5;0xC000;30208;71;512;2;0;2;13;416229;639
2639d5a4f93196c8.dll;30208;de511cfab3b914d277e6803b2b623373d199dc2cc3123bc2d11ee4f3ba1bf7c8;30720;76ae7581bbb393f2f301ce0a98d64d54170adf83acdd828544e0c3452ce5c80e;5;0xC000;30208;121;512;2;0;2;13;416868;639
2657b9da60a7fa58.dll;31744;76e62317f60c23a18823e97d1dedfe23c15e649331d6eedbeb8d880543680925;32256;63e4e094509d259b4b4fb2b9e641e422653e74246c49b951ef8097a2530a0624;5;0xC000;31744;76;512;1;0;1;12;417507;629
2657b9da60a7fa59.dll;31232;46a5638a88616a38e6802a17f0afe65f64de447b60d45029498530782dc3f90f;31744;1d9addfd0bf58b3b991325f9dff0f13e539a79ce26095aadc85be4f8cb8cf7f9;5;0xC000;31232;58;512;1;0;1;12;418136;629
2657b9da60a7fa5b.dll;31744;be1b2c3bbdb4d35e4c0edb196ac3362c105a536faf6378ab2d8cef667b622424;32256;36f60b9685cdc9edcb4074d30a72b4cefc0695b237a2501c55fb06c0db3d7342;5;0xC000;31744;114;512;2;0;2;13;418765;639
266889ccad0c8490.dll;30208;d783008cd99ff023382e86303c9d081b9fa48d2fa725818ace3b7e3fcc70d536;30720;466aca20bf75cbf109735f24d541c752430e417d23690a713603c547c9ee7eb2;5;0xC000;30208;114;512;2;0;2;13;419404;639
266889ccad0c8495.dll;30208;227d6ededae53165c7cda2dc2a1f78ad058e3ccf62eab998d9e957415a53732e;30720;e80d055d2f4d2d40ef177470a9c4c2d4d4af6c82172ceeda0cde17a92b2bfd3a;5;0xC000;30208;147;512;2;0;2;13;420043;639
266889ccad0c8496.dll;30208;8fba495d9e442be83d664ae69dbdd5117f9714a0f7b7cf3641dc7128180b5f33;30720;a916c9ce224dd21a5422368f357476479d7ecc66e1eb68b7ce796e483f0d63d7;5;0xC000;30208;179;512;2;0;2;13;420682;639
266889ccad0c8497.dll;30208;b34bed02d1b2fd5607b9e028d9a1ceea2a6269396c00f117a7b295543bd8fc2c;30720;8a870956d141eaf076f6b5eb80d5641388f636fb3c2ebcaab99674c7c7fdaeaf;5;0xC000;30208;97;512;2;0;2;13;421321;639
266c760612ce8837.dll;32256;ef205463019654db16e3019a7cfbcb0ad692c0cf795dc4c881bfa04a4e7be3d4;32768;ab3c48f8d1928ad016d12e14f9af0d911e15465ffba5eec80b2bfbe05424d77d;5;0xC000;32256;28;512;1;0;1;12;421960;629
2690b7127cda3659.dll;29184;307ac278d6499befb0a7a0b013c1b1ce12ef20c3b7540d72fecdf0ecb2faf72b;29696;c73741131da7c57482355fa63cabfbe9e8d508dff4117f70f1c868fa774f3360;5;0xC000;29184;216;512;2;0;2;13;422589;639
26a82e8e972b61ef.dll;40960;1baa9c442e3301af48c06225112255a66283ba9efe6d08ea645deb439f0d0e99;41472;3f206655f462ced7aa6e711f16432f34e9095a04f4af2813e06216a7575498f4;5;0xE000;40960;439;512;4;0;4;15;423228;660
26ba9386ed220003.dll;144384;e941a97e0ef3bbc3f009ed876bb832e25c4b8e9c5e73b402cb064b67ae71bcf6;144896;3002afcdc4695724dc3949d75451b8bf1576def0c909d018b2ad7c2ff466791c;5;0x27000;144384;365;512;12;0;12;23;423888;753
26bf5fd181c17e30.dll;30720;87d2256240ebe858beaceb27b8f636f183aedb65ddc76599cbd15f4df1653f9b;31232;de4855657a3c2dc2c1c479c06498a756a3212f62f290847de29567f71f0de8ef;5;0xC000;30720;145;512;2;0;2;13;424641;639
26bf5fd181c17e31.dll;30720;0f3e524b33371404ad8ecde90c83e4d6382f45b267626207e76a8e4a5edcb33b;31232;db62e03b8acd33fced7855a760490f50f95799888cdbe65fb2c752df1c966bc1;5;0xC000;30720;115;512;1;0;1;12;425280;629
26bf5fd181c17e33.dll;30720;17692262794028cbcae6bb2fe7be2d303f9e8bf17752079ea789d4395c51ae56;31232;2f92b17779c51cc1bb46e142d8723a93c32c6f4ae572b7a47b470d541facdbe0;5;0xC000;30720;161;512;2;0;2;13;425909;639
26ca47bb4826f267.dll;37376;37f786c22450350f693997e7c8f9195450bd583c11ff954be853e64a8910944c;37888;1a75c0648b7d3c317fd9f36f847207dd813d9f25c79eb3186ef8347ce5618f5d;5;0xD000;37376;62;512;2;0;2;13;426548;639
26dbb689e94971d5.dll;34816;300319df084d605849f4206b3a58d1105a3d3641547396c94914c09a6d3f9d08;35328;bd5c4233512df24a63a7f03c1e42e0a2d04ffd7702f4d0ab6e60d90f3c191b4a;5;0xD000;34816;104;512;3;0;3;14;427187;649
26dd5b5853f1ab39.dll;33280;2e06c7024c2c97f61229e4cb5808d316364b98079f7ff8fa29af56f8cc576966;34304;e33dbe4b5ccfa1811591e72f583565449604d81668fb2e3f3ba9fd7b100535be;5;0xC000;33280;521;1024;5;0;5;16;427836;1182
26e257ff00ed55d1.dll;30720;0b4eb28653982863903bd4426a06385b79d1a4366e8394a929653adba11a9261;31232;aecaf1a4ea6c431a2790263113968a2c94d96aeb9c279f83534492c862fedbc8;5;0xC000;30720;33;512;1;0;1;12;429018;629
2700d910a0bad449.dll;37888;6878f62a6796fb45806ac7229e8ed36877d547c0146a8044a6119190a8fbb433;38400;d2b06c17bb5a254cfd3152c181932c0b8023858bdea0b137531044ec42ab40a3;5;0xD000;37888;245;512;8;0;8;19;429647;699
271a679a3ee9d006.dll;37376;6899f3f45173fa1cd4440ed67d25a8fc1c5086895319e8bf1091e992ee53269f;37888;d82fb74091f750258ad281ea32c1c9b5312fbf2191359602e7084be4957674b2;5;0xD000;37376;335;512;3;0;3;14;430346;650
2722d38884c8d613.dll;34304;c4ac298d7b04f6dbfa80cf54af28466bb2b1e9c06fb1a411ea85630f985d8729;34816;1b9ffc450663ca592066f181e9f8af6d4e6197c2b5db1433db8169a6d372a637;5;0xD000;34304;75;512;2;0;2;13;430996;639
272b85f53647fd53.dll;30720;1d322310b391e6d5485da9abb4af4e85ecf90e785d80c27ca02480c92e1b621b;31232;99b521ec32c12b8edc8a554f1f037c20a9e2820b80a0901265ef47bc031d4e2d;5;0xC000;30720;145;512;2;0;2;13;431635;639
274bac1610feca83.dll;29696;58d01f4a6a2b7a4095582fdfa0c634ac2fdcf7d7849273dbf99a5a318b8e84cc;30208;844b110acf2284c91ca6a84ce1e667945e70ce16455a5c4e55e44d01b7ab1b8e;5;0xC000;29696;51;512;1;0;1;12;432274;629
2753bfbac1e76c23.dll;28672;1e25df8b1dc8ed7159187d2324de2e6e5d95ed270a636d3b695673c9e5dbd7a7;29184;8f789d85804464c15434f7fadf8e0ed797d488bef6c3cc1f1e75ef0e98b27539;5;0xC000;28672;27;512;1;0;1;12;432903;629
2756870cc5181a17.dll;31744;d09140869e6a98b7ac59a2f379ed997a4c88309be5ec3d8310f4f3ec1d774424;32256;18af93400eb635ed042b7f53e072ca34ccce37c5088dd9c2e768d43aab33271a;5;0xC000;31744;100;512;1;0;1;12;433532;629
2779e9b330ef03c1.dll;77824;320a4686e5249323f2ae5d5a36db30492ea9577038d43b174f4fc94ff5a3d7b6;78336;db1312621cb5d8c33e1ff1f654c32a3dc0d3744b894806eed4eb1c1992bf2280;5;0x16000;77824;116;512;4;0;4;15;434161;661
277ad26d6b3ce090.dll;30720;5c13882b58586d64282180234070c78e598d8ecabc6d6c2ff141a97de0ebd898;31232;e81673b4458fdacfcdcdf9a76a2364ecd4b816ea771cf342989b59f3d6421bde;5;0xC000;30720;151;512;2;0;2;13;434822;639
278252c241c083fb.dll;43008;2dcecafa5b2f7daa5fc69f1ceb03005a02ed2a8aa619f8e2c7a81aa0651641f3;44032;a50ce0e736ef59bd742df50bdb37fd8d1b015506e769c17f274bb0309c38fe32;5;0xE000;43008;795;1024;10;0;10;21;435461;1232
27972c35939f863e.dll;32768;b016c843ed58f0ddf1a8afb6bc4d2ae3d9da5b671fe2f6b192dcaff69bb3f38e;33280;2fa2b81b6424f2c3d1897323003d8c22507733083195fe9eee8e6e38ed34fd4a;5;0xC000;32768;324;512;5;0;5;16;436693;670
27a8da4ffe946394.dll;69120;79251c506c328bc51e7bbd9eeb246bdd4c9425a3e807d478c8b63240fd7525c6;71168;98ac97a9ce6b7b74e8f05f1df9c96e4f41fbeaf08203b8c4bbdc063820776ec0;5;0x14000;69120;1756;2048;30;0;30;41;437363;2461
27c73ac38f26ab39.dll;31232;ddf55ec7e5541788c725573f27419ff5bc765da935c9d8d69b9ea07d85003f63;31744;6f7cc51c8f9c6f6a4ee12a521189461594897b33088addc295c17bf2c167b898;5;0xC000;31232;86;512;1;0;1;12;439824;629
281d059b785fc62e.dll;30208;267284983c6cdae5cf7d2df6a6cff61f46684e49b7ba6af541e293348a801823;30720;d0b27ee43b2a9f740200261bc8969bde722d860b276ec20160121b98ad827f44;5;0xC000;30208;143;512;2;0;2;13;440453;639
2838ac31644480d0.dll;33280;5f654a61d338a30797bfa8029c3a7e2392e1771b1a769cb8ad17789ac1c93b3b;33792;ce6f1252540ac1a4263a8acd9d4d3073a4477d44d84d1a812f51408a876a486a;5;0xC000;33280;36;512;1;0;1;12;441092;629
2838ac31644480d1.dll;33280;7dbb86ce440826d6cb719573924b878641569f86d8d7d0586a72dbd25492a766;33792;40a7f0162750fb824d15e63338081fbd0cec90d08c7c2fad431bdac8f97ade16;5;0xC000;33280;29;512;1;0;1;12;441721;629
2838ac31644480d5.dll;34304;aff67f88d7dafbd9db7367421df1424770cc656715e521de2dba68313e0fd033;34816;f0fcd5e8ea87ba58daa8440b9bde3406a6649654b9e3d2348b4a01407ee61351;5;0xD000;34304;19;512;1;0;1;12;442350;629
2838ac31644480d6.dll;33280;b7378dcb1761b92aa27cd8ee01ceb960c257783cff481f5f6ab6ddcb795e83cf;33792;f8aad2fd613b303b6d8d2987b887c5698a0421e4adf76381a011b8ad11769bb5;5;0xC000;33280;24;512;1;0;1;12;442979;629
2838ac31644480d7.dll;33280;bbac0f0a988661e6e9f9a59df8624b0b5105b30baf2b1e1563f3f113c9cb44b4;33792;6aae89e07a5eaaf568ab4e460186f5ff0c7dc224bb0f3729ca15149f89af9caa;5;0xC000;33280;29;512;1;0;1;12;443608;629
28448005adf74400.dll;38400;2498570f24849d311a42ed0e0398e7be723f0b905950125ad5e7f421a450dc99;38912;303d25038929c2fcf29bb1492ab0c77a1380fb072a2852ff6976bf93b8b25fef;5;0xD000;38400;92;512;4;0;4;15;444237;659
2845e26ae2f548e7.dll;102912;be692a3dfb96c6f701e04d83f41e330bf69df0c99a51259ddc1e02438f9790a4;103424;81b43838c2bdb6adfb19d35f3868e9fe4ba7517db1f1ad9b38a2239917071816;5;0x1D000;102912;35;512;2;0;2;13;444896;641
286c5a0b4258465c.dll;31744;276d4e0ab516d18f9f94e6072fcf5ca600e5cc60b0d0b261e4dbcafdd8998584;32256;c1896dd30e8aad7154c654b3e66050c5114f4512a860fe6f4247f8e87f20b8d8;5;0xC000;31744;152;512;2;0;2;13;445537;639
289cb56c87b5ad26.dll;30720;abcc5d2e76e7640f3ee9ee5f4dc024f1394806972c95dc3e9f8188ccefab2fe0;31232;62e6aceb49d4c380475acbd160a941087211ac8e0cd29755e59208837ea5036d;5;0xC000;30720;117;512;1;0;1;12;446176;629
28bcf92c501a895d.dll;36864;4e8b8c6c64cae9af35dc2662faf7641c1378947fe9a237b4d684967ea67f1479;37376;4debf2d1eec35a638fcd0ff103c984397ca867ee84338368d1d0e7a31067741d;5;0xD000;36864;103;512;3;0;3;14;446805;649
28e5ee9088a19009.dll;31744;5de9afd48c1ca291215f89ac7c216ec7a7c7f4b3f7090079bd1fe7255708fc65;32256;c1a0c75a26f273daf5ec48fbab11a803a6caa5e293e672195a8daa2216e97172;5;0xC000;31744;82;512;2;0;2;13;447454;639
28e5ee9088a1900a.dll;31744;8ecd03e20edc77761065b709602bd67ac1b23f330e89440e27f0a5fcdc5ce3af;32256;accc34574c949b92bb18e9cdc733f252d06bec8e47f727dc067ecb8294f6a878;5;0xC000;31744;116;512;1;0;1;12;448093;629
28e5ee9088a1900b.dll;31744;98cc96f0f12f6ae62647f2c961df95dd5c603c2c8cb604c1dc1faa5f3f787a22;32256;d193acca322a4be9e56984f8faf7989706ca862c4cc2b5e12a2ff03bca7cc36a;5;0xC000;31744;145;512;1;0;1;12;448722;629
28eed9619bd55b5e.dll;30208;a254cdd28743bc7e29fed0f5001ae977e4f01e59d23653034a8ff5fce1e65d7b;30720;8677176fcfa7f0fc227784fd2cfcb4fb124583b1a239ec6bbd6690b2ec10ec46;5;0xC000;30208;27;512;1;0;1;12;449351;629
28f0de339cc47de2.dll;33792;94ea8d72ce2e181f2ed7f3f7b12594bac51a92ac946af978151b5b19a6561ba3;34304;c3214e8dd98955bd61da4f4208b78b380d88442854eeb27c35106fedbf723c1f;5;0xD000;33792;25;512;1;0;1;12;449980;629
29123007cb54936f.dll;30208;eff66df4044db0b2b26d7f2a60112ce6889a1faf6d1d0bfb667f3618d2a20250;30720;dc522f506f480f1dc438608941a45f67667033b8ed8de18e35c0c7a8812a5ce1;5;0xC000;30208;56;512;1;0;1;12;450609;629
291ff3ce7fd2d34a.dll;31232;f41a20d6d11e7b902b0600e2f1a8b7630e0e5d8b45ef93917a254981eefef85c;31744;36be3cd4d69d1d7cfa17a1a4465be4d47cf1d28b2e9dc17932580bd6c3c3bd7b;5;0xC000;31232;147;512;3;0;3;14;451238;649
29375c3ef5334927.dll;35328;9c49d299dad17cfd0a3f6bdc20fde73f4c1435a9c1a3f1cb28504d23d792e76a;35840;44b9d899f9387480db80359d590722e71283c5dabd9a38930ac80b73caad4632;5;0xD000;35328;101;512;3;0;3;14;451887;649
2957149b3e454c77.dll;32768;a0f2c948191822200d51e36c070128989f5399dab0a8fd2550ac71113fe1ea0a;33280;038f6ba2e04bb5b30f49e1a31402e09a982fc47f58c2f1d3544b544e6d423f25;5;0xC000;32768;101;512;2;0;2;13;452536;639
295f9cf41ec5ccdd.dll;32256;868f901e31d5867da3788fe4ecc4f70071b9856e1325433ebd654de90aea2fee;32768;b3ad29cee5cccd2e8f246dae7447ca15fa13d42d6c02b72bd05fee36c71f5363;5;0xC000;32256;33;512;1;0;1;12;453175;629
296781765f761266.dll;30208;530715b81224893959db498aadfe21e26d38bbddeee66f540ab3f8db8b9ba971;30720;c82f28b7fb27fc2938bcad34f81d4df920c3fb5d4960bba4f7d210ce4a66600d;5;0xC000;30208;130;512;1;0;1;12;453804;629
29846e3736b47d0d.dll;30720;31548b66301995b15edae30d81f6c573a809a391077fbe7271a0dbad1877b7d5;31232;6197f8042309c0eb6aa07291b5ad22e433955d2ad0f9adcedb927da47a4cf02c;5;0xC000;30720;121;512;1;0;1;12;454433;629
29a0b387260f4845.dll;31744;8a4fb40e13a5d7e33c66e6abe7e60790d99bf1e899f6dc3aa72af22eb53ba6bb;32256;fe63f6d299b1dbf517907cc9359cee8a3e3a20f75760d315e4a27c8f243687da;5;0xC000;31744;83;512;1;0;1;12;455062;629
29ac58ff3990f6f2.dll;30208;dc4b3c1fd67daab610871004d110c8a0e40d7f4b21628124c303d95c5d741938;30720;4a745ee83718d39f4416a7af20591053ee40ae48d02acfe6ae544728d14c8d66;5;0xC000;30208;105;512;1;0;1;12;455691;629
29d2b3b46059fb02.dll;30208;d504001bf62c628a5ac5aab666d1fe7f4ee000b36a5f9ce7bca0853f14083608;30720;1f8bb3f174a917c967d9cd6797c908d8808434981fcc5e5f65a694d4da3759a9;5;0xC000;30208;61;512;1;0;1;12;456320;629
29fdbe16da286109.dll;37376;bfd5530de1d099d19ee5dbbd1ae75882fa1a6b0d663e3523dd19e9e0431f8d98;37888;0299d4678e923efff9d080c857f287393553211dd699b5d8401c5894ee6a8937;5;0xD000;37376;217;512;4;0;4;15;456949;659
2a1e4d9583e40772.dll;31744;8b272529a64e5bedf23eeab083595fb4a86716d1e9bc34ca1af62c94b79e895e;32256;a654b6bb73c41183ce5a3ec853fb2e2830b0897892977904f1bda596b24f6fb0;5;0xC000;31744;415;512;4;0;4;15;457608;660
2a453d2bf94ae748.dll;29696;7009a7b5776f0deb7a7cfe25af03da6d734e125511367f6da0806618c786d0ee;30208;23838d38090cbeab334482d687e032403bd8c6e6e2e0d8c424c89e587c360a67;5;0xC000;29696;40;512;1;0;1;12;458268;629
2a502f70276de1b5.dll;30208;89c122faa47215b7091ac5d32485a0fa381b5ebc2777326c1d0911052fb1271e;30720;13a8e913858c483538466eda7b65fd13d0ff68dbc37ff6518fc114ca7bdb00a4;5;0xC000;30208;96;512;1;0;1;12;458897;629
2a53db0f3576f72c.dll;35840;b6375a9cd9c40f195ed9ad177b047d96dcbbd83b4094e6f1afb92880d4f4af7d;36352;83635ff3ef96c5eb378d8d246dc5fdc16af6e42dd3081a30f818c7488b5920ac;5;0xD000;35840;163;512;2;0;2;13;459526;639
2a54f94944f1224d.dll;30208;f839385ecc479835754a16e458aa22ec762646d6c328939b1e3e992bb7659a8c;30720;87e745906ae0ef7f0e4c54871811232a1d00c1efa9c506d75149d6033cd87de8;5;0xC000;30208;32;512;1;0;1;12;460165;629
2a5cffb7f3151514.dll;30208;0f03e3f7dc46224084036152461a3def83fd61863fde543d7f0d33de02f4e47f;30720;95323128a20216d4ce2b46cc5258c591e3fc204e8b0d9261aa7522735d747f7c;5;0xC000;30208;86;512;2;0;2;13;460794;639
2a62aa2b43788f51.dll;30208;426c07de48fad1e2be8467401346de27b68dda02a9a2e90df1fe9e6d1c9b4828;30720;29c261bbfb6f4ac5d4f89d685e14449f02796f349f6d51bf19b32ed08bfe8ab4;5;0xC000;30208;79;512;1;0;1;12;461433;629
2a69e0099af72253.dll;38400;b43cec5b842c5bdd5d648f1464dd4b2a79434211744658d5a82dcce7263bd38f;38912;37136e8feff91c01c144a782e0c1a4c9e1130594b616fedbaf42fa42f8d45720;5;0xD000;38400;386;512;6;0;6;17;462062;680
2a8609659a503911.dll;35840;0e4e4a1254c65b56ca0f3c2e36bc642026a565a90f0d9947387ff73b1c1f8830;36352;46ca6ee15131907b2fefdd0fad5ef7ef660c190ebf445a1a36b4a0e8f93d03ef;5;0xD000;35840;149;512;3;0;3;14;462742;649
2a9e9acf42eb8275.dll;28672;6b390e09b8481d0e80c40d624f0f0f8b64d816945f7b9d9977e52eff2fa1819b;29184;5750b2bb8ef5febca5241e7bb633582f2c44f2f10c284d7d606d439e9aa3ab72;5;0xC000;28672;47;512;2;0;2;13;463391;639
2ab1b74744880dda.dll;31744;dfcc7838c67ab27b09dc4811394fe791347b95dd497ca130d6c49b3d17ed3070;32256;9e2b891f573cc582a5d1ba957ca86267938edbc1cfdbf51e13a543e19d6e1d5c;5;0xC000;31744;144;512;3;0;3;14;464030;649
2ab94d16ce3679f0.dll;30208;865705656c45c3d1b7aaae576ddda1274c30bccb8988b769a24b672e15ee4c4e;30720;3fcd04a92bccf771d2c6c88608dfafc0cc8637827ddc27f4e9a6a838cdcdb8e6;5;0xC000;30208;58;512;1;0;1;12;464679;629
2ac743d2985e4821.dll;30208;e7b591898bf1485aa9c493265b712a680b58158cbde42fa21e4f0e4d01d7471f;30720;911f084325f1bad4c5c2f1c71aeba057501acfad93f7eed7c1a8f108304ce4bf;5;0xC000;30208;51;512;1;0;1;12;465308;629
2ac743d2985e4824.dll;29696;094d284ecd5e10d58575c677a9dc2bb521d00b60100a7e1ff39a384869d91233;30208;3f5839ec69b1e607ceeaa6798507e38a0588d39f67f04840214dff96c7203995;5;0xC000;29696;47;512;2;0;2;13;465937;639
2ac743d2985e4826.dll;29696;4f8fff2b677d10d15cae24b6065b28ac8c64a71217f373e8ebe84831bc6b3174;30208;d7b273c13bbb0e58ccf99527276d21aece0a79f52c495d91f12b0e34e81bca78;5;0xC000;29696;58;512;2;0;2;13;466576;639
2ac743d2985e4827.dll;31744;83fbd78812e1cddd2d5e132bd54965956743b0fabee58dec284aa6275aa8d088;32256;a6ed37ac9fc8eb1c70ea9a720ef142c5a19897537b84d80b4ac12e13080ae0fa;5;0xC000;31744;120;512;4;0;4;15;467215;659
2ad7040f0c357bea.dll;37376;bd59d61781c99fffc74cb77574469964ed130d247b1872f9021a820c0ba0f8d1;37888;b6d6401598e120ccd1149198d9ec2fe4badf2e23c7b2a7a097afb664caaa1939;5;0xD000;37376;147;512;4;0;4;15;467874;659
2ae1ced0e50629a5.dll;30208;8256d229cf77fc1346837d9deeee533a6ff4737652314257389f4311d2974a10;30720;2b7d7e60ee9bb35357367d49fcf28b8adafe7c61f8dc99f164294a0acb717453;5;0xC000;30208;78;512;1;0;1;12;468533;629
2afc296e75713075.dll;38912;eb8e538a0e4b08506da28104f35b4667d83d21f62cc48bb0d8aafe5348b3736d;40448;b3dcd88f9e340d1aab09a92ebe27485b02c4569222259d2a92d6a7bfcfc15975;5;0xE000;38912;1117;1536;12;0;12;23;469162;1764
2b792fc441aa885e.dll;30208;7a740fa5bb0c2b6bb653f0d26f7e692d4b61adc8a24fd511b5cb79cfa8fbcab6;30720;9ef760865fc04a318d24ef8e75471c82737fbfc47b0a0f1e53dd3d46f9097e61;5;0xC000;30208;137;512;2;0;2;13;470926;639
2baf775e2572df84.dll;34304;17457bead7dc4140d81bbe0f781a02533eaee4c8c3c2467ae742e4776e07a8bb;34816;eb7503db6188784c865ba758bfffad40e14fc0ab08be1ba9da10f2f6adf409ea;5;0xD000;34304;211;512;3;0;3;14;471565;649
2bd49be322d6b08a.dll;31232;8e02fe8b94cdb1779f6b459c71c468c02e8f53fa6b5731e8b3089413aba9418b;31744;68f54e295e446c91b9ab767d6504b81006f1a1def6776afac1e2881f1afa468f;5;0xC000;31232;87;512;1;0;1;12;472214;629
2beaec7e7a434532.dll;36352;c215c13c483bf96097c590d7fcd2cd3c882c4a527545ea3f94d13e0645dcb143;36864;8b736750c973adb143a25f91c35aef557f4b1cb09a4c745fa816102aba770489;5;0xD000;36352;36;512;1;0;1;12;472843;629
2bf510dd463293be.dll;36864;0261e228c2efce5e8ce9615aed60d3089a78ed282c24e305d0e82a97a91b46c8;37376;9d02e4138bc1b4231c9a5a03e0b2e72b7d33728b4cbb33ab14591e1a9f678973;5;0xD000;36864;119;512;2;0;2;13;473472;639
2c39daadaa94b7fa.dll;30208;9ca73451747cced8500dd373ff3a8f5016917878f13dbe15791242c617a5ee0e;30720;b1218a7d380379e7df8f9581e7ead73c9b137a48eabb0f6c21a7c7cf0c88b409;5;0xC000;30208;59;512;1;0;1;12;474111;629
2c4005b445972eff.dll;38912;222fb5f56a6f0a865bf59fec5575f7d8ddc733ac872c7af67ccc498258f62809;39424;20ec29dce3d2aa2f5ade8b845d73b27974c091efcffd60e306167e5958d26d4e;5;0xD000;38912;185;512;4;0;4;15;474740;659
2c59420686d53d92.dll;37888;fed04abdeb5b8fbe6d68a79f7e7007b6456876812cfd3036500c44c7001d44d6;38912;5c01994deba04c965e22a2b146c752a6245982f1d72369f555f46d171e4d90b8;5;0xD000;37888;604;1024;8;0;8;19;475399;1212
2c6980698f537cb3.dll;32256;4d84f686dad3bfdf7344f6e760aff8384988bcb24816bfe6dec3495786447636;32768;748f43a425bf743007a2600d7de50523bcda7b54e626bbbce2317aec64aff2ec;5;0xC000;32256;39;512;1;0;1;12;476611;629
2c6b6fcef3471084.dll;32256;31b99b22f32007760ba3f1af1b142d32a78a979346bfe9e95fe7b65dc7168059;32768;7252b41c90efc094064e43ed74f5b4011cdfd2a84be1e296c404d5642f25991b;5;0xC000;32256;418;512;3;0;3;14;477240;650
2c8cf4a342b8b964.dll;31744;368c6114cab14ffb4968fd5d2a56f205c2c941b6d8292ca1ed983b8fcc7795b7;32256;3a8194d4566eb8c1e88b0f339457d0d8370d23b487ec7e4b3c972d02a9dc56f0;5;0xC000;31744;220;512;2;0;2;13;477890;639
2c8cf4a342b8b967.dll;33280;1308cc25b49c59d11436e549696daeae7697881e7d882c65c1fa60a420637a7e;33792;bdb670ed6563706a716d198e0b97c3b8968d44c7b5685ed82e5c7454263cf59b;5;0xD000;33280;305;512;4;0;4;15;478529;660
2c8fdc1900a3d875.dll;28672;419311d02fbf8ca721eef259d52383358c3cdc05cb0fcd2ee92750ae6aa93c8f;29184;c840c3c401a2599ad05e0618118d96459b1b55df45ee93aa6cd87e55341bd314;5;0xC000;28672;72;512;1;0;1;12;479189;629
2ca23d7ebbc97927.dll;32256;38122e2b3f4c021dab074586dee28deeda5ad29beb07e07dd7b51e1209a95535;32768;6463ed79a931f85f0d343ca9ff95e028d5020df492d0f63859f5ec1af9e776c0;5;0xC000;32256;90;512;3;0;3;14;479818;649
2caec19ca7d99bc6.dll;39936;55037b57e63c7ef392c157eac420988188771d736239b5606483b212d3c3ba4e;40448;2315e60c1f8b56273136da0e0c9bcbd34a39c5a1fc9771e4c5fef15702e349e0;5;0xE000;39936;220;512;4;0;4;15;480467;659
2cb02ef3e27541c5.dll;36352;5b3869a5d89b71632eac467bdd680dba113749cf2ad6ffa1f97ba16a8c5fd5d6;36864;d555ce5374f91f4f64f3f82fc3b08be88ed413a7dd96ae78d811d80f30830e88;5;0xD000;36352;68;512;2;0;2;13;481126;639
2cb9407e0bc40134.dll;30208;e056aafaef475398fb70bbeeb5f5d2f61e1ba9ca2f37a6170f23db936d692a33;30720;fd01565276828732edfc31d18d4c5770b40095fb635b63c620c1aebd564bf0c1;5;0xC000;30208;89;512;1;0;1;12;481765;629
2cb9407e0bc40137.dll;29696;c42006c531c0cfe2aca00761e5e2244b456afd2b5830e13dd7505a5e07a35abc;30208;35fe3c455194640f4aaf8da97088de46e344f80c8c01b4ef8ff5e82ee61031ed;5;0xC000;29696;53;512;1;0;1;12;482394;629
2cc3e82f9272d7d6.dll;30208;85daa6c463fa78d7c68b114574e99c4b4e1ec2262aae926ad9a90f406ddd9b6b;30720;f14054f0bc2de70d6b0967e72644573e72d9300516a5af088b011aae9a72bf5e;5;0xC000;30208;56;512;2;0;2;13;483023;639
2ccce89aeabdd9f1.dll;28672;2cf7dc07140a7931aa60ef6be0e6cce88113c6882d63d6399a276caeb14557f0;29184;b757e3cc762e146a1c4b0148c635838dc8b3a07afa7f836919aacfc731d8ab98;5;0xC000;28672;107;512;1;0;1;12;483662;629
2ccd3226fefc05e5.dll;30208;bd434aa8d3133dbb223572b3e8d31b494945b68c12f8962ef568c2a531dcea79;30720;666e652a7bd0c5f6415a2bddd18eb5c2e64ca93a6469154195b1614b8fd64227;5;0xC000;30208;82;512;1;0;1;12;484291;629
2cd4f928876ed4cc.dll;32256;2193efd9e6ed9514020a5a07d4b7ce6d8a968c4711704a56d1b14f5e2dccd356;32768;440198c3bcf43f943e6257a9177e3590b0956ac88dc9b6df3e29d2f8a1b4736a;5;0xC000;32256;363;512;5;0;5;16;484920;670
2cec9fac95eec3d6.dll;31744;5e2f73e2fd49602775327cd39a446c9c34766fba1be971a9b7552125e3ced076;32256;87cc9d8541aac86134f14efc6d199f39bcf6a664b1676b32024537b932f5b3b1;5;0xC000;31744;190;512;4;0;4;15;485590;659
2d085af3b7b2b904.dll;30208;1c28f59f851fa5661cc50e899c47ff44e42fb4a20d24b6da8720ca0c7d497189;30720;2fb1105125c1b90400b3506c9f7ad6f9180db43ef2a4886c0a4d5af05e372055;5;0xC000;30208;90;512;1;0;1;12;486249;629
2d087d504b86b7c0.dll;29696;2f4f6807a9e713c99d539c624e181e1513b85d37263576b9d7420e59a3d32997;30208;a78dd2664f9c929eed99fd9a5783c788579fecc276d5f4801d336f1e533e9c6f;5;0xC000;29696;80;512;1;0;1;12;486878;629
2d249f826d877ab3.dll;30720;d4cf0862d645653951de8a929fc1f8bc4a8e34c328a2d12f3f7c29fcdf216123;31232;c112784c90b0d13b89b4fc8ec4718feeb09b8735b979b35650ef1a489f4de925;5;0xC000;30720;309;512;3;0;3;14;487507;650
2d42eb8f5fe05554.dll;30208;9633ba4c0b21efc0604bd91415129860147d0675f9b2e5916da9e991e1c4e1c2;30720;d2bfb7f1aa4bb5e94000aad3e24b5ad3917e5ec6e463b263605a3f8aabe749b0;5;0xC000;30208;35;512;1;0;1;12;488157;629
2d86ed50de095d1c.dll;45056;7a4c340da9d16bff3b1ac9ff297882217c7471deb350f089f3e6dd2e3940ae02;46080;28b1e9dec84b5520d93eeaf2958d41b082cc7cb41ed1d8aeee79d7e03ea0684f;5;0xF000;45056;816;1024;14;0;14;25;488786;1273
2d8d73e2a422f8f9.dll;32256;af6d3d0b5eff6f85c6fbb2f8b77dada0af19b2efbefed4a00fb33406917130a9;32768;82e653344beba74a771302bf4b9e76dc1b4f1ea3c6bfb18b86b0fbfbcc76bb5b;5;0xC000;32256;48;512;1;0;1;12;490059;629
2dce5187f3f5b930.dll;34304;ff878c77810b89cb76a2193f0ec36f1baca04ada0d49c2eeae2068ebeeb0af29;34816;a399f8c7317e315555f08b5ad077204c242837aeb43e9e4d0251e755a7ccf4b2;5;0xD000;34304;56;512;2;0;2;13;490688;639
2def0faad48a89aa.dll;32768;70565e5c4353f60a77ebe1ac3d25de2f2a957cd31debc309f3f5e4b013dd779f;33280;4153034bf5c350f42950fbdacb5d42315ce9f2867708fe80b08a67536a11d654;5;0xC000;32768;68;512;2;0;2;13;491327;639
2dff2b229b55727a.dll;32256;9f8ec4b226751d72b63b75dcbcee47ed420a452bba3a2afd55dc974f1b28f732;32768;125787a15af6b1b7690e61985c5b17d136f943f28ffc795b15dc5b001dfa0edc;5;0xC000;32256;258;512;5;0;5;16;491966;670
2e0e02c6dbbe496a.dll;31744;a53ed2bb65b17e4a592a2f892745eeed56110a94bc6ad6b65b6c43425901a2eb;32256;aa26c43721505630c5b4ded2e0d7e201ae5ef9c74d251768b0c4aaf646f59104;5;0xC000;31744;113;512;1;0;1;12;492636;629
2e1064dd9c650b44.dll;29696;255ca215dbf1b7da99d6f0939f0cef6206630323a6115022bea527edbd197a37;30208;a18d4ef5413cb0b3ed4d87d3d551f34816beb1a1c682de36eb929cb85db02f5b;5;0xC000;29696;94;512;1;0;1;12;493265;629
2e117dc096766cf3.dll;34816;38f4c5117a3a52c06d8c8c40e223d7cb291e9399ac24b4b1ee9bfb015c3effaf;35328;df3ffb7bb2727e025e8d5cdde0ee7e495b145605f6795c16745ad40071ecb875;5;0xD000;34816;116;512;2;0;2;13;493894;639
2e223e03ba858001.dll;28672;61bde5f120a4f51fbca3c64aefdd32bf99567160d49fcd97f877d84fb7ab5c07;29184;97987177795140d21b28e10d7961809ac89cc67c72217be8951d60a65b3d1cb5;5;0xC000;28672;79;512;1;0;1;12;494533;629
2e223e03ba858002.dll;28672;28fd6140a54f65f7f52d4e9574b2b390345dc2c758a75ed7c9c305598298306b;29184;986c123b06323780769fadc145586e3380264723119e1122756d2df31f85999b;5;0xC000;28672;79;512;1;0;1;12;495162;629
2e23457d2cbb0c05.dll;38400;8b98c442ac96b499b492b58ba4713333e7cfedb47bb240c8fd044c2243fb1bde;38912;5e601e015e34a159a7c5cd6d6902842e5ab136bb2531d8e37cc79455d8555485;5;0xD000;38400;124;512;2;0;2;13;495791;639
2e3013e786bd06f8.dll;30720;84b98c6cd7dc559832a8a1b712a00e53bcce22470754049fe27579bae4a8ffb4;31232;8e6d00da9d51e2a3b5058ade23c0d14b55fcd23ac160e1301495341458683e56;5;0xC000;30720;80;512;2;0;2;13;496430;639
2e31535293d923e7.dll;38400;b1af4ddf5cd0eaa4eac8243a51c79a770d53f21c8d33f1ebee764ea3211c6e97;38912;0acb852a0d9516c08f9c0a4e985d64bac25a116dcc7740547cee9e9760ca78bc;5;0xD000;38400;116;512;2;0;2;13;497069;639
2e523fcc7c5bff3d.dll;33792;0e31fadf3515d0cc1bb3218bddf604de8b0d6a915b8383930a830550dded9775;34304;0d5bdea330c5b899fa5685ff026c2e5ab0623cc4a45720b0964f0f32a595fdef;5;0xD000;33792;59;512;1;0;1;12;497708;629
2e523fcc7c5bff3e.dll;34816;c10eec2230e714bd8b016524e27524076931640a45af239023880d6b1a0087db;35328;48dce7337b553c362bdb829da915b4a3edfd9c0a33d69e3519f51ed36d1e64a8;5;0xD000;34816;117;512;2;0;2;13;498337;639
2e523fcc7c5bff3f.dll;33792;b557ce5a3d4b9da1dc5c9abf69d76660acc30a6e290e5687fae41b6db18d4758;34304;60bb4be77f75e2484911690cc0f65b22172fbf8a39cdd5f96ca85369548fdee6;5;0xD000;33792;88;512;1;0;1;12;498976;629
2e78975c11ac046e.dll;41472;9c98c57ef76f720f0444bd5609eb5f9db3c0ba2b3ff1f08f1b8165b15288fc54;41984;36b87c5dd1602df9843d43e03598f8dd8e5e36ebe96d0355e973119e1100d71b;5;0xE000;41472;322;512;7;0;7;18;499605;690
2e9d67b4e437a4ae.dll;32256;f930de7a7c66e3277acf1735417070cd5dec6b71653abdb77ae1838124282b7f;32768;0a6cc09a204ca0e3463a625c3bc93e42179d1c05b87e46fb4e53b23a05a100ab;5;0xC000;32256;193;512;3;0;3;14;500295;649
2ea74d0670bf14a8.dll;31232;7e98e960018b51e6ff1bc52e1296b8ae20f604c70a96029a0db0e0cd03fd41eb;31744;d79bb0589c9d852739877973edff0b2f716489801d9fdde0474b2d85b90e8af4;5;0xC000;31232;35;512;1;0;1;12;500944;629
2ea74d0670bf14a9.dll;31232;e9370c3ba02a04fc8e934632a855c386f026608632af0c820310dd8eecdee352;31744;bf627ab9b0e44ade7afc187d20adcda3e2cab99d5b9ce5fcdbcc6fe9e761527c;5;0xC000;31232;37;512;1;0;1;12;501573;629
2ea74d0670bf14ab.dll;31232;47e3e7673cf9d14777c670c8b4c5e2b118649bddd7efda2e2509fd9d510a6ffc;31744;73794758473ab04a591512512fd0d66edc7e0f31e40fef075d26ed6f6dfd93f1;5;0xC000;31232;24;512;1;0;1;12;502202;629
2ec68b9a7e771c31.dll;30208;7e721471112f3a60075caf522af5655389965828d52ce36285119e0946c514ab;30720;2e88d6de033fcc8cd5c16756124228dc634166b1b23262d2de7f9cfd8af689af;5;0xC000;30208;64;512;2;0;2;13;502831;639
2ec68b9a7e771c32.dll;30208;837490682607a7d09d2fbe83ac148d056208496ed412de4d01a70c4991c3de22;30720;a8fbf9336c53f6a61e508fad078b3cb03f8e0073381d81a9d0f38e0bdf9968bc;5;0xC000;30208;64;512;1;0;1;12;503470;629
2ec68b9a7e771c33.dll;30208;76e4b7c06bf95b27cac0e1026adf886a4cb9406842556e46f34f6f27a958af6a;30720;e1c8d548504a6bc44098d8f8ec2bd3360a321563cc24751b0b095bbb19a47984;5;0xC000;30208;33;512;1;0;1;12;504099;629
2ed07304be141fb3.dll;28672;bc38d0a29bf1a6b5d1166450b2b33a1e8500609fd8bac5857e5e44d551d796cf;29184;782465aa5cbf3dc82d65de617ed92334d73c3e1194d577dd15e051199b8c4023;5;0xC000;28672;35;512;1;0;1;12;504728;629
2ed086ff67364351.dll;31232;31abf88334d1f1a8322bcaa2d59b8d13a6a25c0bd8bb545e98d5a1774cc0ec52;31744;b9347d8a778f76ce915a4a612b8e8ad63abf2e2a21b7d31d33690efbd8f02e83;5;0xC000;31232;165;512;2;0;2;13;505357;639
2ed20da2960dd2d5.dll;30208;64bec071d279c5d478c492827fc896d01732d017f8fb741193a0bbc4d9e58d45;30720;948900ac7828370e521ca86db768cc3195e31a00695bbf3ef92bdbb7ce27b4a6;5;0xC000;30208;221;512;2;0;2;13;505996;639
2ee23acc113b7ccf.dll;145408;7292412ecd7d26d0510d5c9d6b1793ca6dfc9168a33edcf92fa4b8daf21908a8;145920;eed80d4728e97ceb61ac8885e090b3c7c6906f5276aea8b12b35b2085628b241;5;0x28000;145408;159;512;6;0;6;17;506635;686
2ee8413efa333e30.dll;30208;c26752f0adc49be57c6b89e02f7798eb0b3cec6fed9803c33d5f0716d4f7b2ca;30720;3eb5f5a51bdb69da4ef338db6f23ee420edd8570e90555937a7c65eb0128244a;5;0xC000;30208;64;512;1;0;1;12;507321;629
2ef3c8f1dfef7ded.dll;32256;2aad85577fb160da926faefb01170a253b05f290bdec4a0b3b68732fc42e6d80;32768;a96e7e51c28ec5815b300231ae6c0ebd639cc7ce68988433e930b3d75a28fe13;5;0xC000;32256;231;512;5;0;5;16;507950;669
2f05cb9e23006789.dll;39936;f573567603c8991c23dd41a5e82e91b12587f563d5545094502b2788b57b937c;40960;b4c0a14893195ef6854fd35ba9144c0ed86db4903db0862db77ee2d3e9daaf48;5;0xE000;39936;687;1024;7;0;7;18;508619;1202
2f08fc0cb8a1d75c.dll;30208;4c8f43db5628bc269ab60d5d1817e3b37067456f327b5f258dc3d4ed6eb3d199;30720;ad950c9c3c50f35324de487c43dce3aac5a319f87dc13834d7e41fe9562f0d2a;5;0xC000;30208;38;512;1;0;1;12;509821;629
2f0a13ed279ee39f.dll;31232;3c88f7ad1358e9817ae6adbd2d3ee789da39c4688a83336e473d40aad4858239;31744;427206cec8f6ae1b23e92dc93302c5274d062ef5d7bea8b7d3915a87c42abf6e;5;0xC000;31232;227;512;2;0;2;13;510450;639
2f165d7b1b354206.dll;29696;3294d067a019a8232e78bc3d9a27ff0dd73982bf4e035cf4639ffa47ddeeabdd;30208;df820c81a3cb3628438160511cb70a5113154eccbe84af7baab14711a2d30b37;5;0xC000;29696;81;512;1;0;1;12;511089;629
2f33acd21720c6db.dll;32256;23ddb90b84cef08a687520de19a0d86fd47bd7de1be1519643340b991e2aeab1;32768;427ff9aed5a653083564bc51deb6fc5db257cbd5483ff4f4ae119c1d8147036c;5;0xC000;32256;19;512;1;0;1;12;511718;629
2f3417fba04db84c.dll;34816;5d1b7f30e63a4af8290863d70fe2d20aa748174896de63954703195d28965942;35328;1fbc9dd7d1b64b2a5a6523de812c67665620a6057f27726a1a81638615c2b385;5;0xD000;34816;437;512;7;0;7;18;512347;690
2f45eb751140137b.dll;28672;58a82d68aa472d3306f9e203b7880575ee522175e26de6b9f50aa2c007ff18c9;29184;acc9fb9f3b2f509ad4308e6ae1ede02fe4667129558651f17faa6817aaa06223;5;0xC000;28672;42;512;1;0;1;12;513037;629
2f485d5433a7240e.dll;37376;79c05cdb65d661d21f0b2139a406666934d20c63e46b05654d19059fdbf68c4d;37888;fbcdb564a8ec85f126482ae51fc0863bd8e1f5d3164e6b1aafc5886478849ad3;5;0xD000;37376;101;512;2;0;2;13;513666;639
2f51871b6dd3ce1b.dll;83968;37c86357390eda065e7ce63bf18f4ba78b5412bae4fd26d9eb7f99c180153078;84480;d26196131f301ad8313a975c6e3b774c8c840d2865eb4703e8a34359f8145bd4;5;0x19000;83968;35;512;1;0;1;12;514305;631
2f683d2613dc6bfc.dll;36352;07f57d5f1922cbe40fb6ef76e281fcad2ffaeb5687064c253735ab6b1cc9a57e;37376;e402263a915b80c9a048f2e6235fe07973aae7dcd0b4bd387c5eaec29fc37344;5;0xD000;36352;631;1024;9;0;9;20;514936;1222
2f845716bd9ec4ee.dll;30208;93bbba57564b250b581c351666743474b1e6a1c18e1efa5b309b5e0ce825a0ff;30720;5c279ce468370b59a562e023217938b388942b99d40133d62070660e50bdb21a;5;0xC000;30208;107;512;1;0;1;12;516158;629
2f914f5f4ecd871f.dll;30208;ee368f0d9b2867cc4b1bee5a2646399c40df6207d955fac75bc721d361e3ec9c;30208;ee368f0d9b2867cc4b1bee5a2646399c40df6207d955fac75bc721d361e3ec9c;5;;;0;0;0;2;0;0;516787;4
2f9195af12c303c5.dll;30208;da26a95fb69f6a311091ff53ce6df47935e921938e8906f5278ecd39918d8edd;30720;0140abaa2c4b39c1fc7c5fe6fa0f5c366709de1ad3eff8c6030986bc00931e1e;5;0xC000;30208;91;512;1;0;1;12;516791;629
2f9195af12c303c6.dll;30208;9fdb4a9a1b8d76e2f18f4d68b14dacc3ac640b4802eb3d472a6eabc2b0dd3511;30720;33c474552b62c1b87434b19d12a0678628c248c481a32fccfb07e9e1f6f70ccb;5;0xC000;30208;35;512;1;0;1;12;517420;629
2f9195af12c303c7.dll;30208;11ed61468bf164faa1d64797f1cbfe6ac2e5385e2c538bb9249fe8f12355c93f;30720;c94c6873135b891111b7877acc6e2c2aa31161b02912a2238ef802915f9b5d11;5;0xC000;30208;31;512;1;0;1;12;518049;629
2f91bc288bd0bd2f.dll;32256;21216c71a52081b9fb12319dbae9bea5b06decfbea542653937b5fccbd1a080b;32768;d32e158f98249cf7b149ea942450e560c577e272d352e78d3911b6249014f4b2;5;0xC000;32256;243;512;4;0;4;15;518678;659
2fa0f667d3c0a322.dll;30208;fad5f6deb34a5f0321bcfe797522a9a95d2e92e320e2d10c0a7eae941e069f36;30720;8f01ee28922655ba6d2b4f3b31bbf25a5d9cb188e240b674f0c427033ed85c9c;5;0xC000;30208;48;512;1;0;1;12;519337;629
2fa88652d37d321b.dll;28672;8e47a87c08af573717c3592917c9c4236ab96c8958823cdca715d255f0ca049a;29184;a83729dbeb4499d0a95cf235201cad8b4c20085a74e71f5a49993789fbe3156b;5;0xC000;28672;39;512;1;0;1;12;519966;629
2fae155cd953a7af.dll;31232;8b7bc47ace9de26bc06d0e3c292e8d2eecbd33caf6e5f74b44dbb6cb967be77b;31744;4080d6f017de431fa1ba5a8ec8165d8cb6263c391196244cb17ecf0347cfe05f;5;0xC000;31232;190;512;2;0;2;13;520595;639
2faff5f22a21ebc0.dll;41472;1d03839c640d4319ec9a697e3ed98278d0c5ba7b50086bd5bff3a01cc5ac6532;41984;4816c04789c4c0214fbecf8570f258ccf0f3f3e49f3b8d8690b41ae0b9008cf3;5;0xE000;41472;133;512;6;0;6;17;521234;679
2fe2d10a8b9ba759.dll;31744;0e3b9f77da02ce6863514f6dc4154b0e9b6122d395b64e491c059a6ca03636ab;32256;6d410bd954653d18f58d79d8a19efbdec9c10cb1820cc89b93066d19a21d0345;5;0xC000;31744;243;512;4;0;4;15;521913;659
2fe5b9c8b1e1a02c.dll;32768;4ac4905837fe93a3b214b01b780c283f9c1ecd1ae32141e1501d89ab4d8c06e6;33280;7f36810a3dcf0f742450ef207d8986421d5a5e8ca29f301a8af0b69cd27289e2;5;0xC000;32768;122;512;3;0;3;14;522572;649
2ff59fe3c4057745.dll;32768;cccd64b2ae9c309810632fa922a87f3a55470bad94bc8fda32b1552abfaf45ae;33280;d3578897bca84e9aad06ffb13010401bb1258d427c2f7dbbef07f5d3302afbe9;5;0xC000;32768;21;512;1;0;1;12;523221;629
300b36e03237b31b.dll;35840;ad44fb299fe5a0a7e79129db1c2e7a3e4d05ab80e61104965c40fc12df4b229e;36352;7b53415e455a61014599759383c6c1febe17966c8f6820d91307cc8d8d17ad39;5;0xD000;35840;37;512;1;0;1;12;523850;629
300b3734a6f5587f.dll;30208;e2183b003174c6483d4d2ccf9e34ab691dc8189b08ced868764a1a07047521c4;30720;1b65fc2ec0e1f78c8df0eef3e3f4d903c3e768ad41d775809c679c90d17559a4;5;0xC000;30208;42;512;1;0;1;12;524479;629
303539ffde400838.dll;31744;2ee3886cac0808612f81a7121282a77e1bf85e0f7ac21d52e2d2346ffaa56b58;32256;5246d96d317f25d0811e8f7e8382a2881f3daf8ecd5f47fb6241fda4905927e2;5;0xC000;31744;375;512;4;0;4;15;525108;660
3035945572cd5e0b.dll;28672;7358249f402c4180eb6d0ff1a912c039f130bd904b32e27e5d1e9d7c9f44496c;29184;f9acc14eb7d34c900c3315080f7bc9f661e223a16251db6d6b3b0f41789f65a1;5;0xC000;28672;30;512;1;0;1;12;525768;629
3036b8fbbef68827.dll;29184;6d533fbf5d9bf2dcb3c226504bc4693f7c57149a613ffb01eba653478b0884df;29696;fba6a481a4ae0e6fe833d8a6634e36a7d9dfa084510941001660f000e1d07751;5;0xC000;29184;155;512;1;0;1;12;526397;629
303a223efddff3f9.dll;33792;4e6d54602135f7375f3a464036f34b3c59985977888b75fa15b6c584def74765;34304;26a736843f4784d8ec96238754535fab187adcaebd9f45d8d7c4f87648feb374;5;0xD000;33792;379;512;3;0;3;14;527026;650
304d596c4823fced.dll;30720;10fcb899e8806be8ec7e57aa5a596670b1c97a5a9d203c412c128de2a727fbd0;31232;f9f5417e6c413015ae78cd4e303a50c494248f8231c03afeccb9dd2f9ddc314f;5;0xC000;30720;114;512;1;0;1;12;527676;629
304d596c4823fcee.dll;30720;5f3a1851173ebd3babac20fc5e4b81c6dd91b2dca0defd181fe4963a6cdbacef;31232;f4509b55298925190762129142b61299e5ce93e338950c20dca74808332118ca;5;0xC000;30720;185;512;2;0;2;13;528305;639
304d596c4823fcef.dll;30720;17acd5cd095ca3278cb16ef95338fba8badc9dea61ebc54eab8b13755ed5dd46;31232;0d3180367c41728c700a28898192174949273a4bd5d921f8f8e7453625abb2f3;5;0xC000;30720;196;512;2;0;2;13;528944;639
3066c75655c72c9b.dll;34304;3b9763b432809d4c577f08dc36e3b20ee3d022a61939585b3ee4b9bdcbd474c7;35328;e7152b78e1e0402c35338963dd64a0f6a4512f126947176b03808034720bdee4;5;0xD000;34304;544;1024;6;0;6;17;529583;1192
306765c7dfcf865c.dll;37888;3e463ffe63c36d480efdaa376fcc6eaab73c9066204d97874f7c773566a5622d;38400;51cc89138ce7a831c8f9f13ce75a876d6086cb274c343a00b5b3452a23194420;5;0xD000;37888;216;512;4;0;4;15;530775;659
3073ec567ef12988.dll;30208;53e31c8412fd556b56ab23966dcc2fc0e1abe7562a494df37503fd240f4934d5;30720;4dd7ef9e351bf291237b559b4cd225226407cdb87ebca727e0ad7d299d63e67f;5;0xC000;30208;92;512;1;0;1;12;531434;629
3073ec567ef12989.dll;30208;ba6fe4f38af1b1bffae113529c6c53820b3d0186430132abe502d71c7d369125;30720;2224bac4dd38e44f0a40d3bc117f29e27bd087c06051a6284ba275266fededbc;5;0xC000;30208;105;512;1;0;1;12;532063;629
3073ec567ef1298b.dll;30208;7973981f93e02c874721987ef21477f27df374817f36a687656227b9be146669;30720;f4746aeddbc7160c211b6e353ee551706eeea4c980c3d86b5f63c7d92b1a1f43;5;0xC000;30208;130;512;1;0;1;12;532692;629
30896a787a4cc6a8.dll;31744;4ee06323d959e0401024a112974e24a9be55dc945f4aff83cfdc22a2103ef0c0;32256;2be4beb5e4603d2438d703d718b571328d0331899188203921b1e1bc06ab100c;5;0xC000;31744;236;512;3;0;3;14;533321;649
308b20f0d7f64a11.dll;34304;27c9cc8f845129d279e65a8df427a93d1f2ff5cc80fedee0e8c8ca91d77292ab;34816;d128db5a06336c672a7fcc0870b0ea0f0d8ceaa58c66358fb5bf869b722086de;5;0xD000;34304;19;512;1;0;1;12;533970;629
30b3cd01ef5e899f.dll;30208;00a055a18a63bc017908667594ef2a9a006049b2962a2bb7e7d7b949cc52f267;30720;86a3e6996a0bc3290b0794f85e292bab81b16f521b655644b91178b9d182f8f1;5;0xC000;30208;159;512;2;0;2;13;534599;639
30b5f45b5bcb2aa1.dll;29696;fb3defe2111b5ab7510c848b348d9a536231ad851d0def33814a0c13d01784b5;30208;d4061b4f1657421f81a363faa30b1528222e3bdc9330ad767cfd0600fdab3755;5;0xC000;29696;76;512;1;0;1;12;535238;629
30b5f45b5bcb2aa2.dll;29696;f6bb71114c5ddec6b150bb52e2f7a0489746db0f3ec8621769e3dbf1897c76df;30208;f2899e4f512fb6f6e30f08c9a9ac8d5812f37479217e44e54be8c7fb093a6ff6;5;0xC000;29696;64;512;1;0;1;12;535867;629
30b5f45b5bcb2aa3.dll;29696;46fbf1365c3b51211644063cc8aee1be8b305ecdc5238492e302a0eea2fe29a5;30208;fec3ac61539e6a92c244956cc2ab691e87ed78c1c70ef7fdcd2aeba356feaef0;5;0xC000;29696;81;512;1;0;1;12;536496;629
30b9a1522a66e587.dll;32256;07c3e4aa7217f3c9417f7e614f3e2db597e6ce27f665d1af33cfc34335f0dcf3;32768;c25c7612176fb35d50b0710e42dc9e07e87a2bc945a26dca0b96cee4a6e85a86;5;0xC000;32256;44;512;1;0;1;12;537125;629
30cbe5f550b2fad7.dll;29696;b69e3fd6b80c94f68709de5cb3d7fde1bdee62c43fdd7e59fb37c18bb6221112;30208;7bd1ccbb148e992eb86dc3f826fb53baa380329fdd560cb399af822dd131d90b;5;0xC000;29696;32;512;1;0;1;12;537754;629
30d25e9f3ff8f6c8.dll;34304;e08491792a6330a480008137c0f1a1b8bd0dbc2f72f7987774f73b04252fa538;34816;8fdeb8f09cddde6c5580b32edf22720106b7cf73d705642b62a4305236ac2901;5;0xD000;34304;48;512;2;0;2;13;538383;639
30e03418ae8ca212.dll;31744;4b838f2a74234d3a2acd6554198c8ebd4878c73d237de56a1d30b3a4cf1d15cc;32256;9be0e196f55647cfb1933e457a7970bcfe29555025b6703c27114062a3c0f59b;5;0xC000;31744;140;512;3;1;3;14;539022;649
30ea3e21bb90a303.dll;29184;0674d61362d8e9d1e0541332890939ab5c8d3a8c17cb27dfef846bf1c2025d7d;29696;a45ecb1afe5de118260d823a7e473c6dd1b68109406c9ba7ff7519d106c1cb31;5;0xC000;29184;32;512;1;0;1;12;539671;629
30ed79e8dd757ab8.dll;30208;e8a6da674101518b75c6f7b7cbb7ae86bac2906ab69ac48a81d3956045cdbc85;30720;a4a6b74ffda7d4c945bf39828c90e2c09b1ee570fc035ed6735a00a9cb6dad23;5;0xC000;30208;67;512;1;0;1;12;540300;629
30ed79e8dd757ab9.dll;30208;0b1da1bba6e5c6c3831c6a3c43548f2928a3d59f3b3a7048359855f173b9bd75;30720;a84b095109f19969a59727c86be856ccb0510e2c985fc732efe4accbc77cc4e2;5;0xC000;30208;68;512;1;0;1;12;540929;629
30ed79e8dd757abb.dll;30208;d83247643e27f33a786f3f6527d157fce20883abcdfcb40926b130bdb70df900;30720;b40dce18dde52773235309a69626e6f4ebb0c74a45c4f319ae0742ab2685a56f;5;0xC000;30208;60;512;1;0;1;12;541558;629
3103a0f2eebdd445.dll;35328;8b15aec232142812a235da2cd937bf40973018653b84b3740f176972203641d4;35840;414eb2cd8bbe4e8b22135fdcb61043b45e73431a310abc6d0e35497f0b80f33d;5;0xD000;35328;89;512;3;0;3;14;542187;649
310975d469d0253f.dll;36352;ed6f5049f5f2b8ab9f7183436999d5b0013b15256fccb59ff62b5b7099a7cd8d;36864;513aefee7e3edc5466adc0dd2a2a192b31db2544a82f57e0584ca2f53f882f0b;5;0xD000;36352;380;512;7;0;7;18;542836;690
31114c942ea84302.dll;33280;5d109cb2ea51006bc8fd861567192e20b11de356380d8e23c6487848556f311d;33792;ae3a194b45f6260e72cadebca785e07f6bbb1197d33008cff2a55cea1cc583ba;5;0xC000;33280;21;512;1;0;1;12;543526;629
311eaef2f81f13a0.dll;48640;0bc19456547a9814f2ae8aa7ea448dc8e1f61b79864f8fac1b4f71e8b14f8bd9;49664;90b4a67ab0fcfbb299cfaa1802c3c200195d29f7079d8c1f8bc7234f7124fc8a;5;0x10000;48640;732;1024;17;0;17;28;544155;1300
311ff9cee653d875.dll;31744;6ea36a2afce9a48a4461b1668f3e936fbb2a87b678b100e610dfa88f213d27f9;32256;1b2307784dd8509515bc4c497e7d8b20ccc6e18830175a280902cf2f14b17146;5;0xC000;31744;71;512;1;0;1;12;545455;629
311ff9cee653d876.dll;31744;58d8d2dd21b1f12289cc11d37cb8fe6e5fa7b5c5f4b312a717be6a008346b612;32256;bae28bd07f9eda82d9563f856493795c8904128dcdfb887ca63c56a436a9dd3f;5;0xC000;31744;96;512;1;0;1;12;546084;629
311ff9cee653d877.dll;31744;89547e943fe91455b66b8d990390f0713829dbd0c160265db72d12fcf992bc54;32256;7577032f61cd3538f25ad5769677c1394f8ce6fe60ffdc79a779d5d491cefd9c;5;0xC000;31744;88;512;1;0;1;12;546713;629
313fb8bf5d9e5f69.dll;31232;693e1f7ff61e181078003a4d1d69a836080dcd65ec8fe2fbe7f9d1e6eba10c5e;31744;4572be42fdc47a67f0598c1d68628d3d8805186817fb53353f5d553106c87af2;5;0xC000;31232;229;512;3;0;3;14;547342;649
314a8a89748e1de1.dll;39936;b718360822a5854c0f52ebcabf7b22e10a4dfd81904ba5612119ec50eea8a847;40448;9b4099aea9133caab0f555196faabc5543780965aae4178dc03536e5c7c99196;5;0xE000;39936;267;512;4;0;4;15;547991;660
31522a9550bebe4b.dll;33792;7cd96435f9969413c988d9d363e306efe1132b4e41302ee470da812d431a3e74;34304;aa86750e51e8e152ea877e0cce05d11327242c2b404a429189fcf92b6256833d;5;0xD000;33792;263;512;5;0;5;16;548651;670
3175fdccb002e43d.dll;36352;ef30465c207f2c4ebd6fc412e9c436ce63bf1f986b3ac38b0901281fe5e8f735;36864;5549284e413b261bc861fccfaa0fb0d15ceee9ba3a6be245c6008275823717dc;5;0xD000;36352;244;512;2;0;2;13;549321;639
3177d1a2d85306f7.dll;37888;f8c0503bcfabc05c1b34dc378e4cf8a5d552e5a7c46167df0d56d373a240598a;38400;5bbddc8fd4f7b504d92b9380ebb488a47fdceecf61516bcf55e3675e6d33cb6a;5;0xD000;37888;391;512;10;0;10;21;549960;720
317bde239a39909c.dll;30208;59c251f20c9b54e3844ef70311777e15bc0ef5bd832edbed09ba1b3d3072f697;30720;312ffa63028bf2e83d89bfdbf57b3f4f4fd027306e0772c8c7f90de035fd63ed;5;0xC000;30208;113;512;2;0;2;13;550680;639
317e05899d8636c5.dll;32256;77ea41ea6bf8fc427fa6f83389119d2c661850e69a5a868c703480d95a9a3ced;32768;4f76ae0e5a56e763f0c18ceb300fa7696f7a025315ec0e758840a7405c17a526;5;0xC000;32256;261;512;4;0;4;15;551319;660
318f5936181b7d8a.dll;30208;57462628f085a4c0ad2686970ca424b9fa140bb74c68723682c4a46dc340536f;30720;9b09c901922e194922bbef17f754096f162d8843a297ba40afa490f276554c39;5;0xC000;30208;141;512;2;0;2;13;551979;639
31968f10fdc334d4.dll;44032;2081fd624f1d1cdd0ce2c1650ead767e746f52ad005b04222e158d627ec25f4e;44544;5e8895933c86042dbc86ceb6cac8bc333c9469d661e79a533228112df554466a;5;0xF000;44032;366;512;6;0;6;17;552618;681
31ac89730ea486bc.dll;33280;8cf284a59c4d978f3b328963f06a18f6953ab27e7ee607df408c02064f8e7ff9;33792;4faf7fa4788acb53565806d177ba7531e414bc7cfd8f0b31584690611d8fea4e;5;0xC000;33280;46;512;1;0;1;12;553299;629
31b9208d1ac977d5.dll;32256;d2f8dc45d48185a24287cab70a1bc4415dabe2356655f720e62810784b5f5129;32768;0c12910ce3b85dee9c14681fd50e5f00adacfbb43ee7ff57554284d530dc2152;5;0xC000;32256;50;512;1;0;1;12;553928;629
31e5ffc896c4b685.dll;32256;4e161ec772dc9491610115dbe6ed49c7fb172fda82a394925c7407914f07bb21;32768;2a8438b7ea1a7624351b5ee63800980384950b9b3923cb4c8cdda86de8ed84a7;5;0xC000;32256;289;512;4;0;4;15;554557;660
3212c80b7a5f051a.dll;34816;09c236f2477e4dfa0602e786f90c5192862023b95b8f3bb47064a282e27cbe4b;35328;e9ff11a682da28c25c5c1d2d822c2928d6289b775b631e6b56ea6f2e0ae5b6f6;5;0xD000;34816;142;512;3;0;3;14;555217;649
3221b945a2e21bf6.dll;30208;14780baee39bccb182555424381ad64f2960669a518e771f148262546c16ff4f;30720;848b46275852e79274bd3a45ec98a17d4d2aff984252f1c6ab1433cb80cd9e96;5;0xC000;30208;29;512;1;0;1;12;555866;629
323ae059269e7d1f.dll;308224;ebf936ddf9fd49e9c8ea55e20fde2c7c072e738694ad8b26faeffe547ceb257c;308736;083fef7fd1e73af31edf8ecf1332601aa8575cd909dd29c51823282d694bed87;5;0x4F000;308224;82;512;3;0;3;14;556495;655
32421632d4cab6a5.dll;34816;77fcccb4da2838da22493192f13477663d7e4a77b04558759b38f69755e2b5ca;35840;7c73bf503354f1a3a6c8c08fd1d00c6d73e3f3c2cccd79f82c1b4f1b476ed256;5;0xD000;34816;940;1024;7;0;7;18;557150;1202
328b4a789d8d4874.dll;38400;0b79af021d0764d8e710295014cc0dd0022d676547b5277bbc5f346b02675aa9;38912;dfdfe6df72c89e363fdb80f05b8b0f8f5015eca6b9b6fd7cffffc15eaa873f31;5;0xD000;38400;153;512;2;0;2;13;558352;639
3290a3e91f9b2576.dll;36352;e9a321ec02888be62d75ffd4e6d0fcf1f64f3380c76db77320cc9c43d7e48fee;37376;7855708a5ec3c3cc8787de0c1481c14fd8241e22b089ace1c93571202555fd8a;5;0xD000;36352;704;1024;9;0;9;20;558991;1222
329e32870c554bce.dll;31744;60a83de5b54fa52f3d8ae29d23300b00c0d3454c04f789f26487b56c9d598c7a;32256;cf6b55c8859af887a8807fdda02d5974be14cb3c4bf12d808f6e1dac4da20b45;5;0xC000;31744;281;512;4;0;4;15;560213;660
32a77b475c16c7ed.dll;67584;fa453df0811eb48b48085be5a39757105ad0e97b8d64e2d6bfbdfb231fa3290c;68096;5bb03efaafd428c62ca9350ecfb47753a0de2b1faf1221daac41da0aec55f418;5;0x14000;67584;40;512;2;0;2;13;560873;641
32ae7512e037445c.dll;36864;86807b71328541d5ad7d3e9680b79b7c0e7b2e90f26e02fab422cc8342001553;37376;2a7a5526e1f2497ecf8e361d6b0498ebd1a850da0da159b2d7179783ee76dbaf;5;0xD000;36864;79;512;2;0;2;13;561514;639
32ba97882c6a146c.dll;37888;54318d5b0e0ceb8f1e5e9b68813323e6f2a23ba28ba1ee510927b4562362bdcf;38400;5c78661cfa60c0adeadb9cbafecd5b10c83c83c8a68a5179739828acf9ed0b7d;5;0xD000;37888;204;512;4;0;4;15;562153;659
32c3292bc9881193.dll;95232;baa03b26d3f12b537f2824ffd8f72f4c0f64c127ee5a90b15c7b08fd332b8338;95744;afbd136a0be5f14df84a29edeef59f16b1322786b943f85892e3393b21f3df15;5;0x1B000;95232;202;512;8;0;8;19;562812;701
32d0c97662226aa7.dll;31744;f20ad40e239782ffdf55fac1fc1735c27a00b65fcd794308569a5fac9ccaba24;32768;751f9443648f69b14282ede24115cc91abc95b78e2f3d234087b3b336a5e30ff;5;0xC000;31744;698;1024;4;0;4;15;563513;1172
32f4748f0e582c1f.dll;29184;c3fc22a2c411193b26071cb2288a66ca00add57858b5d6819a302d2c0f00ee13;29696;c4b736dba300ff336a44793b90f1be00cc0d77b29f51f7663bac47aa0c90d7ce;5;0xC000;29184;32;512;1;0;1;12;564685;629
330bb83275611e11.dll;31232;df88160a9cefacbc6e83ceb300a39e4aaf85c86b02e5c16d7cfe8261c069570a;31744;88a0ed97f19667a3c1315f3af4f5118d90bc3244124f81488e44caa314fd9703;5;0xC000;31232;30;512;1;0;1;12;565314;629
331e35b7bed9296f.dll;32256;a47fcce367085280f74432aab9c76fef4aa0ada7eea0e7ff03d4f688b3b6445f;32768;255ccf38d2c84eb8307865e561e32dce6755abcbca2cad734ddc9ca6bcddaa17;5;0xC000;32256;89;512;1;0;1;12;565943;629
332216c611ffab50.dll;30720;fa60a42d8e5690c4ea3a0a74cd2396f7d0fcd5f2314c7b02e90dd17700399d4a;31232;7824dab5f076dbb610afa508f546dd3b93852b53a95bb7929407eb648656f7fc;5;0xC000;30720;96;512;2;0;2;13;566572;639
332899a6cfca8117.dll;50176;893b072e02e7c448adc347da5174b511b9ac968ce347dd35be9ba6414d3e488a;50688;7a0655d91cb7fb2539d51b14e03827fb697c9a9dc1394367f3943db8a4a24192;5;0x10000;50176;30;512;1;0;1;12;567211;629
332b0c079fbdd6a2.dll;30208;d143b860bbe50f13bba3f1be6865a31e46c6307140c1c743c6d92ad5df638889;30720;7005953c84edf2fedc53b5c7f03ecd3854ddc181d1943d1cfafc310764a6eca0;5;0xC000;30208;192;512;2;0;2;13;567840;639
335585298c4e6f8c.dll;38912;db3a2a85b74aab117159172fba59c9ff19eb2d68e7d9893ac2342dcc6e29e08a;40448;357fbf6eddb1e219925dfb7ebd87684356a93e5cf88036cf0214491a92ee28d8;5;0xE000;38912;1117;1536;12;0;12;23;568479;1764
33660d901c4e3e75.dll;31232;134d1b413aa735ad7a6e0dcafdf7116153c719c7e418605dca99bb5d2cfe3ced;31744;b2d71faa35d46e425b73ac4d8f06c33784320ef90074c41b2791d56fb1838a64;5;0xC000;31232;79;512;1;0;1;12;570243;629
336dc2cd6703692d.dll;31232;88cd773fefc6f0cf9a30fe44ac2f82f8fa79d0ce9b2aee9f1120e23cbac5a299;31744;7e6f14c309e4e38ddd2fca3e1aba16f4ef85a2930a6e6a6fc3007ebed79a250e;5;0xC000;31232;139;512;3;0;3;14;570872;649
337000678c2749c1.dll;28672;f42f947a50fb9f421dbda1aa8ab0ee8701c75e69751bc99d6ace2c0f75c479f7;29184;d4b6510d8b49593fb0c71556c861fc1c3e628cce5e7456c7b653898da045c386;5;0xC000;28672;96;512;2;0;2;13;571521;639
33778ec9d6140ff8.dll;30208;233db90b3e86871bf1a2f2414ff10af673f1d39cf15236a14be7d24334816947;30720;383443a3a573f57030d9e6170c1500eafe6308a35c4ad756da8e1fe1b2df916e;5;0xC000;30208;64;512;1;0;1;12;572160;629
338a828c4b283615.dll;29184;bcae4fb9013105f28f2f2ed21d14f9f73793b4d6342fd4631be33ef301ecbde9;29696;7d6c81af9f8a00164d0302ca4342d52fbc0e1cc84d4efbb43604dbf14ab5767b;5;0xC000;29184;146;512;2;0;2;13;572789;639
33961898358bbd00.dll;34816;cb46fe6562cb98e3fc7ac0b69c6026c95712776224600374cb4a7d53d539853a;35328;595e857173f621c955e44994d9532d1d4f246d4cf588666c1fe60c5e64b5f371;5;0xD000;34816;161;512;2;0;2;13;573428;639
33af7f6bdfe9f138.dll;33280;af425790d3ce1617b41af1b30b5f5aef5ccb25b807259cf7fcf83a09b0a97839;33792;08af6083708b11db97e36f32bacf1dcd359afda00e693008b9f7dbca7d789856;5;0xC000;33280;75;512;1;0;1;12;574067;629
33b4b116e8e970dc.dll;34816;a2822d8eb1c46db0ac5ce7a7ed330d4c7547314936bea3e45439b2c8520b4506;35328;bb2b818ba3a9c297369462c9aa35138b3c46f16ffa1cae7cd45794078f188077;5;0xD000;34816;29;512;1;0;1;12;574696;629
33b4b116e8e970dd.dll;34816;153739e7b93e485c8842d5e6e8f82c773482f09acc8c2b7242d89f25fbba8ffc;35328;5c4d6076a9364f6ff97604795b3cd2825fab89345bf1790bd982bfca2129aa9e;5;0xD000;34816;33;512;1;0;1;12;575325;629
33b4b116e8e970df.dll;34816;f5e6f40bb8945498a26f7e9535ddd60d6bf22ccbe6be2c1116bd35843090e64b;35328;13484cc33fe9743f01b7b739a19954d015ea2d259c6d0fefb2c19dd74c1d849e;5;0xD000;34816;21;512;1;0;1;12;575954;629
33c17345c9326e52.dll;38400;94a65a034f4833166a04c38ac722fab743c411a2c63435421504d1b0cf9484ff;39936;0dcf5bb7a2cdaca9ba4078498a4c5ba46fd46a86622176c2512d107f56797203;5;0xD000;38400;1038;1536;11;0;11;22;576583;1753
33c199300f4edda2.dll;32768;fec396d5d3ca3203fc239c491c6d6260f4fe3fc7a9cc17813c9beeaf8caef4c2;33280;6c8e85ae3ab17c7ea28c06a6861b2e4f4b903737f18f9597a2d28ff8aff9d9f7;5;0xC000;32768;108;512;2;0;2;13;578336;639
33caa27a73e337ac.dll;29696;e07c1ede83492d439021f14734ef5d4c622916edec326ebe4d4f40fbf74cb3c5;30208;b11deb30c5f9e46e136bea2dc5fcc66287c60912f09cd5f3b09ad1fa87cc8043;5;0xC000;29696;29;512;1;0;1;12;578975;629
33d68965e306827d.dll;29696;c89b0e8a740e17f1f6df7eb4aafcfb524480a2287d7e3a8ce6918dc7d4189f89;30208;035137f9a734d7bd5c2e669158d1343dc0707873de77fac296af7c0f7afb128c;5;0xC000;29696;35;512;1;0;1;12;579604;629
33d70b1145973813.dll;29696;61c01ea3a8f9e565d769af444f50973eb0006534110b15e55e1762c4a57a4612;30208;273f4031a92e31b32b32b42a1c08aa861ffaad4984f650f687d2f25acbc459a4;5;0xC000;29696;46;512;1;0;1;12;580233;629
33e53252175e965f.dll;36352;fba7e19e955232cff1d10625b57adf8fc0de3a1f82286c93190f72d27e2533eb;36864;99dc6871e29ce4535b15f930be86adee0419b3ac1eb1b4e730d8c27dd45920a3;5;0xD000;36352;134;512;3;0;3;14;580862;649
33e68469e5c0dbcd.dll;29696;a6c3d4573a44c6e06ea26603d188ece5438c672898c02cfbe4cdb219aac80394;30208;52c82b989ee850a6648bb7ded0f307ed3d77b44578d5c736ca1f1034bcd27841;5;0xC000;29696;36;512;1;0;1;12;581511;629
33f02e25a9ff4dd9.dll;40960;869750bb8994f83036b4db21a72ea91d13038a15595d0b9c00dc43528adb66ab;41472;17b12eb9107779dcd221d5fad86bb8656a8e4e8d40e638cdbe10f6fae7023bab;5;0xE000;40960;240;512;5;0;5;16;582140;669
34055cd020718591.dll;33792;1d3d4a44d050871863e3280255781349a8350d38f84692ed941c4f05788889ca;34304;e493550b263ee4d1816a8222e8df026d4228124a3bf9a1db3ca673401b29697e;5;0xD000;33792;408;512;7;0;7;18;582809;690
341063045cb0f62a.dll;30208;2f8d1a532c940beab9ab0a145406cb151738d48f72a34ba530e48a14b9ec794c;30720;07ab2872ce4d7508d3daf2d6e8b975373e8715aa9a4dd0c6d115dbba9363f1c4;5;0xC000;30208;115;512;1;0;1;12;583499;629
341063045cb0f722.dll;30208;85ec70ad8865dd753e730833c178c9d0e9f1b6e15b06a9c5231b40ffcb678540;30720;a6a22e48caaefe791b09108aafdbc7b5e264ce4af0e50f2e81cbf73ae6c0ade7;5;0xC000;30208;37;512;1;0;1;12;584128;629
341063045cb0f723.dll;30208;61ce50e229375d3ef2748ecfc54d97f6b3aa473927b79899c5d06c81affbdd34;30720;5ecf75c491975df1e26b910fe1f6be6d7943d01e9c22be0c6b1eca0fdebce2d6;5;0xC000;30208;64;512;1;0;1;12;584757;629
341063045cb0f728.dll;30208;6d769fd9bc79f4bd26ab466dd8a14f98a2b59ab3cb69be3cb4021cbb6d244818;30720;4293abadb768744dce547b6da1cd9f72a90479c7568088486eaeb4a079c3348e;5;0xC000;30208;56;512;1;0;1;12;585386;629
341063045cb0f729.dll;30208;913ecc44c1f92fbcac2303c2614a1870d02fdaf854225f61ec80eddb8ec654a1;30720;0e767fd70d78a3d6ab93aceebfb318914f726107f79510aad6fc07bc791a6fb4;5;0xC000;30208;82;512;1;0;1;12;586015;629
341063045cb0f72b.dll;30208;5f1556ccbc4d0c7559530de18af75d97ba1641ff4c70581045d297f437da0c9a;30720;084b06777fa77c63a5cb641637fa34403fb5ec6c44400eb0f94bacbd6b43c1b5;5;0xC000;30208;65;512;1;0;1;12;586644;629
341063045cb0f72c.dll;30208;8a20939af89302dab7841d0a781824bbc4f7b731ac22c365f510c68f16cca13e;30720;4a85fc509d00ebb822dd10fb294a2a1efb46e37c0d6a4da08936e183cdeae499;5;0xC000;30208;83;512;1;0;1;12;587273;629
341063045cb0f72d.dll;30208;8f259cbb08e543a3ac8c0aca4292bce974a7670caad2b11a3832b25941040ca3;30720;71896ff921974f71bc0acf6adeda9f7beeac8bec57919cdf414ef93ed41baf8e;5;0xC000;30208;64;512;1;0;1;12;587902;629
341063045cb0f72e.dll;30208;a3ee0fba40f8c6e21b914009ec51ff29559a80e45401d97b7611ceb7070d3795;30720;79eaadce0a34cad1220e60270bfdf0b22a99ad5ce1167737eed371d0261f94c6;5;0xC000;30208;50;512;1;0;1;12;588531;629
341063045cb0f72f.dll;30208;63b2f96d22f2e196cfa0d5e5aa7287b8a42b6c11988dd794ffd71aecadfc2d81;30720;1891bab84802e29eaf74781075d3ee09e551fc7b802a01242b01027f18aeab48;5;0xC000;30208;79;512;1;0;1;12;589160;629
341d1b029ac45291.dll;30720;27702b968f00538a06ccdef74d401be024c1fef7174ad7f191756ff3e2d182d1;31232;df3513c4359a633cf510b728b7db6a75a0d984b05c10abebdb439e78bca31ca9;5;0xC000;30720;134;512;1;0;1;12;589789;629
341d1b029ac45292.dll;30208;5838a7ffd830b6d802bcec69d09d980b4e245e1a0cadcc39a29caa2bf9aa382f;30720;87bad5c8e4cb2dec444213b1bfa99cb4805398f48fa20de6db00bc3f239ae117;5;0xC000;30208;176;512;2;0;2;13;590418;639
341d1b029ac45293.dll;30208;9c3b864b1e7eae825cd6c5ea57f5c9448988a200e2156a6dd9e1440810406ad5;30720;9f07e8dc707c68a48c8bf45f19c73f10260368a956b703cfe46382abafdf2244;5;0xC000;30208;82;512;1;0;1;12;591057;629
34314b3b98c0159b.dll;35328;70caefffebe56be005f780f04208a40c2a1479e4f6567fa986e941c6a7457746;35840;c0bba905e321ad96cb394098c242cfe2f06ab99eb62316657f3dd1199d6196b9;5;0xD000;35328;361;512;5;0;5;16;591686;670
343aa0615a7d051e.dll;30208;9a20b446d330fd598c6ee74bb1bf95d561b1048a7be30d25547e7e46449e259d;30720;67f1bc52e351db9dd94683a411b127ce681fc5b8e49c7bfd63d6f655261b4532;5;0xC000;30208;87;512;1;0;1;12;592356;629
343d629006bd1aab.dll;34304;bcf421834a75dfdf835ea2a59dac90cf55c7140f34e3feeba36b17e7d485bfa2;34816;b867c5423a9fddfd71e377a08ea67a3898b9d995047ff2e49e0471958868d426;5;0xD000;34304;353;512;6;0;6;17;592985;680
345fc4de4cd2f642.dll;31232;97487b830edb7e78ed181f2a8fef934a40da8f1688d2c31d51a875f08cf21d0a;31744;c01e22504e8c98fcfa925e1f41379ff5934ee6f76cfa4f9dd884da8f2770ed59;5;0xC000;31232;295;512;4;0;4;15;593665;660
34600b51db0c0cc4.dll;35328;a7268708430c741c12c80f5acb053de8d7bca9852a5ff3cb49b9787dd0199993;35840;40871126e7ee234784b1d3bfdc650a157996312e21f8a10bdc6e4e06b14cadae;5;0xD000;35328;400;512;8;0;8;19;594325;700
34790e0a20aaf053.dll;34816;62463ca05c3319e0abc4c4d09cd88ba46ced24a195a5faa3dac956728e15b272;35840;cd496b8700fecac75d376727f701692a7226edd8f26a131e08779973ab267e6c;5;0xD000;34816;704;1024;7;0;7;18;595025;1202
348f3c108b5fc7bb.dll;32256;a061d376c4015327ecd0a5a956c028d8e44874c1b4d93cf0d9dcc91d03c89325;32768;63297e53988108f47cf143d2fafbcf06bcb36f17b7680ebb0135e564db9b7a49;5;0xC000;32256;41;512;1;0;1;12;596227;629
34a5d6802cab2876.dll;30208;bc1c3ad3b8cca8fd6b7775c280c5dc5e9060f7f6e671908c5bac3498496b29f0;30720;1c8a8d7bb5fbc58c17690d0ce66a7c09e7275bf6ceaff148060576b2c42e712b;5;0xC000;30208;182;512;2;0;2;13;596856;639
34b4a5c43624f281.dll;45568;b4272d4c8dedf68956091de091fca4836b2c567d04998a03fbdf61092c430cc7;46592;76208a46e45f6402ca1c6a383cfed1c47404f515e00d21168d3416412e6d2d81;5;0xF000;45568;628;1024;7;0;7;18;597495;1203
34bbc91b92a0ab99.dll;28672;750529063f72a915abe81a7c3fc9d7062f050f72e2377836978a26bd6c3f9028;29184;3c825ac205497de718a4538a1773f38a8d3c9c26561dfe60c96f251bd9444b29;5;0xC000;28672;33;512;1;0;1;12;598698;629
34d4fd56bb963ab1.dll;32256;68c9d4b161868f64095229a7fd031358de8ededcfbc72d9b76b392f5aadfd72a;32768;5855088be789113b3129e95ea883a779b9d898e5ebe80f6478b88201148510a5;5;0xC000;32256;35;512;1;0;1;12;599327;629
34eeaaf7d9dab765.dll;31744;18911f4551b0b2bee38d0c373afb8d1f5e70070c90d12acd4747b412cf3929bb;32256;44d03d5ad32967ad09f45b6ebaf5f615aefbfa75bddc4a05c8f4e132ed866271;5;0xC000;31744;145;512;3;1;3;14;599956;649
34f8885c634d99c9.dll;30208;cf466e11438cc538cc346fdac6575cf40a45df2df5a7c92aa0bac53fade4026e;30720;e6ac4f43bab3f9678bec45a880ded1b806d5ff6ab7406c457e26b4cb8babfe92;5;0xC000;30208;73;512;1;0;1;12;600605;629
350a840a15ea1ed8.dll;36352;13a7ff53005d948b43481fcf0014731029797fff52cac8d36cc4b9509044f99d;36864;870d24fc159f9b5a9926baf2e9616b217cf3449065de44625e39654fb38e584a;5;0xD000;36352;182;512;3;0;3;14;601234;649
350ff5558641b512.dll;32768;bcf69a43295404d60f2071418c0cb9f2342197b70fa4843ed09285a160077878;33280;bb7a4a1f86cf1dbd29c043be9d5aa30079abbd902d728c3c9247f50343e4b4d6;5;0xC000;32768;111;512;2;0;2;13;601883;639
353a470fdd2e5afd.dll;30208;39fc7760abd15fafa7417336c8fc17f826200d10dae206ba933ba3f8bcec652c;30720;d6b7226d9e1924a5a40898df95b8e869521306904581003d8005efae98f12e71;5;0xC000;30208;15;512;1;0;1;12;602522;629
353a470fdd2e5afe.dll;30208;284459f193005ee6bca2c370b7982b38cc86365f2425a415396519c1c0befa57;30720;52b2143f2991de12b4caddd73d915eea25dd33a93191232766349709f348e749;5;0xC000;30208;38;512;1;0;1;12;603151;629
353a470fdd2e5aff.dll;30720;232d390c1fcae432cb05bc63d09a8f523168ad380dc8b69b42b13fbf703cb589;31232;52e86b57987cc125a521e580eae86a2f5a280b62e8f9c1f99a42279dbafb373f;5;0xC000;30720;54;512;1;0;1;12;603780;629
35571134d04149b6.dll;37376;25c6516f24b50323d7c4a1d398f618a2e00c0ee099521ffce71f21ca60688d10;37888;dc6f3c235f43511a0bca3a515c68ff79665831a5da51d68665f28e28d93c14a2;5;0xD000;37376;184;512;4;0;4;15;604409;659
355b55138b0b68a4.dll;30720;b23fe0d4a8dea99f697815a093febd37a39a114b3f6eea6940286b150fc580c4;31232;be1c9c01ad5513b6b57535f4b55df6212b2ef42fac0fa769ba59b6851401fe8d;5;0xC000;30720;112;512;2;0;2;13;605068;639
355b55138b0b68a5.dll;30720;897a8a2130c17f3e59897338dc878d9c51a7c23d217fe77bf33ccd3d9902a5a2;31232;ac5d7812b280e6a65d8c8075bf07656c01c9472bbadf2e001506150054cfeb21;5;0xC000;30720;170;512;2;0;2;13;605707;639
355b55138b0b68a7.dll;30208;6c6d2bb4d7d46a29c7373376fd3ae336954add5aa7b1ad85c80e2193cc8729a4;30720;438972041d7a15a7e9b3268fb55cdee1fc523b15c3be41e3b4c83a316039f6e0;5;0xC000;30208;114;512;2;0;2;13;606346;639
3585923ea699a2fb.dll;31232;e52e2d1d98e62572e8153920052d3012cdaa340da7e7acd65e13e790449c4a16;31744;1c49fdd5ba935b5fd3c53875334ad9ebd0ade0a70923c814d9d287d95a296c14;5;0xC000;31232;202;512;3;0;3;14;606985;649
359d4048162a8bd5.dll;30208;7395131468589940933f40c61b33ece169a537d5271ccf9dc81ec695b338c695;30720;94ec6a45a398b61df7628530053a95cca5c4e2a1012fd096f9a2a7296c5f253d;5;0xC000;30208;68;512;2;0;2;13;607634;639
35aa33f3c8d81518.dll;30720;edf689b16f13c7107309f612834c8f7e6695a3ab77880bcc118ff2ec26e13795;31232;4606aeb992f7e1900de320e1258b6bc91b0c24fe775bed960befea0bf1d1b39c;5;0xC000;30720;107;512;1;0;1;12;608273;629
35aa33f3c8d8151b.dll;30720;7ea5499df7aeba366169426fffadab6cec6b5898e23e7ab8d9eb5062953e1ddd;31232;4be85c706b661a27b0f1a72dc8756d6223e853787d3d5d2b8b37fc21bb30b87e;5;0xC000;30720;119;512;1;0;1;12;608902;629
35b46e3cc36f4462.dll;30720;3673fb5a38e5272ba4063f023184392d62be187d04e8bb58fb03392b7b1a0b68;31232;c6ae0f229216d280983f1fdf23d8805b25777b08315ba3c6859acb4952929501;5;0xC000;30720;71;512;1;1;1;12;609531;629
35cb9d7ce59ba997.dll;31232;8b687b5165a9bc1f86a229801def2f7293a043540d032741dbc8b981c98936e2;31744;c5bf8af47a53f3452685b7ffb5d705aedffbc801b0400cb22ae047d97e0cf622;5;0xC000;31232;105;512;3;0;3;14;610160;649
35e94b612318a936.dll;126464;e9aacee7bdb128069dcb492021461cdf99fcee1b8c2cc4dd1441cdf3d52a5691;126976;3af9ce27127f7c57d59c181c71d246ce2ce31e5fd0bded82af81a841fd0273d0;5;0x22000;126464;143;512;2;0;2;13;610809;642
35f907c389722f3f.dll;30208;4d15b84279644c54ab3a3b92e8683577372df550398dac1de636d48e6b989860;30720;d5c56ccbd3e0c0d13c85ea813065764055596e1bf5d2dd888a1a9810f0be3490;5;0xC000;30208;57;512;2;0;2;13;611451;639
360fea325b239555.dll;35840;e3f3319aa3f252c4a54f8cb81c9923f6a705fee4df7991be7533cfc029b558b7;36864;3e71d6d3664d19a284c886f13d72a26981df486e96de4d1d60d9ff343a95f9bd;5;0xD000;35840;663;1024;9;0;9;20;612090;1222
36140038aaa55b3d.dll;35840;141ee6dd0890b26498086e6572db0293e4d6479e6bd4cc7839c7480da1a3ced0;36352;5656abe7e376e470ec921c273919c58b1510a0b2a30c2451a2ec380a5ee89db7;5;0xD000;35840;198;512;3;0;3;14;613312;649
363a78dcc630a7d7.dll;30208;0bcc79216a1734db35f2abe9c8beae4ffff08f198ba15ebb9442f3a78ff72d0a;30720;aee26e04313974b25ce64a50dd89bb8c3ce1c0b99d9c3945175a94f56274f5ac;5;0xC000;30208;49;512;1;0;1;12;613961;629
36497d352fde8a3a.dll;30208;c7e78945d33b5cc686178a0eb17cfe0b55e0573e0ce538d25ab4b465af8fb22c;30720;ba4a6a1fe3c646a1f3ee53c88aad451bbd5164b706a5d09c15421dccdabedff1;5;0xC000;30208;30;512;1;0;1;12;614590;629
364d2ebb457bf789.dll;32256;8fda7a5b4b3545897b59e0c94721bec57133f9777d7ec876908f3a4d4c7c3303;32768;f206219c9b5c9c2c43df1c66a244020e1fd46e1f21a6a3c66282c32178f30c26;5;0xC000;32256;94;512;1;0;1;12;615219;629
364f3ecddb799252.dll;33280;fdc2cd4e03f6be755795423c6712ae2ddc6c7fce3fb75d942f6f1e716690b4bf;33792;5599a235e41735c490d3896326b21861ba5ef426ea4d23de0301eae24c23ecfc;5;0xD000;33280;367;512;4;0;4;15;615848;660
36657c88382a778e.dll;30720;4d951420986337e01fc477fdbbd8bc04c5a0f076d73761a2d98c1535a1f562ee;31232;a38927f0786ca9fa820f1d735a8f1cba20dca214cf3769af663507a53ed43046;5;0xC000;30720;162;512;2;0;2;13;616508;639
366e94ad335d53bc.dll;30720;d16f304f0a8ffcbbc28546f437dd24e495c6c7afdb0915941ac4f336d6664993;31232;6d5b265d30c6f32b7072cdf8cf3327da33bacb6e1599c4f8f028d65e657e508e;5;0xC000;30720;111;512;1;0;1;12;617147;629
366e94ad335d53bd.dll;30720;c0163a04447d941989e40386d0e179f27f7a90f1fbe61a2992b21e2e7d1f4bfe;31232;735940ea1e8915771d6a975abafbabc0265d6aca7e0c5f0d5f98c638a45ca953;5;0xC000;30720;128;512;1;0;1;12;617776;629
366e94ad335d53bf.dll;30720;0c8f4ae5cec68dc7cefd127dd48b632e044e3f171ac3e59503505694a5d1cdb8;31232;b9b013ff10667f33655bddee8011a779ddef304c3be226609d91c82daf0856b8;5;0xC000;30720;106;512;1;0;1;12;618405;629
368abead03b9eca3.dll;31232;21e93ff48c4d2f0ca74e67f9041caad0aaa1f42d8ae78be105c85387fc586173;31744;030384c64d04fb0b41581d43aa91620ff23d887179a108ea22f0088247952f5f;5;0xC000;31232;84;512;1;0;1;12;619034;629
36916b6f2fb09d36.dll;35840;4d0bf383b14dfbb12802babff704ac6c76eaf16b8e9c64342173a96f809ec0ce;36352;c12e60fbf4fbfbcf42b1c9862fecbdb783c96b616abe4321ac48423576da4ffa;5;0xD000;35840;138;512;3;0;3;14;619663;649
36a1c957a3a97f2e.dll;34304;77fbf41d200bd4438b618ebdd1fc64914943a0c3799039fd882b87b4c046c25c;34816;80f9f3e66e499d5653e25a9480115ff2f1453068fe7d474131c2bd8f4765087d;5;0xD000;34304;85;512;1;0;1;12;620312;629
36a71af56ceff990.dll;31232;d3994fb67d26a45205f0c6db4bc057ae74666f0684ac8c7ae85c455d29f99574;31744;471ba291474b455086156b8c8c97f757520e266676ff4ddd9fa4a793e4bd805a;5;0xC000;31232;411;512;5;0;5;16;620941;670
36d5ead7dc5a0fca.dll;37376;2bda44d2f4ca87789a5a484c5edee535ad1d4edd569488ef364b449dcb98761a;37888;acbc7783bef2ef1c68b84e57cd045c3c0717b59ba7ae89c28562f6b0961771b4;5;0xD000;37376;139;512;3;0;3;14;621611;649
36f5087909a15fb1.dll;38400;0966355a1438686ea7633f0d3e79793e72c8206ac8e0c7663fcb92375d367db8;38912;3aa244c34b9982294a2c9df6fb0b2f82f33d801a45d9e29d9658c5873f1dadc5;5;0xD000;38400;331;512;4;0;4;15;622260;660
36f88625aab30780.dll;30208;694a7fbf8557466d4f040adf1fb69e4882d0137a298abea0ee5be745461687ef;30720;d379b0a15a8eae7188b61d871c634d2884c0010926de259fedbf2edbf91fbd09;5;0xC000;30208;44;512;1;0;1;12;622920;629
36fd374a32f71ac8.dll;31744;ad1d338cf20b4ae6d06ff9f6fb35a688f9cb420333a7981c6b6434ca0a997f4e;32256;04af4af7ee6ac4f0564f79e4ea8d36c4b627d7f392603e0038ceb09e5ab7aa58;5;0xC000;31744;222;512;5;0;5;16;623549;669
36fd910b9c1e10d0.dll;30208;7a60e53e141cff48f5999d73cf7526ab645ab27d5347e2bac2649713e5301e76;30720;b95717d9a49e79d32f096beca9dc5af0a110ed5d1684508d8cd3033043f4f27b;5;0xC000;30208;116;512;2;0;2;13;624218;639
36fd910b9c1e10d1.dll;30720;cad6ca06f142867882f39f34c8a158c9d811a2cf934d77724606ed90259b5804;31232;2ab93183b40bc7c34c35d4755b033c9d7c4ae99bbb353d8827f3d082611d6b4e;5;0xC000;30720;121;512;1;0;1;12;624857;629
36fd910b9c1e10d3.dll;30208;ab237dd5ad12bdd3cedb4e2a5d73b69b9fc1094a2e61113a92e8aa4e46097b64;30720;89771dd6f8b1f9aa89d188aa476226ed31ef357e3796bb02f0ef939f8e60c6cc;5;0xC000;30208;175;512;2;0;2;13;625486;639
37107967ddd31322.dll;31232;31f4d2e79aaee7a15fda4ca12a6eacc4934ac0f6bd4e5f616f59b8d9d1b753d2;31744;b9db45b8eb11055d066c61f09824ff7a3f6743a88b9b3761b94070bae4733798;5;0xC000;31232;100;512;2;0;2;13;626125;639
371c0ac4f29ab48d.dll;35328;71e019785b62c8af1262fa36827866bbca63e2b50f2f1a40246ae145356e0325;35840;9b425d229e929dabaaf79cf54d6df95b0df157fee7c6ea723b35e6cd250ab7a0;5;0xD000;35328;462;512;6;0;6;17;626764;680
3732f8c71b773aa9.dll;33792;59e2ffc1b45170a2bd11beb172707276663ccbe2064426a1d4f26dff4817e8cf;34304;4db2ea35843ffd678c0f3986f31caa595acad94479502b6ef9f0a3e03e7bb397;5;0xC000;33792;200;512;3;0;3;14;627444;649
374faa6d83630e5c.dll;37888;03c8faf79883de85fbe6f60d5a43e8f886e673415b725e918ea19c589f8e72f2;38400;4416c9a181db9d3ed30f27c70d63450aac454b14d89c6a7aa15b10dc2f5c6dab;5;0xD000;37888;250;512;4;1;4;15;628093;658
375e675dc681dbd6.dll;40960;9baa11cf9df44f2cbd5550acdb83eea72cf1323d63b316b31abbc82145d44039;41472;5cf6491ae378ee33fd0b89e9f527cc55c757cb476aab86e3509f03cfe482375e;5;0xE000;40960;298;512;6;0;6;17;628751;680
3760394af4cfcaf7.dll;43520;049b5e635f0aeb36742e38700ccf556a593757e9220657a7ed7439e0905db1e9;44032;3fb864c6ba81485133306d238a2dcbb5bf3dd824a39fbd57926d00069ae08d9f;5;0xF000;43520;372;512;8;0;8;19;629431;701
3763ebcffb1341cf.dll;32768;bbd75687085bbb9a31ca56823855154be2449ec0c4f43321b8022d4635feff97;33280;55355964185aed90a5264419f006527ee30c9b3fa35a65cf9a5cdba92a0a8537;5;0xC000;32768;241;512;4;0;4;15;630132;659
376fcf7943c20db3.dll;43008;205b9faf735077bcafe43ffc57e8029311ac7360425eaf52013df493fc2153a2;43520;7db88a250195f2337d400a9b8ce03f6f9060a1ec2679ea4863bd3124ad58b51d;5;0xE000;43008;183;512;5;0;5;16;630791;669
3794b54a3f8e983e.dll;29696;852a69b40a1fd54cd0c1fa5fe11b71baedeae31bbba9bff7a0392b412f25fff2;30208;cca89b3befd037b61a6e6dca1cd133cc298ae9b197776fa1a52a153ae284804e;5;0xC000;29696;164;512;2;0;2;13;631460;639
37e2c9476ded1730.dll;31232;f0140320986f5508aa2e1c8d31a34a426b6fb4028646e8df89e1d8b2ea24377e;31744;7ba62d513bc0ffa48f3bbc9afb2157d8ac3b0d86a8c5ad67f641390c9eb23a16;5;0xC000;31232;47;512;1;0;1;12;632099;629
37e2c9476ded1732.dll;31744;b10345f1867ef3f6f07cb2afe693ea8f691dc5a9330518ccdc4abdcf86ad5711;32256;cc7b3e8694c91419a68b8edf152513931943d5ccab7d05a005c5ce04b9de21ae;5;0xC000;31744;74;512;1;0;1;12;632728;629
37e2c9476ded1733.dll;31232;f240cd069c818e658f46987366aef6db916ea6f1d33faf9d655f8d81e0f64e57;31744;c26855a6ddf5d327a78eca62b12d6482781537989c92bcb4d0519fad5c9653c1;5;0xC000;31232;48;512;1;0;1;12;633357;629
37e2c9476ded1735.dll;31232;fec4b3e5dc23821517b11eeb4b1f00d68a6b8913a77b89b5d42ab0615b48c2ca;31744;adfdb056a9467b391a362ddec590e0678e94772e29291550cb51e4873dfbd520;5;0xC000;31232;21;512;1;0;1;12;633986;629
37e2c9476ded1737.dll;31232;400e2afd1f88b567980369d650feee8762a009c8b1d0364abffa93c5adb1599d;31744;2dc8ca495e479090ea6ff45d286e69bd9e34b03cbb0b6de397a9572ce300559f;5;0xC000;31232;24;512;1;0;1;12;634615;629
37f297ce7f8830c8.dll;32256;d4bb9648475856a9673db4a1560093defe4d265448fc40cf455847fcef5d504e;32768;24d5bb71626e6e8105f9943e77edb703b8310024c6abe688d61dad4646f67e6b;5;0xC000;32256;167;512;2;0;2;13;635244;639
37fb42e292004ce0.dll;31744;86142486780234e1f0a70b174971741c909fa755549eb5c1e45b6d8c050b3bab;32256;319c2b693ff6426acc8ea3bdfccba81bb7140873bb2645f10fbb24ddb2b6e129;5;0xC000;31744;113;512;2;0;2;13;635883;639
37fb42e5981456fc.dll;31232;0ae44e8139923286aefd5da0d14f8037a1e1e12b65765866beb64dc486fa73ef;31744;ce01349e49d439a69921208310c0de820d4342f13b295b4b02a45d905ba67905;5;0xC000;31232;39;512;1;0;1;12;636522;629
37fbaf57eee6c16d.dll;33280;17df6440b1c02e3b09685e56826e643505327fa96728615c1cd99e03fa1e016f;33792;dcb5c3169fbd3b20c47a7b8f0f55299905eccebf98944c128faaf8caef992b5d;5;0xD000;33280;283;512;4;1;4;15;637151;660
37fd8a94d666027c.dll;30720;4795186546ddb1669d4cf4925b092d27746c67b699167cce28295feb7f65aead;31232;43d12b8fd418feaa6058e3d374e184db3d0bb5b8a2b4034dc52be2ceb9c9c540;5;0xC000;30720;44;512;1;0;1;12;637811;629
37fdda7134a94441.dll;30720;ed03496f9f0fb957c429485f0c707a49eee6b25d0ebfc6c6031364e0b386d965;31232;7a540b4487c43866024702f7058cf0bd474ba5f5bc094ded25ca853de1dc7fdf;5;0xC000;30720;95;512;2;0;2;13;638440;639
37fe246985d14bfd.dll;37888;f4b0fed52404e0c2d4e6eeb02e467888e7fe3702aef8112d8216b71226666231;38400;dce49e7ef3756139f46b04bf86bb48b7de9c82dd24ef96126d07a841249289b3;5;0xD000;37888;235;512;5;0;5;16;639079;669
380d61296b870980.dll;30208;33605b8677cab4912e5b5df9ba8405403a2327085e55bffd3c8db88d98b8ced0;30720;4f78270ef86d2c1b6797bf3263c848048606da5c5e5924e085a83d655178bc37;5;0xC000;30208;163;512;2;0;2;13;639748;639
381b4d10add5a84e.dll;30720;d192c80bdf8b815bc01020d47f0901799c80f7256255e8be4c79d6ea7fb6dc27;31232;01da9aebb21c1cc6b32b2fdbfe5470bee8052eecd44fdd339042c795e35da4d5;5;0xC000;30720;162;512;2;0;2;13;640387;639
381c189a69d94956.dll;31232;ea82ac0a7706bf9b9a79a309930e11ef1b537ddc1d506c0c9b66405f28c1926c;31744;bdfce39c52c456da4c1d3310082a2569cfaea4889e37e10fceddaf88ea26bd02;5;0xC000;31232;119;512;3;0;3;14;641026;649
383103468147a2a9.dll;31744;2c801d99afa4e6af65ac09028cbb6bb232a50ed21a4504e1cbfa54b13c807e28;32256;5a7e9ca8574c3d187db29e9f70fa4c563098550940744d4278f2644f8e7cd5fc;5;0xC000;31744;60;512;1;0;1;12;641675;629
385e25debc8e0c9f.dll;32256;be49925364a400f706a88615df67cef4530a3e100af2d55b7c0a0b2947804be9;32768;9cafd92ee9cadd518f53b04a225695bd7a86de3b0f7990d4846613b62b6e4555;5;0xC000;32256;36;512;1;0;1;12;642304;629
385faa3efd85a2a4.dll;30208;c19b29cb4dfb85165c2cee86850cad4af7e92dadbb924559ffc2b48bf0147515;30720;e5f834beab32c13886af59de8bbcd5b2db4cfc8d1ab222adc5127618239866c4;5;0xC000;30208;69;512;1;0;1;12;642933;629
387a0c9b5bef20b6.dll;34816;370e99d6e6f322453f18d86b13264d782cadfada6d13a31e7f70bb1310070d8a;35328;60a3b67a9a5fe920ff2b3ee316de56b34a1053414eefbf663846c68174757b6d;5;0xD000;34816;49;512;1;0;1;12;643562;629
387b1686aa7bf570.dll;31744;5d4ca710cf20e2c0729aa414bedb84af79d16db29873eff3322a1a988b432af7;32256;284ee4b029f068cfd6ec08ead1f81fcdbf2d9facb31b66798bb017ce774b992e;5;0xC000;31744;75;512;2;0;2;13;644191;639
387cfafce829b389.dll;40960;84368acaf62d77fffa85053a1e0fcb9fcad3e0f3bfc5df02c6ff489107c80717;41984;3a87435a8d3165d10bb6dba97ddb42e8910e4140fad7d9cbd71f27b5f2f7df11;5;0xE000;40960;513;1024;12;0;12;23;644830;1252
38a4fa314390d536.dll;31744;f19c6e0022c2acfe1d94f9144cbcd4bc8c7ecaff2cddb5f884f29dfe6b7f5d0f;32256;e0835980582cdecd0a54ac8fedf1070b27496a52b0690484f5527a75b414e9ac;5;0xC000;31744;164;512;4;0;4;15;646082;659
38ea5faa4f2600f8.dll;30208;9184ca5717e9d9c82eb9b4b3950d8d8cc1b10f7e107c7e367f257f3292b6fbfa;30720;ef518f0f81d97842af772ce998d557839064c103b8e6a85617ae978f018ec094;5;0xC000;30208;56;512;1;0;1;12;646741;629
38f6ba418537b779.dll;28672;8e3da6c32b9511ec7b51b029d6c68af2cd513eba708581db874e5cd2f98ea7a0;29184;b3fe5def85380339f0402580fe8e7e3879df17658375a8acc1ab17878c572c16;5;0xC000;28672;51;512;1;0;1;12;647370;629
38fb27c77d585b09.dll;30208;eb806a3eb9b8d59bd9b37a6beb386a7c0b755198cf19d1e7ad46b1e447e19e05;30720;a17275d48e40b0699c8b3babf054ff53ced1ff424cb5dc8fa0533acb692e0527;5;0xC000;30208;98;512;1;0;1;12;647999;629
38fb27c77d585b0a.dll;30208;b7b05d577af2eceb0198d423db6b380fa1df267aaebb545bcdfff7cd0ec07469;30720;3127762649645b56304def4afd405b4eee91030300c96c9477d5944346bcef45;5;0xC000;30208;186;512;1;0;1;12;648628;629
38fb27c77d585b0b.dll;30208;879a638449cc5cd800caec399504f39a37ceb46c9380c9441ccbe3459ee185e5;30720;56f56805fd721ff4951adf3e50dbdb01d1a8f35730fa58eff6182059c862412b;5;0xC000;30208;69;512;1;0;1;12;649257;629
38ff822f6d23f2ec.dll;28672;07a753fbe59f104fcdf502b206c730de9d07327c12b219013db29bf7a56148d8;29184;454a3d832c0c13e76017fb8f6c0dcb1149c40eeae738b8a3ed25bee21ca593e5;5;0xC000;28672;78;512;1;0;1;12;649886;629
390f7f63edb8fc42.dll;30208;3c84532dab5c591e30829a052b18b1bed65543f9acbab707f9ce55faf03e5052;30720;086ccbe150227b38b931e8ed7a3f5b887f62afadf6c55f84747f4a3acccf8e72;5;0xC000;30208;39;512;1;0;1;12;650515;629
3929a48ffcfef047.dll;37888;a1c57f5762bfffa5db4cf79c81c42e4b59c67eeee8335922559341287bc17c53;38400;b5f88d0ce8b475b9a1be9f3adc6cfa222ef41c5fd68dd56aa68232f863d39cc9;5;0xD000;37888;357;512;5;0;5;16;651144;670
3935b34a3b20ac35.dll;38912;cad29b40d0043bb8a20b041047881a0187c5bf96a129c0ccee979f8dd97afab5;39424;f304503f094e7e194a8cb47d5656883cf66cc63b79ad218ecc8e1a08ec8b74eb;5;0xE000;38912;343;512;6;0;6;17;651814;680
3942eb20c670af91.dll;28672;50180fe6d6bc9000d5596b8452ea48a56e6c69f99d1f56a9aaac1c0b6c181d88;29184;561440085f25269ad25db75ade57d3de3a68b8ed1cd00b2ee864a8b42348b22d;5;0xC000;28672;83;512;1;0;1;12;652494;629
39656781e6c74699.dll;32256;59292d60f2e8c60e5e0acafa2ad278bbca1db867e3e7a9490f7443c4dbb043f8;32768;484772b63e78d8d2e7fbc172813ec3547a11d1b4fb03eba80334b594762adc30;5;0xC000;32256;49;512;1;0;1;12;653123;629
3987197b1063edf8.dll;38912;88176a22c51681055443ea5de2c2a1752e4014adaaa1afb10c4a93679c7da2e3;39424;d29c92692cad3cbc9004a579219257377b02389b6f22a6ff4df3cee7714287ff;5;0xE000;38912;463;512;10;0;10;21;653752;720
398be389dd5c51ed.dll;30208;202e068e4da0c94328fd9a96c9346e505b801442ee69eb1671eb4f2fd8d306b3;30720;718ed853bf9813e192fdc6ade4e821bc91848d8daab3975417fc5b9f9c97671c;5;0xC000;30208;23;512;1;0;1;12;654472;629
39986c36168a6f8a.dll;31232;fc31a791b322d8ece5e25d687c8d92725cf417ab50a240126794c87c29fa7dc0;31744;93967a11f550ef9f2945f92bf3639b4a659af97feb98f8fda62108f567e9673e;5;0xC000;31232;34;512;1;0;1;12;655101;629
39a12a01adde30b8.dll;30208;0f81a514ceae8a9e847f19392d9ab8cc877985507525d5fd7279c0f6b26133b5;30720;ddbc72041b361a04cde39cb4984318430ec9e00b8614330bb44b570a54ca48bf;5;0xC000;30208;70;512;1;0;1;12;655730;629
39a12a01adde30b9.dll;30208;6d10bb5724108f25a1f5bfa882371caa245d8600638582e6a43768de50b60d3e;30720;03e7b44753d2f76dbd80848b8d46523aad0d4b0504883d7b902300c757675638;5;0xC000;30208;63;512;1;0;1;12;656359;629
39a12a01adde30bb.dll;30208;51e0d3acdf5a32fdc435fd6a8bf67e8d98c1fb7abcf29773d603e159266fdca2;30720;52862f8d7b605fc24a82e4cc4d89fbac6cdfd3a230588e5b219c5070a57e42b0;5;0xC000;30208;46;512;1;0;1;12;656988;629
39c187ba9a9482e1.dll;32768;ff2bd799b173a246b337356e63ae33894e366230b31cfdd7d581002d0d8d9f9a;33280;31276c6e58bac8d1907667240c9e3a3cbda211e11b9f996a99d202d032cd19ca;5;0xC000;32768;388;512;6;0;6;17;657617;680
3a25260e22309d2a.dll;30208;bcd1b5b5242e78d63e700d75d519c5d8871ee20959fcf13197ec4eac8214c906;30720;a58e6db9096b95ec4113574ff9a7057b825fa11d88348b48a83020fda5b102cf;5;0xC000;30208;96;512;1;0;1;12;658297;629
3a25260e22309d2c.dll;30208;f153b84c4b7e004ea6c1372a3b91c3c2023fe7838743460d9c7832c1ec31beed;30720;232059bd5924bb5387e1ae6d83bca1e3aa7b2c2313e6d7e0ee2f60e800c9279c;5;0xC000;30208;95;512;2;0;2;13;658926;639
3a25260e22309d2d.dll;30208;d8b1804c99eca528ff7599a828227f83654e20ebdfb957613c9bbfad6298f148;30720;51c3c1a6a07cbd81a5829e873eef8f4375c2d39c3f28ccf20b98b7629ddc8705;5;0xC000;30208;104;512;2;0;2;13;659565;639
3a25260e22309d2f.dll;29696;f1fa83f60e154bb4bd5d1271962aa3f4d9d1d66fcf534f764a0a2efba982f8f0;30208;6cd86e176a584b40284afb35e225247d178e68f3c7b33f967dda92d92efacb9a;5;0xC000;29696;55;512;1;0;1;12;660204;629
3a2526133736b06a.dll;30208;ef8fed8d4f6ebcc7eb726bb0b03c12756963bab6183af99171506d7fc62bb3ac;30720;36bcc6d1353face5ef40415e4402b8c1000aa6eff7f8afc7c8f75e9bb019df04;5;0xC000;30208;105;512;1;0;1;12;660833;629
3a45df26c9f1eeeb.dll;32256;ad6ff7a32353c2660e4bd782d4b5ba461f04f327bbc55c6fd75b3f5a20de5eb4;32768;8e88f5ad2115f524d949dc3c34514880312cb8f44d4353cdeed02d1beff657ec;5;0xC000;32256;14;512;1;0;1;12;661462;629
3a4c3248ad9f3b27.dll;29696;40b2b421da4f6a2367ff5847731b4b14c8dbfadb3784500c39828ed6d89a54af;30208;7e82d56fc3fe3813a4a87c64b390665306b4a4c1ab9b85bbcf28901eb8d8e0f8;5;0xC000;29696;33;512;1;0;1;12;662091;629
3a597587fae5a3ff.dll;30208;3d6ab3c184b5130736471cb72b1e7f8b76ccc7d717a35e75d961dc90434e73f0;30720;4bcfc24800f4ce4192a4f00b65254c1f7ead251d5cc4813d47b6f5999a56c4b0;5;0xC000;30208;44;512;1;0;1;12;662720;629
3a72b441d1f1652c.dll;31232;9e001a096cb411ce6d653dd6e2373239237ee3ea8919d64bb7f089ae27963a15;31744;9d187943a6a128591482058c9413627b11b5ca81b6bbe50d8b57bec38cd5aa82;5;0xC000;31232;238;512;2;0;2;13;663349;639
3a8395f55a7b890b.dll;29696;ab4a9257d904b5f0d95be730bdbc4a023102d43f1c9d7845ebb844f624fc75bd;30208;fdd2c0f150a85a928cf5f0b6f455aa6bc6a860f493040d492c65f683ceffa7da;5;0xC000;29696;73;512;1;0;1;12;663988;629
3a8492b80093564e.dll;38912;8d0f8b5f255847483d842ced3fc77b80902a6929c1e5545366353b64f7d71834;39424;cb25298ca3e476512fee61ad9b21476dc86410f003ff8e3d82c38024590e06f0;5;0xE000;38912;178;512;4;0;4;15;664617;659
3a8e05e356fdd193.dll;32256;b3f42ec665901adc5d0f02a23249b39dbacad78de43bd7a54dfd1fff97a7eb5a;32768;6fc6c8fb6b2c6de0778839cb9b3bb6d0e929e0a93af648966cfb86f74c474af7;5;0xC000;32256;26;512;1;0;1;12;665276;629
3a99ea88145306b7.dll;37376;c6799bce9207bb348f92580b2b20826bc0387cf7f23a095dce8099cf21219619;37888;bad6ac0b41ef26728515363e6708a10d8ef367d47727bd9649abcd9d62bff04a;5;0xD000;37376;367;512;4;0;4;15;665905;660
3abfe52fa3a79bad.dll;31232;ff1aa903eae9da9a9dd91409b77261fac976ad35128e348c355c04bcdbf7044a;31744;91fe4dd8d240125aeec1a8e3fd9da976e36b9ae56e66ebba3cdb7ba3656cb9c1;5;0xC000;31232;181;512;2;0;2;13;666565;639
3ae6df564f58af8e.dll;31232;4ed5521730a10065b309d0584d32fb51884887127f707b478cc2f5e497f0ecdc;31744;debfa1f7f6d3bae13bc9312be3b034d97b862093fb46553b1f37b08522eb24d9;5;0xC000;31232;73;512;1;0;1;12;667204;629
3ae71bc9d5cfe370.dll;34304;63d29687fc16b28269db0db39ab8c8e35530eb030082b21ea0285edc6abbee3c;34816;913c85f0afd0e56cea6f61728cc76b3b0958d2c117e59615251c601d447d2ece;5;0xD000;34304;103;512;2;0;2;13;667833;639
3ae71bc9d5cfe372.dll;34304;a0533706da12f9f96e23a105d9b76a020af6872061c552abbeb5dbebab8a073c;34816;91dc481971a312aac433a2e62314a35d2a1d39492c2d6eadabcb96edd9d2ab48;5;0xD000;34304;102;512;2;0;2;13;668472;639
3ae71bc9d5cfe373.dll;31232;958338d84abb030920fe39290c9acccf9767d312c4b19681e2ff121fe4f86f8d;31744;130945e8bec849010dd14339542aafd81f212cb96f4baa601c5c9a9fdb1d4980;5;0xC000;31232;151;512;3;0;3;14;669111;649
3afcee940bc2b8f2.dll;37888;a9e58ae0952cc66b6802a02e48e878085acc8b3ce9d16db84b6463af9f0a0c69;38400;967b5fb9c9ffe031056ce458b20b7bbb48f20ad27561961b2767aeb73b2d376d;5;0xD000;37888;68;512;2;0;2;13;669760;639
3b19f0df3b1948e9.dll;30720;9f614d2451353c174cde483654d848125aa14db202153e0e0e09d2d77d73fa33;31232;70159c8ee1a0d0052561f66037050e91b8c5c36775a4d30010ff1468cd447f1d;5;0xC000;30720;46;512;1;0;1;12;670399;629
3b597125ab338055.dll;31232;0b319e6017ea61900e0466fea2f4007827fe32388d82fc8e3568e2c3d2106f21;31744;9837d740d097e37973dc058e99fa7b1487ce58e5199a188d4dffa95900e68847;5;0xC000;31232;94;512;2;0;2;13;671028;639
3b5ed906465c14e0.dll;30208;fad8144eefaf99125a63210efeb41efff6bfebccd7edad23c1a8a1847a569a72;30720;7329c49c0cc62b685bb316766f96eb1b64091c9a2da44a6a1053eef11d4b1dd1;5;0xC000;30208;195;512;2;0;2;13;671667;639
3b5ed906465c14e1.dll;30720;b418c4b37335e7cebde15459f1cac9807de5db379a4c48b2c0ca00539d01c02b;31232;cc8648d63118376ab61e3f4a931eebcbe94454516d0a7123c72348f760f14949;5;0xC000;30720;163;512;2;0;2;13;672306;639
3b5ed906465c14e3.dll;30720;b128892b79102d7ef28cb93b815f37b8e744c060ea6f24249d52f08ae21e21ef;31232;80f81d2ff606f5a69a9a96de48f9afa13ee2dfef4e97b307f38a764f953fd46c;5;0xC000;30720;197;512;2;0;2;13;672945;639
3b6319e3872acd7c.dll;32768;469a3ea4c84211354b7bdd543e3ee9e7ae68b7315cf88dea967991883b017747;33280;e3572994648d01107bf895e7c4d0b0b07a7ea77a767f14f2fc3cd8178da8d269;5;0xC000;32768;396;512;5;0;5;16;673584;670
3b91e5885e9df717.dll;69632;494f88a8e39cb1b0a7d06c204edc4fdaedf44c6a35c892e3bb7afe1b17a16ffa;70144;4b01135b07eb612b76a9019affd0abc9f4548ae61de6257e35fc9f011b332308;5;0x15000;69632;146;512;5;0;5;16;674254;671
3be4e45e773e6ebf.dll;127488;2ced4b8c776897b312166a29782b1a5e191c835a850b096616b220270e6214ed;128000;742d2392fc724cec8ac29bc4ac60d4cd4b9516e91b57f9bb946370a1c76fcb4a;5;0x22000;127488;169;512;7;0;7;18;674925;697
3be6ba8684563264.dll;30208;1b3e7ae97409899f20924bde15735ec15a044fea439e7d4273da1d9e4c0a0b85;30720;1704ba442f215a45518813b5d03886080a4ed29341d86d081ef00bf51855d554;5;0xC000;30208;39;512;1;0;1;12;675622;629
3be968262c033848.dll;31744;3da51f2b0bc0e8f744c206da3b7778b7297ec9e9ed7210ec4c3a501fba6320d5;32256;956ce409dba8225a59b977c7c06cb162a6b01fe1371da6770b9625b03f29ee20;5;0xC000;31744;36;512;2;0;2;13;676251;639
3be9929f9e3c1f88.dll;30208;00fce4e52f07533107533b0da7176fb20a59430ae4274feaf3b5c58b02cfeda4;30720;7434c5fe8b9b0439da39e66c5b1793690703742754854f8427fa3ddebd7613ea;5;0xC000;30208;116;512;2;0;2;13;676890;639
3bee206aa2242fd4.dll;39936;05401e01f486b4b9373336f56f3a1d81c2e08880376eeaeba92408ac0508bca7;40448;b89dd30f6ddc368eb9c7533a1ed66125d79ca01ed4726344d6fbacf67acda2e3;5;0xE000;39936;94;512;3;0;3;14;677529;649
3c092d56b3109fe9.dll;358912;68a554f5e4526b164d394035d465a7c977dfa58d0fadeaba6acba1fef7c4f2be;359424;2ca671e949533f1f09ec06ebd047526b00169c9056c0bed8d0ecd0b718af9e8f;5;0x5B000;358912;62;512;2;0;2;13;678178;643
3c1c5958ca274c39.dll;29696;5a8467e312faac4f55314a9b4e4b6795922b7858e6e58fdaeba5bf151ed3780e;30208;0247107a468e7253b614498d7855c2c24913e3d920fabbc0846824b14f14bff1;5;0xC000;29696;42;512;1;0;1;12;678821;629
3c2a85a5d2a76ab9.dll;31744;7349be5905fd34cbe8943409a430d5f08e1d357ca9ce923dda6c6ee3597adf58;32256;c809730d6602712470c9cfe4c69b19d3e7fc25962a899039bb4ef60411d60fc9;5;0xC000;31744;196;512;4;0;4;15;679450;659
3c68cb7acaeeb1bd.dll;30208;7159e5a496bed5cff0991d43f231cd5343306eecd65a582760db4c1f369b8f12;30720;01e4ff84f960893806a2612e6ebdab5dd6d9c5f3f77dc7c6ed83be85337d4ec6;5;0xC000;30208;138;512;2;0;2;13;680109;639
3c7851ab0bbc9e19.dll;31744;6950eb61501ceba2267610dbd757be28ad0ef97dca4f4b726c79829d64a97645;32256;893dbb2f836025bdd21f4c3fc2d2bd24c1a0c8b4de2f8d14a15229d05ddb889d;5;0xC000;31744;281;512;5;0;5;16;680748;670
3c83302160ad60a9.dll;38912;986468b07b9a9744a4ab29d379619b47c0c2297fddc161b90db92c664ec88763;39936;b556f7847ebb91876f69bf8598b1fba2bc202b5e9a655338efe52a36a395506d;5;0xE000;38912;698;1024;7;0;7;18;681418;1202
3c95f676f9f58b85.dll;36352;79293e821964f72619a9a1ef0b387c325938b4712b3700abba2908d70c7473c3;36864;2f9061a1b8cf36adfb79a44d9d594c6d8b9b869dadcded46112e2bcd73867289;5;0xD000;36352;93;512;3;0;3;14;682620;649
3c98eab9bb29afb8.dll;30720;b884b1315ad6e698a2624e3567645e78831754e89a81867a3d8aa9cfb923b3c0;31232;fc128ffb3cc6dc6fdb767cd9bff7cfb463d59fe8331353f4157cb13ee23635a5;5;0xC000;30720;117;512;1;0;1;12;683269;629
3c98eab9bb29afb9.dll;30720;dadd3744666b0bc97b0a7cdb8955a33fe9899591ec1917a55c1885c57128df67;31232;da6e0ef1ec94b0ee16e1b6af19a12f33e0f46b98979af69dc9c3d49cba2de9d1;5;0xC000;30720;195;512;2;0;2;13;683898;639
3c98eab9bb29afbb.dll;30720;f6f7afcce490803b2883436272b8aa4aa181ad20ad7e930fdf64b8c6b472af9f;31232;cb0b845fa9b7edc2afa5a549e7f1b1da9dc4f30933a5ead78159cf865a36895f;5;0xC000;30720;113;512;1;0;1;12;684537;629
3ca1e405d12d0df7.dll;28672;fe0f3254e8af9aa7066374ce8ef314f5ec4c3768968ef0bd325096cc703e4546;29184;407819f72369c1fa760d15c5a1b36bcafb769f699b245ed26ef89425ec07d6d3;5;0xC000;28672;91;512;1;0;1;12;685166;629
3cdfbb768e29e304.dll;36352;1e710264082303444ec86b966da4de1f5a5c730c7afcc7e104baca7107cbdb09;36864;846802fc1e38acb92825800640d6ac553beba44fe0ffdfe79d409df5101a6983;5;0xD000;36352;124;512;3;0;3;14;685795;649
3cdfbb768e29e305.dll;36352;6c3758e2724138619e9ae4ae5ca55899d43ddf2651e0d53f62d2eb807a9723dc;36864;f8fffccc17ebc72ed23857c04814210ebfaaeb554124085b54589ce997b2ee06;5;0xD000;36352;146;512;3;0;3;14;686444;649
3cdfbb768e29e307.dll;34816;1b56c5f4fc319d2443886aba20ba93486f5a7a113c9a4a7eda7591eaf4d83a34;35328;c52e3f177b924407978579d4ea2f43250056fb90b237edbe2e79ed88d3969722;5;0xD000;34816;130;512;2;0;2;13;687093;639
3ce1ca5345dc754d.dll;35328;9aca7284ade8a8370c7adbf778277933819817ebb3235cefce471ddd23690b5e;35840;afe7ac4589b48c0e9a2614f02685a3c921797077864ddd696fa96bc826ace78c;5;0xD000;35328;150;512;5;0;5;16;687732;669
3cf000c3757edcf6.dll;34304;f9e87b380d0c0dd7456d988b861be4d8b34403f8da370510a291694da61258ec;34816;58386f8ffe44bee964e182c2551a711318b15983ab3bab15113211b6add93c6d;5;0xD000;34304;424;512;3;0;3;14;688401;650
3cf50bd66ca4ab15.dll;35328;76979c0c1e9857823418ef4e1802fe2110eb803e180cf35ff807a2b669ff78b5;35840;9fb47ffb857e077322722a0aa25d0d0c37aba6ff618e8463d9e408b8d1916de0;5;0xD000;35328;340;512;7;0;7;18;689051;690
3d007edbbbe1cf17.dll;37376;826a04132e60e35a83f321af8ecb55324c15293cf1bdae1f66026e7194fd1ceb;37888;f13a7d028e89c18be097b4271d406cfe874f00b9e4cb0ff85e9c3e17625a6aad;5;0xD000;37376;480;512;4;0;4;15;689741;660
3d019efa462149c0.dll;35840;daf275a69f2429420351554bc7b50ae3896a339717f8f274427e4f30f72234f0;36352;8673cfe71b77a3c535c5b5c53e630c76f1529c03d6c2c6c616fc5fdcb8307053;5;0xD000;35840;204;512;3;0;3;14;690401;649
3d0285b56fda1b42.dll;31232;535ce7582fe4068c5c59ec3e35a1040d51c979797db5aa175d375fefbbfef104;31744;d0f2296fed229c2f54e08c2eee568fd685a381f54202348d58725f1ac5dd55de;5;0xC000;31232;322;512;3;0;3;14;691050;650
3d0ce461b0fcbd33.dll;31232;66b1123424d02f0838c1d4778f3b1d273a4b12dee6fc24e1ecd283b127bbac0e;31744;bea43a101b5b7cbd0d6576afb9e7c2a827b988dba1f2c56413bff8c5e3fce2bd;5;0xC000;31232;173;512;3;0;3;14;691700;649
3d25b4a0a310af4b.dll;45568;03a393190590d9c7262da6a66f451d26063eda9cfe1e16f9b5f0f4e03421158c;46592;76ba49877eb11d1be806b757f658e7ae05b3b24d5927dda10fa9603a02aa5ca6;5;0xF000;45568;725;1024;12;0;12;23;692349;1253
3d3d5a3de084b5d4.dll;36352;2ea6d3f30d5d3910f504e4530b01a31a08599d1180e604b0125350ddac966443;36864;367c82d92ef1a649be87b09a8cf1d41bfb42fb35f92b0880e0bd9d2ed845c4b2;5;0xD000;36352;186;512;3;0;3;14;693602;649
3d708dd4e831b728.dll;31232;3ae794ff9b92883633825a9fe41b3266dbdc380749069256b61199fecbb07222;31744;0a263a637c665e765caacd3d749b96eae8d15403962edb2524c2e885970eafb4;5;0xC000;31232;119;512;3;0;3;14;694251;649
3d7909ce377f0127.dll;33792;1102bf74ab3e491f28b834c6518c4419d3d055f846d6d390524403f63e19630d;34304;6269d215ef5181b2fe357dba92f9807f014b932f31d2bea9618fc6f004741cd0;5;0xD000;33792;448;512;6;0;6;17;694900;680
3dafbf4f09ceee76.dll;31232;50c73df0bcb28afc804b7f944640e9a7d854bd8edd0d6b13680f0023e9c915d5;31744;5d10cf77c58c45e51e987cbc3f6bb76cb7dc98cef573871165d06cea5d5d7053;5;0xC000;31232;50;512;1;0;1;12;695580;629
3e0777e4c88b5fc2.dll;44032;44f2d4cedf5c1e14a580270631e7eabc0c96d48c01fcf167ecd5363bc052eb01;44544;bba5f4e4c87c734ea270c37c63a52caf797d62dc2db783b785062e3f09f99ab7;5;0xF000;44032;369;512;8;0;8;19;696209;701
3e21d1b31b1d426d.dll;30720;e625a3de30a0a3a060a13f428bd3f09ed39384ae841e1a29e725ce8833ee4e9b;31232;d9d562578309c32f40e8f276d6bcebfee2490bd8f0351eee6486af1007eb1ced;5;0xC000;30720;151;512;2;0;2;13;696910;639
3e24627ef90653c1.dll;35840;7a8bbf18ca8c3ad9f1a99803a6ddb8634512d22ee611d476689c6901a10abffb;36352;fb38a90a8bbbba5b0bd59ea8f48d8f6850f6d280337e8b00e2a861a341bb1821;5;0xD000;35840;67;512;2;0;2;13;697549;639
3e2bdc42c01fcb72.dll;30208;63815ba1b83a1238fd8b2d44550455ed1de73dbb2a2230991f2cef991cb477b4;30720;f6a0125d573b88e55b74f5f74bacc0e9e37023d9dc58a3bcc5549a69c239210e;5;0xC000;30208;298;512;2;0;2;13;698188;640
3e7c5518a5072b3e.dll;30208;16335b3779f76811b3a238801b90a37a14031d7cc3cc54feadc44bae84de4553;30720;fffc155532e5f817c864ef9477bbc489275d988e553fb505ae0cb63c99af4694;5;0xC000;30208;49;512;1;0;1;12;698828;629
3e858d78ff62ede9.dll;29696;edf09a40a4c85efaa5b9311adc66c2ff1bb3851cc8620f646b75138dc89145a2;30208;06cf368aa51b0d50fb1c0904b20fc83906e2132a5cf1c6257026465789404c64;5;0xC000;29696;45;512;1;0;1;12;699457;629
3e91b383a2a2c292.dll;31744;fc6bd5e2f97830875ae216e30e785b835e8083cbe1fa4afbfd348b5a8038b728;32256;3e03527fe9eeb7a38b98407088474d1942c2b607fd255c1077bf350a5e05ac7d;5;0xC000;31744;164;512;2;0;2;13;700086;639
3e91b383a2a2c294.dll;31744;a1e8f1ffc6ebf9410c5bf55ff60d76b4e0d8fb7808c1a91ea1df6be640450760;32256;8ace02b7d1295a1c6728b34beb7c3377468c866891804fd3a5158ee4728abd68;5;0xC000;31744;215;512;2;0;2;13;700725;639
3e91b383a2a2c295.dll;31744;a5e45314a496e4dfd2df2967eac8dc5a9b125d58223771a5c90a178405b82a97;32256;32d36b60b52d61f8820151c8dff97ff8657afb2842915b4fe7ecac3d46e1e807;5;0xC000;31744;156;512;2;0;2;13;701364;639
3e91b383a2a2c297.dll;33280;72ea6edbb460a84f836c2bf20f058b76a868bd8e342af51ae7347b7410efadda;34304;42be1c213731fccd49b715f37e3673d7ebafbe2e586101e0d973ea87132e3e57;5;0xC000;33280;517;1024;4;0;4;15;702003;1172
3e97c90aabacdb62.dll;30208;62765b9d0cb55d26963554a3cb8a2a1cd781b4ded783935e154199abe37ba759;30720;f51f0f1e9cd60acf32287185783518ea5f8c4cf9e3a540b7b1eb1d02e7b517ee;5;0xC000;30208;51;512;1;0;1;12;703175;629
3ec9e65ad2200849.dll;28672;820e98e0db50412e6241b29b7d6b80179849dc7ad97450c9c067f7f919b9f900;29184;9cd57caa4562dd05676d6060f47e4a539d98ab7f21496a0de7a7db65a00f5b29;5;0xC000;28672;45;512;1;0;1;12;703804;629
3ed2e27371496154.dll;28672;f73ddd52081da21dd020e54cc64c5a4bc850aee2d65e6a1d771fd4103a437784;29184;48e0fb311bd423a93093275ad4a7a3fa22984f756568f98850cdfd3e4e04c317;5;0xC000;28672;69;512;1;0;1;12;704433;629
3efa2a71e3e259a4.dll;35328;33965c97eecbad6e96947daea7df8406985283e20076a6727368c6545d6de7d8;35840;2101723159ab3a2987f9806907094bc2361a00440f792c88b1b76fad3fe50076;5;0xD000;35328;153;512;3;0;3;14;705062;649
3efca3e03983a127.dll;34304;f5fc6bf8023f801c7897d30bcf1e8e9025818b2291f67d21a97108488ec0db9d;34816;66f6de036323d82c4e7718915366b6676d09901484f7596cd52f44f401665c80;5;0xD000;34304;462;512;5;0;5;16;705711;670
3f243981e4f25577.dll;33792;32302f99ab232b33985f07b052e30603a4cf591b431c04ae8400d3a1e3851669;34304;665f86538e0a3594e03fd20827749e3db22aff28f0ab62832b2bc97104da01c7;5;0xD000;33792;100;512;2;0;2;13;706381;639
3f5f7e6a99629915.dll;39936;5ae9bbcad72b67e146635406849ae6df7eac3a881ec2fb2d0ae9deedbc4fa8a4;40960;c4e0e9ca7b7bc9febbef1d6a25177e065147fe789ee6bad8b347b6174b635eb3;5;0xE000;39936;861;1024;9;0;9;20;707020;1222
3f7e1033299489c9.dll;39424;28d11058af49009000ace05241b9eaef6a72cb22e3e64c5ffe973b44084f9bd7;39936;fc8113347e43c1993e98c760de8a93c2d02183ab5ab38fb557a2fab3d4e51f30;5;0xE000;39424;188;512;5;0;5;16;708242;669
3f8c4219faa2e85c.dll;33280;80c722d145e847caebaad89a8843aae56655ef652a896242428339236f30ade9;33792;5f7ab9b350bbf8a53c277bc08ec39ce6c9d09a0d42d8395a098437dbd11e0a0f;5;0xC000;33280;58;512;1;0;1;12;708911;629
3f907e436f441fca.dll;31232;4715f9eae26fa7a9680d45325f5f1e22426af143d7acdf578cdc5ac34424b983;31744;0c16119a2998300e1a2ae64c8496c386b4720f559da286b9222e4249a5d70fb7;5;0xC000;31232;78;512;2;0;2;13;709540;639
3faae55a7bd9f899.dll;55296;de7cc7d752ecd8781cb0c621501d3108ab45e8036fcf10567b2595621d992690;55808;49fd2491f65821bce71e5e92331908463105ce2b0668f5a33f09055f5a7fc3c7;5;0x11000;55296;46;512;2;0;2;13;710179;640
3fb8197ec76b61fd.dll;32256;98cd2397f4e956e374e2e64b6928322bb06f63e57c704e588eab8eafad877c3f;32768;adceb2d24691ebc7c4b2c96849540449cea5ae47723bbf0f3f6b594b8008b991;5;0xC000;32256;33;512;1;0;1;12;710819;629
3fcd43444a89b558.dll;37376;fcce28a6c8cca4d2a21574f3735b1a1b30f981f40521a675ca4ef90286fe08de;37888;19b8d5a1223934582954323e70436cff1b7d69bc120aa24f3a280c4e51d7c7d6;5;0xD000;37376;48;512;2;0;2;13;711448;639
3ffc7f1523a1c222.dll;33280;7cf729290e06ddf5a1e0bf63341a45c0b2394b33ac98d6986a2a1a3a04aec7a5;33792;02f187df8a3181b029d13c35de7433404ea0f4a5f64437377e84944726e27cf6;5;0xD000;33280;233;512;5;0;5;16;712087;669
4024a8ba1208f20d.dll;28672;95d3eb23f3c8842aa39fc0bc4f4c1e4978252d26ea0cf8fca544590bf1e86b73;29184;0dd71d8308dd9ff474178268f38d39c4ceb2218ba7581f3a28be7cf4642954fc;5;0xC000;28672;25;512;2;0;2;13;712756;639
402c0bf5e4e4d889.dll;28672;2b13bfd68e5e542f98b84ad0816fff01613ca326186757b674f53d0aa2d4b28a;29184;0fab09d85c13a39da6491fdde51559547af458f94671a30b3f398b74b4e9d093;5;0xC000;28672;23;512;1;0;1;12;713395;629
4030872f00ecfecd.dll;30208;822a76bda307dbebe7a9bee937f2f82b8568ddb1c01ff27dc8953633d687f746;30720;b8c1eb8139c1936d66b7100a0cd3bd48587402d81100f185065e8f57518159d3;5;0xC000;30208;77;512;1;0;1;12;714024;629
4049cfeeeb743e05.dll;33792;5ba872f78f249087299d41a5fb8591fe4bea368f9f280513dc9e61cae85ace65;34304;7384ee07a7ca1d8fb73daa1112a096a284a2750dd9a9deefac285e07fe89703f;5;0xD000;33792;28;512;1;0;1;12;714653;629
4061c95422d03d84.dll;33280;3e99b1494ea69007ef4ddf7d224a23b20481e8fdf9356153b811f58605923b1f;33792;21e224cd2213aaef215b34434580febc542e8939949f9835f4c82025478969ac;5;0xC000;33280;81;512;1;0;1;12;715282;629
40651d73e9acb4d2.dll;33792;8cb6b4e1dc343d48c0ddffb831b18247c6d4da34b156cd112a72b61df6e15bdd;34304;4d837d330950518fa8946a6a71b9680ffbab2fe94a6126b2ef6cf8ac67b3aba4;5;0xD000;33792;169;512;3;0;3;14;715911;649
406eff43202b2c33.dll;36864;80d34c8e89c93825568f629f16e4c4b3809bcbc694314a5fc5760285625f3ff1;37376;71cd4fe92f0c51268c0d8a0c301accbd6b1b5a7d462382d47e1128f9e1a1ae62;5;0xD000;36864;106;512;4;0;4;15;716560;659
407d9a73e2e9ef8f.dll;31232;6367082a1387025455c37df8b47a8f74a2dc6a55e8eb9b859531086fbd271039;31744;490078ac18715214cf3d4750e4cd5eb046378d61243b734f5dfcebe0995dc10c;5;0xC000;31232;76;512;1;0;1;12;717219;629
4087cad5802fac5a.dll;33792;73b1ed52608544256b27c802f7fe8290da59b86b1c01a8f0458c35824e305b7b;34304;9b0521bc2fe6a30b846bec6ae212ae9f6561e9df5ada6fef525839375baaaa47;5;0xD000;33792;82;512;1;0;1;12;717848;629
4087cad5802fac5b.dll;34816;3d5c5b8a7622ab0c7f72dd55c8fbd4fb1d0a0eb45a86544bf7ea46e189fb3c9d;35328;186068cf9803d5f572c10bd22bb957a728e25835dfd2e2cf87e4cc122580f7b3;5;0xD000;34816;94;512;2;0;2;13;718477;639
4087cad5802fac5c.dll;33792;bf58c50f8e8b0e394ce3fca8f42b02dd0d53a1f24a95f84646283ac347c9d8c9;34304;e9eb1ff8adbd074368ebc027f6a79486267cfad50448e502d2b7e399eb683126;5;0xD000;33792;74;512;1;0;1;12;719116;629
4087cad5802fac5f.dll;33792;408742295e95872e7b5fc57e35487facdd0a3721a5c56ee5531aea6000ac175b;34304;fb9e1fa9fac7b66b1bde5092d7763e5824b6dd082c0451eb99c559023a043791;5;0xD000;33792;81;512;1;0;1;12;719745;629
40aade9fb6ca520a.dll;30208;4f2b5d948526793d496992dd7037d38e5f1225b16603dfc15d9146043d01147b;30720;412013a3f8690cd5140ffb996d315608138f19b73891cccfab0c822dfb4e5562;5;0xC000;30208;139;512;2;0;2;13;720374;639
40abc6eb20a33336.dll;31744;bc73441a65d5de1a9b35aec1f5760512d86d743a84cae001292a2881494b918e;32256;b6fab2c2b788fcba29bdcc27f21b28e3faa690c51af357df6a484cc34004eab1;5;0xC000;31744;417;512;4;0;4;15;721013;660
40d00cf372fd8dd9.dll;31744;f49617798f35f07b792f033a40b2ed74a56d33294964ae5675533e8aba951bd4;32256;b8c467f822358918b2e2fe8b3d6855acb708537d0009af087ae7eeb2e946c8ee;5;0xC000;31744;113;512;2;0;2;13;721673;639
410d448e4645ef29.dll;30208;bb3f294d6049a1f9dc8029613b69316abbe7b95a23a1ba6557a5a458bc25ac03;30720;5d4a50eff59464d105ec092026d51b0261cd43c2d6c58437a4c94026604c957a;5;0xC000;30208;111;512;2;0;2;13;722312;639
412f29cce9d1b5bd.dll;32256;29b1ab2f9b0beac66208c65eb219c74a973e55fbcad593df27abb19152594a46;32768;53a356331ff1e08b469b65b8580a59d4207ccb3b9a67548fd595babcbee6fc18;5;0xC000;32256;109;512;2;0;2;13;722951;639
41363bfd66afc98c.dll;30208;e4ffac6d3ddf0add10e1be82c9839c95d5343f32bc17979cc98d4412b6be5527;30720;a497258ede65aaa6fef998e39839972655a2a94e07bf48d1dbb8e513a9f75cc1;5;0xC000;30208;61;512;1;0;1;12;723590;629
413b5050b5bbfc89.dll;28672;9449f638fe42500af90e670f4ddf7d1d32f9dca3513052cacfaed1f8db2f4dd4;29184;5ae02f299a381a02df0a05b55706d475ef8cca65a99c47cabd35eb468fa04b6e;5;0xC000;28672;45;512;1;0;1;12;724219;629
4148895b514f8f91.dll;30720;147d2c575b479fbddbad966dd6ca7115a4de511726060311cab52187c605e39b;31232;11d3ae4a87024e69cfbd27924efd9c0fb14fa4116f7a9a1420922ebc330ca9fb;5;0xC000;30720;122;512;2;0;2;13;724848;639
417bfd0fbd7c482d.dll;32256;2bf4a06504ef5c5fe6a8742455365da01b9fb2cc29b97c7fa7c61f3ac5e1bda7;32768;aaf4b467d00c777de36e43ae4066a5b9dd4851bc74695acfbd75935d86dcbd35;5;0xC000;32256;44;512;1;0;1;12;725487;629
41858b70138fc5da.dll;30208;c2a76ea83f982150557764c6f5839c8d4bd0b3d0b8ab2987e633c0ce0c1d21ba;30720;704c6ea8fa29ff68c521d635a4c10bacb3daf2516f7dbb0fea00f15cb959034e;5;0xC000;30208;49;512;1;0;1;12;726116;629
4188b0008f68ec27.dll;31232;d8f8f48c202ab35148a2ce4e1f20a824352ee8356228beec80d1f435dc9b0d82;31744;e7f1c4864133f2bec0615af283535b42243f6c481a6aefbb22d032e8f3713f58;5;0xC000;31232;157;512;3;0;3;14;726745;649
418f83d50bcdb2e7.dll;29696;182d93c501cb6550a09db87a648daf5b7b493cc8af8287c83e302cc15d84250c;30208;4cc2b9463dae581cb6e5623ebe6c8b9ba44eef57d912f991f41f2094b630894a;5;0xC000;29696;93;512;1;0;1;12;727394;629
418fd1be3c00907e.dll;31232;711f934ebe685a0bf227a71cebb83fa591523bdb6fb25b610f6d41cf9793b4bd;31744;fc5d034b5f777f65f9645938053f9220cb7e71a7c6e689d149ea9b6a15e421f9;5;0xC000;31232;93;512;2;0;2;13;728023;639
41a552812e44da0d.dll;30720;a0e40d2f1653c1d8aa79899c7c69c7045403a9b66cb27fac5a118a4b77a662ca;31232;60c9b447afc6ae92a611bc4bedd21a0aca5a1360d208cafa47cfe659564ae2f8;5;0xC000;30720;302;512;3;0;3;14;728662;650
41b15852a8526cc6.dll;31744;2e0754647ece664ef039fc3a24c71d76ffe74853b848f95533ea6a830405ce8f;32256;a4f84e20b1ca862fe86363b017d69949be4e5133635f25ba4c26cc31ea65bbaa;5;0xC000;31744;196;512;3;0;3;14;729312;649
41c7327fcdeed804.dll;30208;9aad5ebbbbbc1fc5519861979ce9d33123d76f9bf1968e7d249c83a927693805;30720;517d1e7c09763e434e8f840c3d073148e86018219d9c44a8810964bb8e58e5a9;5;0xC000;30208;63;512;1;0;1;12;729961;629
41e3855e1323e90e.dll;32768;5d65d6048223ae3af6d71c4a57c2457eafe669b0f48d735adf7a150dfb210003;33792;bd8278fa8b59baa02eb006d27628b2f3ff9c8ed4d69ef3c449358c2c4188bb8f;5;0xC000;32768;617;1024;6;0;6;17;730590;1192
42290b015b6d2d59.dll;38912;9cc6d50dbdb4860374dce2d23310f0fedc4b532082fbc8f4034d302d2770a3b4;39424;dde704b3a9c2e4b5ec9c59157274f40c4978289d579248b943a68e5999e71e4e;5;0xE000;38912;150;512;5;0;5;16;731782;669
4235f825e38078f5.dll;39424;0385ade6826874a16a70ebf69ee462fa37bdff2b226aa645b83758be5e368cd3;40448;4e5532524b89dec9a6640167feb242e8d133594e675c31c26f21d47c5a6bc85b;5;0xE000;39424;846;1024;11;0;11;22;732451;1242
423f402cc0d57dca.dll;31232;9e578c8f5ebf9486d320aa15e7027e15ea9809f9d80816dd6e9ceed34f4d1cf3;31744;6738f519351a89c47aa122b0f15ae43f9aded7e76ca8595c961ae4f77b819e93;5;0xC000;31232;126;512;1;0;1;12;733693;629
424325c223133edd.dll;30208;4fe114965d8c64723cc5e941bd35eb27e3b2c950c2944b16c6862c5f63b87e65;30720;ed476a983ade726dc2e54afb02e1a8808177f8b4cd371895f78bab1d157b8316;5;0xC000;30208;79;512;1;0;1;12;734322;629
4266e5d0aee38f57.dll;748544;c03b8fe195c3a8fc5365e9871f4147db0c23a391e5b80c7d7cb0a0cc7bd5cec2;749056;db8ac7f8b4c3d512d1c6b027cdb9d252727d35546dee5a518ffab0f9aa6fc30c;5;0xBA000;748544;342;512;10;0;10;21;734951;731
429096e609c6f958.dll;31232;c1671a0dbc42c5f837ee5ac83a11362f1be7b1361455c2874da807b8ae16f5cc;31744;676b2a48c58e4028cca22c49018c58b08353964c1792d54d35ef3467c8441243;5;0xC000;31232;122;512;3;0;3;14;735682;649
42965245fae00c8d.dll;32256;8c80a7fb731dcd7cad6c9bfcd4f21962a3c9a3fdf9de7b306a1898967ec06bc7;32768;77d8eac931cf268c81c179faa3fdb6c3b83c9766e78d87c4747fd16c1bef98a9;5;0xC000;32256;26;512;1;0;1;12;736331;629
42a39a6c78aba0bf.dll;31744;0d4646246adb9370b0e107ee9e54332f15cb662611dc9c5af7ee257589b7cb5c;32256;7405b9ac5128b827dcdcbbbe88b3e37209146fea88fbf02983a0393eca393379;5;0xC000;31744;296;512;4;0;4;15;736960;660
42ab92dadddc8d1e.dll;30720;f365e373205220c9a13b10d82856e260afdcdf8190ca1ffd0ce969d9312610e2;31232;3146ff21e4c51694a3123134b6a59b37e0415b199d9485d616f41149db1b5178;5;0xC000;30720;88;512;2;0;2;13;737620;639
42bb135dde76d01e.dll;32768;8aacd33cece057873989a4403574666f60d8498d70302f0ff87de3a412fe0641;33280;e977b46feaf8bc9d04b161eff767a9884e8417ed37ba78b457147768b7a4cdf0;5;0xC000;32768;151;512;1;0;1;12;738259;629
42c76fa6c1586f26.dll;35840;40cebb1f8f32627d4480ff320415bc9aa86323302173c4848ee94a1c8f0251ea;36352;fc3d9e06b5ae4645f25ede2853c1af1f1497a1cf1f36a2ecf5a3179f572baaa6;5;0xD000;35840;208;512;2;0;2;13;738888;639
42d7209aad67183a.dll;31232;585ed3a7608a41452c4d508b5e1913959323bf71e4c747e2628f4e751cba2724;31744;84e40b50abe9b5b586005be51907515121efa79eefa353879dc50dbe0c930f5e;5;0xC000;31232;421;512;5;0;5;16;739527;670
42f58996d1c031b7.dll;32256;82e0c71e3faae387f4149698083bdfaafd9aa023efa90818075fecb95d0c9627;32768;3e305a616a7a2510246e09e61fbfcf1b0554b247dd9c5658940ff4307cf87818;5;0xC000;32256;22;512;1;0;1;12;740197;629
42fae9a18580b52b.dll;30720;3f22d659ae566f612a1ea797a24ce1f0af1953eb4acafb0a0bc59f2cb0283a1d;31232;008ce1d4d33d8e16288e658e2c497f1443a812fd71b31c98f793f2f36483c732;5;0xC000;30720;100;512;1;0;1;12;740826;629
432ac348ad187bc1.dll;32256;e6811cc3e41c2ae1f2975d39307444b31ceba76cbd1f39c8a84c6f3b0b50ee62;32768;bb93d58ea9ae861c4202b7a9b54a866167a3c4851bb43ec689f50b59f73c5339;5;0xC000;32256;34;512;1;0;1;12;741455;629
433624a007558b95.dll;40448;ef985ea9ab073704bd77ca7bce96f9927ab4488d56fc6026bdb5d5e7fe25d8c6;40960;222f57db9173f9c37b3d51c8139599b69aaff7a64b75144f127a3a154b59f8f1;5;0xE000;40448;182;512;6;0;6;17;742084;679
433f71f27e629edc.dll;31744;1a558db633c5e7aa0a13a0b3bbdaebdd66c10c0a27a92fb0c7b6179762540981;32256;1ff685302d7899aa27a0253ef152d752665ebf75f4774e5c803b5b787715b632;5;0xC000;31744;60;512;2;0;2;13;742763;639
434aa58f62e12ea3.dll;28672;44a25cdb12cdc266f6963f3d786d1cac32ebf6d268accf7da697af692b20cc7d;29184;b193486bdc3e021603c23973a48946346bc4e7e5fbd24ae8b80851b16336e28a;5;0xC000;28672;51;512;1;0;1;12;743402;629
436e2b47dbab6b41.dll;28672;3efb07ba3edd5fb4498973a0a97266a9f2d5feee1f4a807474f71c86f7413ae5;29184;633574c1715704900e97639db52998209daf7dd1845f17583c0f1ce0997e1bea;5;0xC000;28672;31;512;1;0;1;12;744031;629
436e2b47dbab6b42.dll;28672;5ea3780bb4bfda6f0edc6a7ffe2e7cd6ee6d3b274550eb3056863e7a0ef5efa2;29184;2a5bd6375f475a6d8359ee622a0afcecf837a0d6e3d31fad9c30e6a71df90d91;5;0xC000;28672;101;512;1;0;1;12;744660;629
4377218afe148106.dll;37376;0ce7c0365c415b1d4c952c0610408b0c409aa618901c5673e38b4f5f3bdfa188;37888;95a183fe516848e19e27d7be211fb82c6b649a6db1f3eb8dbdbce989f9b1017d;5;0xD000;37376;136;512;2;0;2;13;745289;639
4397f19a3f25bcc8.dll;31232;e2948807aa6dc367d57327c71335ee6ddd6e881473f3c17ec9eaf7229bbdf576;31744;1f6123714160d76744f5bdf42bfbc7590bec9fdc8c7202e7afa3d5170585ca48;5;0xC000;31232;98;512;1;0;1;12;745928;629
43a014689205933e.dll;30208;6702e223d9cd460d2d349ff782f39ee9cb92ec34715d2e8e2d546288bed9a09e;30720;e7b81c7f56308dbd9dae99a86ec6a651ef4eb7afe5c9d1296bb7798253e855a9;5;0xC000;30208;71;512;1;0;1;12;746557;629
43b34d2e0b12ba7b.dll;28672;67fd9e846a39adeca5d445f471aeb1d932471a22763f63080212c78d573a33c6;29184;9a2ae65a3643c8debd65a1ed26566127a995f2786e1c50c68974fab40087e837;5;0xC000;28672;93;512;2;0;2;13;747186;639
43bae850ae1547f3.dll;30208;60044f1076dd97a8163b3e3ba05ba5a36f65f1558d2b05919e49fc536fdda4d8;30720;8de4d27d184e281e7c4197cba6b0c5809cbdeafd1f26e3fa9a273b18e91bbb6d;5;0xC000;30208;70;512;1;0;1;12;747825;629
43d697dd0b1b0348.dll;30208;e9a9c1cab7eae96aee83614ace5647f1d189195af97c69dc11a615f27b91655d;30720;be06abe41ada34cdfc3abf54e775e8e20a4ca92b1ee59598c7b8780e3920568b;5;0xC000;30208;110;512;2;0;2;13;748454;639
43f0035e6ef61a69.dll;30208;4ec023aaef520e865d22ae2225d14cb185695768220697529f9362c21fcbaf49;30720;9760ebf3c9855652ce07090b13cb2224f77c6c9675209e0b06889b25978fc0a8;5;0xC000;30208;142;512;2;0;2;13;749093;639
43f8c52c37a5f097.dll;30208;e8e3cb3039625998137fadc044d174af126a094838e5c73f0b58cdb2845badba;30720;dca5beda91b6a62f5eb20f2112bb01774dfa1a3a12cfb9c8a5c255a266fd5143;5;0xC000;30208;38;512;1;0;1;12;749732;629
440266f9a938c9a0.dll;30720;1371888c9b337718b526db3d8a84c8334071fd4edc9ec0ff8c7cffc8abac3e61;31232;665fa223a7fab46010c7213d832867a559e759dd5bf454a2e6296fb090d82a43;5;0xC000;30720;153;512;2;0;2;13;750361;639
440d4ccd242d4ce7.dll;28672;43c2489d3feb3e39e549d6c466a59af31a64347be588fbc3dae4de97a55d136c;29184;738c413b1388b5d1b191d9523d5d19a45ba5a1ec311776253c3ed67912b03da4;5;0xC000;28672;41;512;1;0;1;12;751000;629
444522360b013beb.dll;40960;1c5d8c47742240f38e75154ba320b2426733685f1a00257bc0505d78cb6cde0f;41984;d32748731af73161009a86bdc2b0d239a08eb4c97cd712ec05b24d7613e4e8ed;5;0xE000;40960;726;1024;11;0;11;22;751629;1242
444de1922ceaf843.dll;32256;76ee77bd9b040650a93455d65cd952aa4bd5e2055ba10207c273e49bb9187064;32768;9811eb0a2980b60e746cde3af61dd2d891519fac1841ec5ab3c7151e3dbf8dff;5;0xC000;32256;33;512;1;0;1;12;752871;629
4457da0e17e6fd0e.dll;38912;f0c89bd128b16898545043cecb4a71c31b85a383e16512d4719e8f48f19b95df;39424;ac810edb038ba29af6b99248464641c7afaa06477ba5157513789d610f13c28c;5;0xD000;38912;246;512;3;0;3;14;753500;649
445e57fe113bcfa1.dll;30208;e6efdf3957b4a5e8b23008132e5b240f3556ff6321340afe236df5c717c2e365;30720;df66a3f4c8c23254e653b7fb8643ad5bb76cef0ba1c1754d4e699b27d186bcfc;5;0xC000;30208;91;512;1;0;1;12;754149;629
44879bb72cecb781.dll;32256;d856948ea4a7b6937defc461bc832deb329961e71946a419bd63aaac0cc14c6e;32768;8bd8811b7ab275e947ef6759e324fa74bfbcfec693b0a46925924ce4876920a4;5;0xC000;32256;63;512;1;0;1;12;754778;629
44aadd6fc6b50e98.dll;31744;e033ef70f42b84de6eddededfc275b5d05b0a4e9bcc3f5c428f09d6eeb0a314b;32256;e9b348be6910fdeffc70d43920474fdd72fe6ad103a8a79210eeaeb99c8bb262;5;0xC000;31744;167;512;2;0;2;13;755407;639
44c8817690dee0ea.dll;31232;8d67ed1e340bab87a67420af7075b629861533f0b83b1c9cd006259c7c11876b;31744;8b84164b681693c8db075c1b2c7fbda27c078ed08fa71f7f1d2bcf65945777c3;5;0xC000;31232;275;512;2;0;2;13;756046;640
44d43b1c00fdf4a8.dll;30720;f772b0b6e42fd3664b8c12e817a7d046c8a09ef1d37f9a1bd10b2ac560ac261a;31232;2bd356aba5023c723b1e965eb8393b032cb9181955986db66f9404fce5142eaf;5;0xC000;30720;101;512;2;0;2;13;756686;639
44d43b1c00fdf4a9.dll;30208;da071ade9e4c2c71e8eb851e6f6c0086e250dcfecd40423dfc16cf7eec23e17d;30720;086e993848ad770d69bbd06b9fc4ddef1b46c5fa1e5444b1518b8b53b6e3e93f;5;0xC000;30208;78;512;1;0;1;12;757325;629
44d43b1c00fdf4ab.dll;30720;7d5e5be739bcdea884425e31b2277c89c11954188de6150db8ab42073a8affee;31232;94a2f6c5e58674fb179272ba806d80cf6f4722b098cc6aa5a2d8a934fd040a30;5;0xC000;30720;105;512;2;0;2;13;757954;639
44e7e10d7dea118f.dll;28672;d47abdaa783501580099f49667c99ef9053cb24ad686a895e4464ca3fbd6e366;29184;e71f4e5b274055acd498e824322bf104ef160f189feedeb9bb9b931b34665af6;5;0xC000;28672;42;512;1;0;1;12;758593;629
4556a9b2e830f852.dll;57344;0d8843bb1846c3a19ad7023027dd830d86398ce4e4f54e71d6b0da638c9c6d42;57856;d415e9e2de12a4691718d026b2ac6db5827b85eec96edcc61c02492c736b7122;5;0x12000;57344;93;512;2;0;2;13;759222;640
456d2ddceb3a59fc.dll;35840;cd38d928339a9a3f7b0832d47ca8e89e3fad6cd6070cbf4110bcdf0dfc0da793;36352;30fc57a0aec15c2b2ca8381da1ea45f8b58e9e30e424e0e6cfed7f6fcb8a3bc2;5;0xD000;35840;233;512;2;0;2;13;759862;639
45887fe954f301cc.dll;37888;426f60ab108ae41edcd848cc45aae1616d7f5c3a8f7d9c324c8df42323b09b6d;38400;56af2588512af1d49c4dd5739c2990105e1c3fc8114e35b991cd0d591c5b8fef;5;0xD000;37888;110;512;3;0;3;14;760501;649
458da2fecaa6fb49.dll;30720;022eadd0b626cc7c0b7177204b04f170b9e51b43685d1e6a5e40e96f1752d793;31232;b68588282567fe185f8be3d34d59becbd348c4f0499f684fa313c208316ba3a7;5;0xC000;30720;214;512;3;0;3;14;761150;649
45a991063062583c.dll;34304;bcde3d8bf8626aea348809227187306d16190f6fc4d708a386cdde121e159d6d;34816;3fdda957811dddd6a9d808dd84da5cd4c9f7b82ec3712d46ccbc2d0dcdb70ec6;5;0xD000;34304;184;512;3;0;3;14;761799;649
45b2fbff610489fa.dll;34304;b9f663eff3a36a2cfbb24435a9379ece4cf7e52e20eea600d64a9b6b7186970c;34816;aa4751423f3e88e5539b95dd09668ac14be894d765522a6149006806adab5081;5;0xD000;34304;142;512;2;0;2;13;762448;639
45b4f03c3b6dfa5d.dll;30208;0c01c26105c9780a9eee2e0f416d5b766b6df4e629268426716d6bbb48b3ac2a;30720;49429d20baec43072e983c7a81ee9a7b2fd438d976f804d0a2cbe34be1f3043c;5;0xC000;30208;86;512;2;0;2;13;763087;639
45e45b45173f0c51.dll;28672;7a6ebf526c44f4e06c847d1a8e3a0bee5056be9e6516cca5f74092d00c7d715a;29184;7a7ba4161075bdaaaad58830d711d2aab0682decf577a25b69813ff151d1e50c;5;0xC000;28672;93;512;2;0;2;13;763726;639
45ea1d5808477bac.dll;30720;ee26c3d08e7b821c3bff2cb2ae791168c0cccbb0b53c2d1436fd2a5a6e85e110;31232;50b0e2a4d00a236b63f62cbf4c1b487943ebc1ab21faadab9f18f3f0941ef903;5;0xC000;30720;125;512;2;0;2;13;764365;639
45ec9ab116dee46b.dll;31744;71eaaf159ef4494b9a55806925d10572678bed4a8eec8ee2abfa938bfd1e1efd;32256;6d2882b1507c779e632aa910f524bb706b559d2d137879949bfcdcb8e82dbbf4;5;0xC000;31744;108;512;2;0;2;13;765004;639
45ec9ab116dee46c.dll;31232;474a07a71a76a1a8352bd01c8a4db9a7a2e7368f20782ac784691fbfdbe1aa06;31744;0177a65392b41e4de7a0392477614ddbe81cdaa3addc69982a44956115777a5e;5;0xC000;31232;151;512;2;0;2;13;765643;639
45ec9ab116dee46d.dll;31232;bdfb52b14e9eee57633c2b0bf9ed3eb0d245977398f278be207930fc67d1ec11;31744;60c6ea6e14554b78c220a60c2c267ff1cebbcaa885ce5ef4acebe775a3623027;5;0xC000;31232;111;512;2;0;2;13;766282;639
45ec9ab116dee46f.dll;32768;7bda3f92a230d419274826cde17e06ae5e69e2fb98b29d1188cc8ea6dbc3ec43;33280;6bcb90fb930eb5f2ea6c8ab042625307b56d1918335d10fedb27afe10e6a4e6b;5;0xC000;32768;201;512;5;0;5;16;766921;669
45f9881f1f675161.dll;40960;c59edfbaae2b3da4ca0a08793c4951e98f476199d965f91c0d51a0c85ca2c29b;41472;5a105686f8b5a2840ca9e4c67fb6484b85c060fcc266d7d386ed4aa4165c0bed;5;0xE000;40960;400;512;7;0;7;18;767590;690
461d784af0d0fbb6.dll;30208;5b5cda1cb44616fa09d68fdbf0a019c6cf364802f21c64b90832ee8d27280610;30720;6e845f0b3454d30411a5952d0cc00d423cd78c5344a22536833959ced30144f2;5;0xC000;30208;98;512;1;0;1;12;768280;629
46345934a58b9b0f.dll;30720;8d36458404f6dd4c81a5e3f1287c7edcdca55f472b01c821e2b7eabc8f232856;31232;d98227ffe4b3943909865326d09f9451e13ae65d57cb59283f302dca0381de05;5;0xC000;30720;344;512;3;0;3;14;768909;650
46358d051e0b4408.dll;32256;e7067f60956403c5a0139ba65d055894dd9cb90797a4d2d03fb816ff3944df56;32768;503681d5af4c72cffd149716878eaaca2bd588a41603fbc5ec5a94df88bbb8de;5;0xC000;32256;37;512;1;0;1;12;769559;629
46358d051e0b4409.dll;32256;8f044b43234ab204178a19b57ce2518decbb05a85aacdc8da931ba725597e9e0;32768;85256bb38e4cfae46fb78dbda1031e94602f7b1a313cab1f906892c83ad6a797;5;0xC000;32256;37;512;1;0;1;12;770188;629
46358d051e0b440d.dll;32256;5a5a59eedcbafe5229ca2235bb03833aea33aeffb9924383748657fd7e6cf318;32768;9295b3f85dff068da57f3d249736efa7d6d1ef97de4dfc69f312fc719c58794b;5;0xC000;32256;26;512;1;0;1;12;770817;629
46358d051e0b440e.dll;32256;7968a0db6f4c7546b64469e3c465d62343aa86c0d47ceeced156387f9cff1f6e;32768;8ad2281e1ac4490df1c5ed0bb1876e21284e78bceecc91dcc127a16db937cbb0;5;0xC000;32256;36;512;1;0;1;12;771446;629
46358d051e0b440f.dll;32256;caf04d58f377604598465f45816b72b08c95510059be81c34e0e1504bf4f1823;32768;63f2a18a84c7bcb0096ef3ffbd8b2f44f46c87ec0d9b9d4738c4f7038b644647;5;0xC000;32256;70;512;1;0;1;12;772075;629
4642db0d94eb8d50.dll;30208;8d492301e2d81d266c3a3e4c638f4417025434f50c33ea0433910795163ba3b7;30720;a49aa0514a8ae2ffb985cae82225b85945e84c3f70dd3cd8811cce32226e7a33;5;0xC000;30208;117;512;2;0;2;13;772704;639
46535fc75aadde84.dll;46592;fb63c96958703fc118f7f2d32a314b3ad5880a5065b3d683881b1c0070bddbea;47616;30d918fb32e955b06b281448253bb795430b57aa8883f24f8dddbf406e70d0ed;5;0xF000;46592;919;1024;13;1;13;24;773343;1263
46600d036cc33fb9.dll;40448;821490989e02a8661084c3451906227ac57f0d6a1a078b159373a19cdee6654d;40960;25c0e3f39eee03bde607b67936c6fd0b422212b2f9660bf1f80116944203d22b;5;0xE000;40448;121;512;2;0;2;13;774606;639
466b91ea85c39130.dll;33280;e55a13bcfd04ee6034473f97dc216f2ea326085d6ec907969445d4dc47f3fac0;33792;30289fd20b4e62d732920d09dff338a57a2fbdb4dd74b4e203d8ce1be173444d;5;0xD000;33280;314;512;5;0;5;16;775245;670
4670e10b5345fa7c.dll;36864;dedd2cf5fb453d8306cab9806588877f6fcea2d5d6083b4d9d20f730f97b25e2;37376;59f2744920bca7ad1fb941ad4a1cfd07c48663451bb58108088d81d8d4db27d2;5;0xD000;36864;337;512;4;0;4;15;775915;660
4671f2025e46f36c.dll;37376;757973621e4de0d2a0b241dc5fddc999e0de73f770678668c4f7fc9f9bcc5e53;37888;d2f1c2279b09c4b9749d31a6c715be87fe4401067f168d929a48bea324e91ca2;5;0xD000;37376;451;512;5;0;5;16;776575;670
467cb912f3779ecd.dll;28672;0fec2ea766d8991f44bbd8be7fe605dee483421c75be3e47d1268e52ba37b454;29184;89e4a9e5ac0fe50487ed6952b945d2c46d4726d28ac10b9cbce0487e5023a07a;5;0xC000;28672;43;512;1;0;1;12;777245;629
4689f802d186ca28.dll;29696;caedde6cf70c4978670a5a6443fdc53dc9a7647b3b322e82a4fb995f7144bddf;30208;b0ba5a2e8648b5e0a1331b2ee829bb1ae7aa3f7df80776ebf939c228d960bd73;5;0xC000;29696;77;512;1;0;1;12;777874;629
46961c0d5adbe17d.dll;34816;94ef40e58b6c79eb06a8428864095e395be8226e09f9d69b3b9c3e0a64053031;35328;08e4f5dd80799eb70534ca950a8bae184602562941697a7c880472f08b5b588e;5;0xD000;34816;279;512;8;0;8;19;778503;700
469e2a4c440a9396.dll;35840;3eb250e75d958d74577b66a3e8a987fd7421dcf13564623020c265bcd7ca3278;36352;bd2fafd8400d4f1f6b30e9892723af6fa03207e58217dcde5241f6c918d648fe;5;0xD000;35840;78;512;3;0;3;14;779203;649
46a2964f4ca3ac4c.dll;35840;1ba17b8308561f4982373c2c73d623af73e98f8100af371aad955d4330b994b5;36352;1daeed7840d9e52cb4dd36edc19c8e0ec526a1d6eeb5befb269caa877cfeaaab;5;0xD000;35840;74;512;2;0;2;13;779852;639
46a2964f4ca3ac4d.dll;34816;f8a78f3fa664eea5e7aa9424f325a222380a2041ec2e3566d16ec8e652bca0e6;35328;22d11e68a5b47f6f7fa2888d70f47425dec9e84af720c3024180df87f29f6e89;5;0xD000;34816;22;512;1;0;1;12;780491;629
46a2964f4ca3ac4f.dll;34816;3d3b888e9f27a2b65134322fc1b1f3a18f69ae296bbb89a3a4e71fbcd7f75576;35328;f53f07ed378a215eae4662b12dcb8c357888b8cde3eb7dda8d07c2f5ae4bb3d9;5;0xD000;34816;30;512;1;0;1;12;781120;629
46aecc4196e67b53.dll;34816;119251c8a411d7f34a6e146270fd72fe708f5308514cd2f075968d5db495fb64;35840;e87e4c09b9eab50f8d34fbb80bcffc24861a196bb40ab1d3aac4733709bad971;5;0xD000;34816;582;1024;7;0;7;18;781749;1202
46b82f6e491865b0.dll;33792;472ddff56d6e59428cbacd7e74c936f58d0fc95686d3c09616d6f0aba96e189f;34304;14d789071ec734fed77ad0a80084acfeee765a5cc528f2a874f2ed4e7d1669f9;5;0xD000;33792;120;512;2;0;2;13;782951;639
46da88b46f897f09.dll;30208;e7c12c4b8c354cf263dd5de79ae48d7e0039b7a251b0f4d37c66556c8f58c357;30720;951874728d2038a1c70247ae8666d8b7b1fcecd5390ef3f39de2bd2c646a845e;5;0xC000;30208;151;512;2;0;2;13;783590;639
46dc46679db21954.dll;31232;550069bfe15a74a6cd22086c3b55b9d07c8b5773ea9bd454cf24da1119968999;31744;f5e4483605b44a97637f03172386d4447bf4926de839e4fce9b19973015ae472;5;0xC000;31232;187;512;2;0;2;13;784229;639
46de1b7cf96ab3ea.dll;31232;ab82ff5de011d6055044c9372c1f9d2941fac5eb0c80097225f96642cb067cbe;31744;0b7a1fbe13a441b613a683c954f9d5e9e181290fee89c22c2bca3a68b124493f;5;0xC000;31232;345;512;4;0;4;15;784868;660
46f2ef5430549d68.dll;29696;7ee8ee96f510c554b923d390996ae42d0c4519ded8f47d21ba9a46ae7d6d57cc;30208;dc1c126e245285530a1a5e3601cb9e515b058759e70063ff33111e699f81339b;5;0xC000;29696;30;512;1;0;1;12;785528;629
46f2ef5430549d69.dll;29696;45992d248ab54ec7e9c9d575d6bfa56245538a27a5605223f7df950ff4692f2d;30208;359c6f6c6e730a32ee7ec6a0469c9751065adb2c70e40a2e0e376fc7820a12cd;5;0xC000;29696;34;512;1;0;1;12;786157;629
46f2ef5430549d6b.dll;29696;c9cb3be4d0191941bc14116b8542d499a6bdfb566c844c4f740a42b69c028d04;30208;95edd67fc5cb891ab6d474427e63d52703b61035785f83eee39130b38239a35a;5;0xC000;29696;29;512;1;0;1;12;786786;629
46f2ef5430549d6e.dll;29696;00cc5ad26891ab0ecb5f75ce68a761ea8b15486f9d5446e97a7e95f9fbfd9f87;30208;1e9e8a4db46e9ec2230cef2c456d1bc28fa53dfc23b2d80ded4a4b71f51fd73a;5;0xC000;29696;33;512;1;0;1;12;787415;629
46f893e34c14fc13.dll;32256;4da5ff270edd6a90d2c5f35ac9f9f7ba82b4292efbdab65a9bf26481fd9f3846;32768;32963cc0f819692eb6fb89c40fb19fb4d114119f0077751f266049ec0dedfdaa;5;0xC000;32256;280;512;3;0;3;14;788044;650
470449382cd5d3dc.dll;35328;4264b122c0bd946ac2ec473928fcbfb00288d73e9c2025ace4372387d40da997;35840;b45254dcbdcf6bc0755ce0a73ded2a367285a2197b4b004c4c7dc6ef75503101;5;0xD000;35328;201;512;2;0;2;13;788694;639
471cc574ea9b8f5e.dll;37376;f5f128542f30a9779a96c7f2540672bc4a2b50b668c0197728a0df96bb256637;37888;db322fb32b2f4f49d46b95bec0379fb6836a6bb9e717e55de76be5f0f8ac5917;5;0xD000;37376;189;512;3;0;3;14;789333;649
47232d8febbd25ef.dll;30208;fad950dfbe7c4471909371b8c926e5556ac41b003889e40be6b8137711759425;30720;3e51afd3ad5bc514ab1f18c979ca16a39002c552fcb95f7930b7433400fc97b4;5;0xC000;30208;30;512;1;0;1;12;789982;629
4731fbb576c418ec.dll;29696;05df7d82810674729637d403be87fc65283cc48e70208e61d97c05c7d19a6d00;30208;0a618356e9da94f39edc0b5638544e98ae2fb33541f2346a989cca16cbf2d5b9;5;0xC000;29696;67;512;1;0;1;12;790611;629
4742b99399d06b7c.dll;30720;72cf2798204b66b4d39282fd0412c9e9339533b89c5ff855c4bc86561601df21;31232;b43cbfac69bcaf3564ab33fcd5f522cf6ed7e613a1558d60a6676d7bf8da5ad1;5;0xC000;30720;175;512;2;0;2;13;791240;639
47616fefd6d2e230.dll;30208;302e6d1003e24377ad581c92dc2f296b1f4385824de832787caf48b9a4acd62f;30720;873b2393045eca83d0e5ccc2fa09a2d60163fb80dd1eee76c00f1ac8c4ed99e2;5;0xC000;30208;45;512;1;0;1;12;791879;629
47616fefd6d2e231.dll;30720;0a52ecfd1065bc0fcddcc56d9acca009570054017c4a53111f13e7a1ade3890f;31232;2ee5caf38f715106fe80062f68f28cd9ddc5478bc7ddf13206e6605bf55babe3;5;0xC000;30720;102;512;2;0;2;13;792508;639
47616fefd6d2e232.dll;34304;31f4a856925a801f6583336067f8fef6ff4e2541e631eb86d5bc0185a78e4774;34816;24b36ec0aea58c0acf742db40a4a3b011c930f43cb545035dd7153ff5a094e8a;5;0xD000;34304;53;512;2;0;2;13;793147;639
47616fefd6d2e233.dll;36864;e05acd8ea183368be0974ec5fd93e7e175c24e1015bedd68bbcf880c1411d6ce;37376;af48b5510a53dc48d050ef83add258d3e2ba1a851b63617e5091cad4c68cf42b;5;0xD000;36864;109;512;4;0;4;15;793786;659
47616fefd6d2e234.dll;34304;4c7cc2144afc212b648cdc48d403487e1dff8925f4f7014ae897d8a1b82420ce;34816;bc37e99a5a514401318b53a95eebd5b63d6f068ed4a33bea54ce3664b73356f5;5;0xD000;34304;75;512;2;0;2;13;794445;639
47616fefd6d2e235.dll;35840;82215061902d0d800197b8b1a504458a5857f357f91695187a173bc2a2c65a3c;36352;33fb6fb52fe84f2ce72bc95272c87eb92a0c5b9ad0458f8070b48e6db115ef62;5;0xD000;35840;129;512;3;0;3;14;795084;649
47616fefd6d2e331.dll;33280;7f0b191dbb0a8d4563826a76197810c29eaadcc1f6be0d521e2d6e55317ca1d5;33792;20168c49b70384946dc0ee0f8c3b2989f85d9356f1fd278eb5417850ff63817a;5;0xC000;33280;16;512;1;0;1;12;795733;629
47616fefd6d2e332.dll;34304;479f6d34bc15155ff681b820b03f06525584ab4613922ffdf6f0580d58bf71ce;34816;28d612866e4bf67f3999cd701cc84e0e6d14f5de5640e45370875488ac50247f;5;0xD000;34304;52;512;2;0;2;13;796362;639
47616fefd6d2e333.dll;30208;0b4e39523fb8a63c27b8eb61ef942b4c0476319764d014a6f7d70b0de9115a21;30720;4b50abc6460829f86b9516dc0395fc7ee55d514a8d071c3d80de5c3ea108a049;5;0xC000;30208;34;512;1;0;1;12;797001;629
47616fefd6d2e334.dll;34304;52e3d82dfda1146dc141f97c451b64fd189d363d67583c7a6b4f90067115bbe2;34816;902abe393fc894359b6728e5c776943765f7e71c43e85d37c7059254e7bb1e9f;5;0xD000;34304;57;512;2;0;2;13;797630;639
47616fefd6d2e335.dll;34304;f80cb107ea534a863cdc171b52cc4837eca625d27af5ce3171c5c5eb335e6b7b;34816;5a569e779cc2d2dd16cefd06112578197151f1c2febb5e60506f02ff644528c3;5;0xD000;34304;12;512;1;1;1;12;798269;629
47616fefd6d2e336.dll;34304;2954573849c9409033dba3399fa6b199618d78b140d44cd0beb6c6ca5f537aea;34816;1ace69a86560888c346e8798e8efa7a89407f92fe5a3ca345f056b667838013e;5;0xD000;34304;87;512;2;0;2;13;798898;639
47616fefd6d2e337.dll;30720;3235cf157adb31b641da53795ba77b9c53ccd358d1915336b03f6de41ee78cc7;31232;77dc4e76c968c060a4564b3c3ef974a0ecc38cccf3fd07120c935fea26ae01ba;5;0xC000;30720;83;512;2;0;2;13;799537;639
47616fefd6d2e338.dll;30208;39c86edb78e0e12ece222a16ed4bf741e4e899ca005225659c06a89f6cccb7b5;30720;bd8adb881360a72e1420e12fd0e9424fe7bc50e635bd11e3f09a661c0dc63455;5;0xC000;30208;62;512;1;0;1;12;800176;629
47616fefd6d2e339.dll;30208;21e7f0d61832816a65c7566b8406d2c62188f87f3b79a0004ad01976af2e7797;30720;311821ae65f8b8e9dac660ec21e000eb5495aab8e8de0c79081b0bd76f40ebbb;5;0xC000;30208;41;512;1;0;1;12;800805;629
4769c5ecc5285274.dll;35840;8ee1d35617b39cd72ac02ff49a68b52e22a4270d04eba32f3dc6be0cc1b9cf94;36352;f18ad90ff2849650f3c6db1c999a30d7c1fc70eae7e3ddfcf5c27b107bdfb084;5;0xD000;35840;72;512;1;0;1;12;801434;629
476dfd15f0aef6f3.dll;32256;840fd2322f60f3ad43319aafa87741d79be945dcb6d2b5c355c8a37f387517f6;32768;1d2b1e527f7368116f61860ed9b21d96f99225d1e3d4e85104178be585721725;5;0xC000;32256;43;512;1;0;1;12;802063;629
4779b89ad42b50f6.dll;30720;5b4f3021c53c2533fbfcd1b9f1c6b9096f74abab73eb4ba612607f1af41e9e61;31232;3614a3a400629962c297269dac7f504810d1ffa89ccc99e5bfc4385bef61006b;5;0xC000;30720;121;512;1;0;1;12;802692;629
478ab005d91519b1.dll;30720;735c5a0020bbf3c7036d6a44eea97ad2f5911009b933b85a9acc880b481c60c3;31232;c21787c409d368b2d5d6c749cc2026e3ca5f54ac8400b547c28b4182c15e19b5;5;0xC000;30720;149;512;1;0;1;12;803321;629
478ab005d91519b2.dll;30720;2272a83dae45389975242cfa42d93d1d0b0255a02b80448ade954ff718b40712;31232;bc4701f1429484cbd5dfbd9b40bfa7218a809fadc83cc0ca518b7d06b636365e;5;0xC000;30720;135;512;2;0;2;13;803950;639
478ab005d91519b3.dll;30720;8a242b750c053042fda902147ccaf2beeae7a32daf6cc1f0fbf8d40bf5a3cfc9;31232;a0a8d6bc54fd8508a0a30e43998edd8e49c251c94c0e9c919b2241fd8406d10c;5;0xC000;30720;120;512;1;0;1;12;804589;629
478ab005d91519b4.dll;30720;327da1076120c3b8f9c8396bc3d7a7dc0fa1029ba16cdc147cf9e6e57c884599;31232;58e34bb3aaeee7c5447eed79a4a1dbbf646cba89e91dcb7b81e546a553d18d14;5;0xC000;30720;151;512;1;0;1;12;805218;629
4797fd6097170319.dll;31744;783ba7765fa8e5c3c66b30e6b0bce6418fa9bc305e78a8d313e6ee5e31b9ce7f;32256;9204f26d5c8ce3e77251d7b22c5e6261e470a33d673ef8c605b176269345983f;5;0xC000;31744;88;512;1;0;1;12;805847;629
4797fd609717031a.dll;31744;c6f195a3cb15b8da3e38cbc3b41704dbc6ca8e5f35d4168203cbeda8d7d2f391;32256;4103387fe70f2c7b04be364e5069071b58bdde562a0d6b457c19c7326f5047f0;5;0xC000;31744;77;512;1;0;1;12;806476;629
4797fd609717031b.dll;31744;00a2238fc119a31e3aee6bde9122da79c3c3d5905587d7731e854b37a3d9276a;32256;f8a94e47df67bf0f4a35fbcfd64d509c45186fccb071142e0b3e5105c7a67ba2;5;0xC000;31744;173;512;1;0;1;12;807105;629
479eb4f3820b04cf.dll;420352;fe3c5eee1ab42677f0eefa4215976b0464b78f80ca6da529a1a406aa01a9d076;421376;dfed37c7cb8695b63abb586a7d262236778555efe71b1dcfdd7e429549058888;5;0x6A000;420352;721;1024;25;0;25;36;807734;1409
47a1a390075e3f8f.dll;28672;c8baa1eb639a59aa6ff9806f71cd1ba709606f1477603044dcd5b26e77d78aed;29184;621f10dd44c36fa53aa046547adcd1d1557dba29011aee5bd43dc71916122700;5;0xC000;28672;42;512;1;0;1;12;809143;629
47b7f86f6279f74c.dll;31232;9cb26273dd34af26bc5e0fa215c39eeb6fc8048322373a31f67fcf2b8d89404f;31744;a7631c02fb6874e761bc1277d2ed06b8ee11a262a018275e287db4f55d8fa5e2;5;0xC000;31232;261;512;3;0;3;14;809772;650
47c3950b405681d9.dll;32256;5ceda52e8a70da0efc95c033a0758a210e3c1f8608d1864c855ef21d081cfae1;32768;9a3f5a649b3d4eec9db87f97792017016252f9e6388e1acad978f73394a6cf28;5;0xC000;32256;25;512;1;0;1;12;810422;629
47d3668715096a07.dll;31744;e6558d49fa037650ddf4d486c6dc94d031cf492c20c7233e3587602400957d69;32256;e184864a87833175375154a25c65cf7b3b1c2b21f4881c9776a451a67435e4ee;5;0xC000;31744;103;512;1;0;1;12;811051;629
47d3668d16096a07.dll;31744;c8febb96570593b6f13084a483c22faf5ec5bfa14d2b92a97056db21232cf7c1;32256;769b066e87acfffc0e81d66724ed8e3c6930fc3bbc6b075a7ba560e1204c7395;5;0xC000;31744;143;512;2;0;2;13;811680;639
47dbc732d3fe3412.dll;28672;7aea52fa986b198a49a8abe45d45927ecb12992b8727b3e6d2ffab1789fef8c2;29184;308e60b4900df5cfa5741b16240e129b6b97f4d37d0eee347c125ac42c7d9546;5;0xC000;28672;91;512;1;0;1;12;812319;629
47fc75aef24b132e.dll;32256;d775e9ae049b14c2d307a5729f88a5565c5b618742de5759b9bcf09ad9853e64;32768;507ec0529025177a87fd1b08d33ab55ad78cf41228b62dd1dbd85fdbb3b80c5b;5;0xC000;32256;203;512;3;0;3;14;812948;649
480f449e095364ab.dll;29184;ff8c850e68aed2388197cbd5e9d4dbca5148b5dd85b4dfcb0efdaccb0e96fea3;29696;a1d20208662d5c3f63bfa7def9fdad4968dd727adf33fa7a4dff6996945b6f4c;5;0xC000;29184;126;512;2;0;2;13;813597;639
481b2a9c14a5c6d4.dll;33280;451e7ea321c790ca223b6fbadea967dbf8e62cdc40bc71571528b66317677684;33792;690fe7701778466acfd48c08d74d6571f78b23c14e703b8be801ef670a397b3b;5;0xC000;33280;95;512;3;0;3;14;814236;649
4824c09aa66311fb.dll;28672;b89dc8c630ebe1d660fdb23db5ff0ef9cdd41c9c1ab5bba396cc415369b22f92;29184;aaaad92948f96d369d1b0bf9b6ad30dca6a6b3c8f590991ac14f5bafaafc22b5;5;0xC000;28672;64;512;1;0;1;12;814885;629
483c4fe5d521f2a8.dll;30208;72d881bf018f6fb4f168c89643bce9a088c4f6a63c002fc7b55cf9ddd4f022e6;30720;ddd17b99065fe5b90a40789cb95d77261979baaca7f7948a2156c94b35c9e9c8;5;0xC000;30208;76;512;1;0;1;12;815514;629
483f77feb1c7dd12.dll;30208;0e6bdc202f310c1a0cea8560d8e0d2eb377146dc49774ee28835356723ca2bf6;30720;932be44e3efd89f7efe4dab3d17c9881df5cd6b8df551f001abed0f9ffe5dfa3;5;0xC000;30208;94;512;2;0;2;13;816143;639
484a3af740218e03.dll;33280;a8b8302da96e88eeb1d7531deaa54d6b4e339d789bc0ef97bd3649b3311b19a1;33792;c2d177c65134a97597e76d85a4f6f3ae9c9585f18d47bdb5451b682440aab713;5;0xC000;33280;58;512;2;0;2;13;816782;639
48561ccae07c30ca.dll;28672;bbc40d98aa8d81ee2152fb3b190c9bbcd1d36bae72dbfadfa30163ee696a314d;29184;4e2a777cec16b74ba36f8801b40afa1e2854f8ac255ac60ecfceb9b60ed2c21e;5;0xC000;28672;97;512;1;0;1;12;817421;629
48589573796faa28.dll;30720;0da468f0e7294c6b7db442076163935b9d1b99f1ee8d211fcc2962bc14a9dd7c;31232;3cb2fae436c4d35a887195f2040be5d2c3bd08deaef14fc7bdc60ef580fa751e;5;0xC000;30720;57;512;1;0;1;12;818050;629
487ca823e6537f61.dll;38912;2e71f7e6ce4f483bb32cff247a8ee2906f38725187f9abc6cbf738c1ad6c78de;39424;93160b6cc1c1c054815ce55c2ccc759299dfbff0572215b1a997dc1cf50778a9;5;0xE000;38912;176;512;5;0;5;16;818679;669
48826f97a7e9d15d.dll;28672;3c0ffcadc477d5335eed6d00279826d84e7ba7b014a20d0e7bbabe68f6157ce8;29184;c84e371da84c35d53ca2dce0f7be4d5fecffe94cef55f767e223ca06f44bd894;5;0xC000;28672;99;512;1;0;1;12;819348;629
488742d4a49eab30.dll;30720;8d0e176ee1df0c23f221691a7b3ef1c93debeb65a31b47ce0f87865afc744135;31232;144c12572aafd25756fede8a0aa89851da88cdca3b4e05959c72d60275301574;5;0xC000;30720;210;512;1;0;1;12;819977;629
488812d73af00106.dll;34304;67a7318dbfa5f3552f4caa2d2f6ca0a02805ccb0376bfc9eb81cb247b28d09c8;34816;8c63161b0cbf92d2a46abde9b941b1f30ffe6dbdeed28da26c1058ef950c2280;5;0xD000;34304;120;512;2;0;2;13;820606;639
4899a0d85580de08.dll;32256;e4986add0ea70a017a81c928b00c00f2ff7e47ad3f8125e905670ddb921a363d;32768;a09613dea67d89831469ee950cf8d0eef011692abbecf808415a66e050dfbde9;5;0xC000;32256;61;512;1;0;1;12;821245;629
48a57bcb87524589.dll;30208;c6a25abfaa442eec51864612c22dd586433362be31b85da29d96d76149a6bed7;30720;b31b269d4763345b187fefece8c7c83bd761bf2848d1952523351c5889277de5;5;0xC000;30208;117;512;2;0;2;13;821874;639
48a90b11342d0d17.dll;36864;a9d92a887cc4067b3dc0d4c94ea3e3aa259c1a0b51aa44cf1f97852f3ed1bb73;37376;664018dd021d087f3e95d5e2a2c01f28ad7a72025d460f5f833ebb7ffa43e7c7;5;0xD000;36864;116;512;4;0;4;15;822513;659
48a9fc999b48863d.dll;30208;d5447d049a99fbf68d884e334782427c51bc959648977917c8024ecec30867de;30720;676e37fad72123c9ae2855eec199ba545204b5ef32b6e00272c0c13cb2e7b5fb;5;0xC000;30208;75;512;1;0;1;12;823172;629
48d106f23340228e.dll;39936;cec24f56c2686473a14a44fa33f283eee3c8328e4354b015e876de288dabffa2;40960;231b0e1d007fb0ae1f6ddc9bc1bf6acdf418c2337d4e335b7fa7a3ed78b0a69b;5;0xE000;39936;774;1024;5;0;5;16;823801;1182
48d6c614b0c0fbb4.dll;50176;e1df709520af270733e19a6e7808a70c45741cac5a2857623ba5053a280556de;50688;fda0f4df37f7159bf531a1a82822fa6ae48d29d9a580a36584729d4ed607299d;5;0x10000;50176;284;512;6;0;6;17;824983;680
48fb1c9451606853.dll;32768;0b85cb4f5fc7d27539c85c4b6525e4f41131457ac050153321174f6102f62b7d;33280;f40edf4f6982fee556965c5eabb66d9c8939f73fb6b7f03915b6108369bc9ced;5;0xC000;32768;239;512;4;0;4;15;825663;659
4912bfde3e3f7df8.dll;32256;5b1b3d9cb386628251e08924b4bdc8db5cb6c2889ebd93a85f1b5bd7afe60c75;32768;262d41cf6a9ade7d16b93ad74754a8b06649a12fc32da086291169898bc5fb9f;5;0xC000;32256;107;512;2;0;2;13;826322;639
4916a49c7d221c83.dll;29696;be7e0451fac6d7330a51538af4ced7b9557f43046615ea98d9cad803d13dd983;30208;62ec37d8ac240fe159ebaf42ced367bdb0eb27bf12053c297c96844f7cc0f0d0;5;0xC000;29696;203;512;2;0;2;13;826961;639
49287f5037e3df9f.dll;30208;13b4581c4d80e08805435f10266ec616dcf228109cb5395951aa07d86a0b7880;30720;ac75e828ad20d789c5b80cf9b2807d242223afad4ee72e79ef83e799f048813f;5;0xC000;30208;137;512;2;0;2;13;827600;639
4928f31e968366e2.dll;30208;fc502904eada02c96de6ee98f357aee694950f3809d6835d9511eeac77a5bcbb;30720;0cfd147e7c27c3a7f0361f0a4932026acf0994b5dbd16ed391b2ebcd0490b088;5;0xC000;30208;128;512;2;0;2;13;828239;639
494b138539a1e426.dll;40448;c2c9ddb72d20ec8592d5e1c5954ca55a7757d1b5ddb868e7a7d6d2b10bfe4d07;41472;5d97b1b72ec3d8ba55561c9a894709a08e3c83aff22a5a601d4d033bc7171d1c;5;0xE000;40448;1024;1024;15;0;15;26;828878;1278
494e24d410db270b.dll;30208;f5ff1e0ae2de4481d9689f5622fc76191c73f6445b260c8389a7cddf26f8fe17;30720;1aa9e27d62020732a5ce33e222e4debcade8f790c30a1673cb0f5ab35af05523;5;0xC000;30208;67;512;2;0;2;13;830156;639
495a7e1190f71707.dll;30720;b0c932e8c516a86b4953952c1721b87ec7042dd10b608909733cdabb490e47a1;31232;e0342ca9ffa1cd981187642b762163c89716d0dd7af6db3382b9171dd6853b98;5;0xC000;30720;320;512;3;0;3;14;830795;650
49615b2ad2d97ad0.dll;31744;f5f67e8aebf5f2de9b3086c1b22f691e38b35ff54122fd1b0ef9a6988758be9d;32256;a2979bc7bee9fe41bc45e9f45c418260bfc805c01ae52adccf949edaf771f4df;5;0xC000;31744;340;512;4;0;4;15;831445;660
496889754a69cf9d.dll;97792;6915eb880a93c5c629438a200eb5eda6ead82e26cbd19f3f0558cc2e32090e55;98304;8ac3bd5f9f01d5c79c555faac02a83b6ac57185d2a8845281d65b4c537287e47;5;0x1C000;97792;93;512;4;0;4;15;832105;661
497aec40fe32e257.dll;38400;f08dc355afa2d778892fe73b4129fd337add43f7a98c1c3b0b4d0657193d1e70;38912;ccf5168c0cc7393bb59e9ac4cc920c0a977d7ac2a01fae54e8fb017e3df3fdb0;5;0xD000;38400;143;512;6;0;6;17;832766;679
4987d3fbacac325f.dll;39936;0d6e58016d9ba8680c08210bbe92ec494d38f8b04f492e980e76aefffd40a199;41472;9cc6dd67f310d929afef4eacf1686f5da11c51b9beca1142a56f2b03207ab62b;5;0xE000;39936;1249;1536;13;0;13;24;833445;1773
499a3402b8373716.dll;31744;7f1252dd4cc4232b4022375098037a4a8b11f20d8d3d812c5508d53f9e80d31d;32256;9733e2db70a6795cc08bdd3ee3e34ef22efdf0422d45cef895f71e41ada984e8;5;0xC000;31744;139;512;2;1;2;13;835218;639
49a3ae9971212d8f.dll;31232;d9b39c7b2b60b968da65b0fd33538d3c60fd93f57ed8414df01299bea0e90bc0;31744;c1eb6ad6a8bb15b48659d7e1839ff357edaa1db2e7d182d73832e3ff69b26c29;5;0xC000;31232;314;512;4;0;4;15;835857;660
49c15f446bb505bf.dll;38400;1ebf28523b922eeef26aaec79a282dd788db61be88c99eddba96cb0623895cf4;38912;16ea72f8b980a5c0bceb41ce1e2decb538324c6755069add980edfa1f77b1269;5;0xD000;38400;248;512;3;0;3;14;836517;649
49c4f0c93ecc3301.dll;29696;c4460371a349791f72bbc9d397e241aecf5bd68ef8731f89e27d3a07a1de4991;30208;57be4613e3365cb426ef3cd48a802c860385a7de96613a68b6e5376ba376784f;5;0xC000;29696;109;512;1;0;1;12;837166;629
49c4f0c93ecc3302.dll;30208;06e371e6e3d24ee3fdf388a457511c6ce34acd9db6d510608af4ddfa887057bb;30720;23ec547bc1d2f79c0679c9bb577b5ce2bf4c76e3604626deaa6967f3e074b3c2;5;0xC000;30208;134;512;1;0;1;12;837795;629
49c4f0c93ecc3303.dll;29696;ce6a79a6b8c525481f6a24abc7f70146d5bc6442235c9d1347e8b71961cbd205;30208;46939017e4673498e66ffe546b1827588ba4a55beffce0203c400f45abdb1de9;5;0xC000;29696;73;512;1;0;1;12;838424;629
4a02e481615b0d4d.dll;30208;dbcfb579a996d2123a240a9cc312f69636bb234b8f65aa70a08ea7a881758f40;30720;cd2f29a6318a9502e42d6ee19042d2cc01b79097ecf3520c0eaac3d6c523a359;5;0xC000;30208;81;512;1;0;1;12;839053;629
4a02e481615b0d4e.dll;30720;1b202051b086a52917561e19aafb18d7a3258136fd02bcaee53ffbf6a2467670;31232;0bb3327d8fe050eacd8add537309909a84035cac6c311f4ff9524b5f9b9ae617;5;0xC000;30720;141;512;2;0;2;13;839682;639
4a02e481615b0d4f.dll;30208;d1cb69d21cc45ea466498b50ee0c4c6ffc31bd1bfca84253bb80fda248619137;30720;87fdeb28589546b6a9a634622663564041c49c524a5b5e2d077f468a5e3895c3;5;0xC000;30208;76;512;1;0;1;12;840321;629
4a05752edfc40119.dll;41472;a7cd124d875f6a02ee57cbe150935108928c64cbbdec110c783dea4e83898f9b;41984;479f4daf8ca501196a243cf2805fe720fcfc750103d7b8bfd46c31af45d3843c;5;0xE000;41472;412;512;8;0;8;19;840950;700
4a22c394ec5287c3.dll;32256;3fcdac0b45c350c622763c0d110afc8eb3ae2411465f1b6b6a6a8ddd6a9d7a2c;32768;90875be071980ed739a10b81b5720b5f5265733fb850f3e625a78109a3187764;5;0xC000;32256;265;512;3;0;3;14;841650;650
4a241eddb4531f34.dll;41472;53f04d07aa6accb147cb460f6f126df173e3abbc5aefb8fb6404d14e90fcb7f6;42496;785dfacf87926d10f33a0e68d62a75330e1e91cafee99b25564a5a70013e4518;5;0xE000;41472;774;1024;13;0;13;24;842300;1262
4a2fa8cca47b3528.dll;35840;6578ad273bf7c0ae4b41544c56766096f4793f981436174fbaf3166dd12d528d;36352;953c59e8c51f8b14555a7be76273d8da2aac3302009c114ea75a5df296a4325b;5;0xD000;35840;214;512;2;0;2;13;843562;639
4a3087acfb633a3f.dll;31232;51981885e35b207f33b1a9e9504a4f6ed0059347377b411e0bcd8580018959e8;31744;286914089d8df8bd5a2b61c53baaa662f0bb6eb5be5cfadaf4241eefddb53631;5;0xC000;31232;329;512;4;0;4;15;844201;660
4a3c798543957286.dll;31232;1bf8ef1be1ac7ade3a7edfd8c88118cae78ae2dd64ca20ba759b61e19d7e34d6;31744;6a270cd4ceb95b09280bdee2d9860746131f7e8cf6edc4daf4d054f5bf8eaf08;5;0xC000;31232;82;512;1;0;1;12;844861;629
4a40b0f8d541b4b5.dll;30208;d78fd42d7bac96ae920db8ce2a369166bd3318a574f9811b11e861889efc7d8c;30720;77ffccdf0fea345780d46502b70b8143c02e19fc4478e78619a2d8d6a103dc47;5;0xC000;30208;171;512;1;0;1;12;845490;629
4a69a8a6eb70fa67.dll;35328;545b01616912f2de4d436c71caa20770e8de02e2760cc2ed077e38b31f2d73a8;35840;0930aad83d569524f02e2a76a61c542cbf6731599dd19e26c0e764995a3fc6e4;5;0xD000;35328;19;512;1;0;1;12;846119;629
4a839d0f4e45171e.dll;30208;77feec5548a14e7225c51c4b265583c640e0279d4b258082b877a8d615a84f6a;30720;56b20e1e6bf4198ae5cb712fd93c4322056eb9dbb9aac54e6da3ca42558f7294;5;0xC000;30208;46;512;1;0;1;12;846748;629
4a90d4966226f83d.dll;28672;096c862340d6af4e793dab31855ceb562ef161bb95a7cca818e0bc96864bc0ce;29184;a852c89655aa818496362d6dc0eef364bf4e893f3388d06eae0ed62e66f1daf5;5;0xC000;28672;31;512;1;0;1;12;847377;629
4a9a9a0f5cf0b433.dll;28672;7c773cb5b8921b3918f378058b9a3281e5bac048947ab8bc697809c1983a8aca;29184;bb86b23bf3ae0b1a72b849c2874123f8dea921ab10e55f694ff0516b8997a370;5;0xC000;28672;48;512;2;0;2;13;848006;639
4a9cd061681d91fb.dll;28672;88101658b1d031b10a319471d6641133a8b0e75f36bd7b9a10ebf605b28c6bfd;29184;46cc442e894d1b0b39b5385f0299bca6b5dc767c2e1dc16a0e7d2a47d0ce19be;5;0xC000;28672;29;512;1;0;1;12;848645;629
4aa4c0986adbbbe2.dll;39424;499e52e472345c3ae0408b1fd210afaa31b72c86d74f0c48499a506d5664febc;39936;49b21728ffc4970cf6357a9257f7e263cba3975bf19efadf776bcf20206f62b7;5;0xE000;39424;266;512;6;1;6;17;849274;680
4aaf5a5d4ada72a7.dll;28672;76af7449fd5a10bf42703150374593adc0d93f5beee16476af4cffd360e0e628;29184;1836648b6fe9e15693ea0557727d6258ccc8b2f1bc9db7f654aaee2e9c81a879;5;0xC000;28672;33;512;1;0;1;12;849954;629
4ab4d08a54d7b2e5.dll;41472;bb73018f573242424e204f9e766501d861b9b9477a66207cb19a7e5863e67a37;41984;8215ab29e5ef62b50a25d6fe8a075f667d085980639a0651c42470e28a4bd01e;5;0xE000;41472;419;512;9;1;9;20;850583;710
4ac39357424cb705.dll;34816;071fafe62432775229da2ab3bcd7cb1aa5c5dc2dbc14b297fa10bbccbf32254c;35328;02b9b81cc8c4bf26840ab9611263a7562b02fa55374a4f1a0e06fe45c9211e62;5;0xD000;34816;63;512;2;0;2;13;851293;639
4ac7cb028be4e9a9.dll;34816;717e39e0918524d2a76e9b11aabe80f8e64ffe1e86b802feccaa525eb6f6d45b;35328;1c51ebd2f5316e209a0ea3552cab07051235f1ca6800179dfa0438b078dbf528;5;0xD000;34816;176;512;2;0;2;13;851932;639
4ad80d01391dbcb8.dll;31744;2b15e82883005b6acdc6aab67c4eb2d3b62bb98a2c62d4d2aa502904875f6a93;32256;fb7d9f4ca1f4c60467f83ce1494ad52c33f838dd789f6b539d0c214fc6f05344;5;0xC000;31744;127;512;2;0;2;13;852571;639
4adf51e63d17ca5d.dll;28672;8cd6730dc9d5dad566a1586c28a138a5b7fccec5844c9052fce7aae01bb36f7a;29184;b083e2ac1ad7cf1eb0342c9c992afa438077681d54f83838a07e26ed79a5233f;5;0xC000;28672;30;512;1;0;1;12;853210;629
4aea5feabffe4771.dll;32768;d4f3979210e38bc0ed2a5f4daeecd25b78d1afb1a74fe81fffb5ecbe8b99437b;33280;8972999435254cbbc2ecdf8dd026a754bbc00686444fe54eca39c3aebbc77a64;5;0xC000;32768;277;512;3;0;3;14;853839;650
4aee70f55e0812e5.dll;30720;686a0afc6b6fdf72885814254b77009f30f73b50c825718cc1e3b1863718d8bc;31232;f7a8cce1030a4c770c2fec0def975abbf1c9d2584b0cc408e95585c33fd55b8f;5;0xC000;30720;192;512;1;0;1;12;854489;629
4afb206564b21615.dll;38912;0f2a25174d1cc5929fc9081c7063bed6de2c011ea6bbcda8a3337506c5877821;39424;8838d4cdf7e83f56d9bdf7240fe4b07e16e7e19048b2ea895d81caec9116a6c8;5;0xE000;38912;382;512;6;0;6;17;855118;680
4b0c2be8c2c449df.dll;28672;349e2cd7bd17b0e87a5821594c34242ed5aa487cde3af66c70c1955a73ce7aea;29184;0cde2edf083d5fea79eea74ce7611d281d97cf29a9e0f424b3373d761d5a7ff7;5;0xC000;28672;34;512;1;0;1;12;855798;629
4b2b30953ecaeeae.dll;32256;8fc176fa0d2455f38806494f09f093cabfe743a663f0f92ffaeffadc19ccb601;32768;913145526f1197ba0ad2a0cf635ff32b0e255e733217106d987981623a94f273;5;0xC000;32256;346;512;6;0;6;17;856427;680
4b5dc1ef7f5fc100.dll;31744;da95946a74c13346793f026760260e962a5166c4afeb08b2c131c926cd8b743e;32256;2d60e39bb8ec17eeafa339003d214f567c2220ba42454ec1b220147bf575c96f;5;0xC000;31744;125;512;1;0;1;12;857107;629
4b5dc1ef7f5fc101.dll;31232;0c51361a34e1e8cea93f7cf2dfb72374679e34d23377c579409d0d1d8ce5f6d1;31744;b52d489fc639aa609332ed66fe37e5aeeaacb4d5875ee1cd71b772f626c37c9e;5;0xC000;31232;278;512;2;0;2;13;857736;640
4b5dc1ef7f5fc103.dll;31232;719f472b48701815b733cbf6de5ce87cdcc1d90e0643914a9485303dc3e1204e;31744;05a6caf62ffbc48fb9976abd7d8e37cbdee8385c233630c9b62752e9f21529a1;5;0xC000;31232;219;512;2;0;2;13;858376;639
4b6a53aecb09be3b.dll;29696;32029090bb107e42774e6a126858a7392912d57c61a031a139ced3cbbd847a13;30208;ce9da084507287b44b5c5b74108d80c1a2f3124ae5b65e6d648bc12160f7012b;5;0xC000;29696;12;512;1;1;1;12;859015;629
4b6e8d0fc2c7a818.dll;38400;8d83d84cabc669b1206e81355d8ff70e304929c52f4e338934b28045cdd0b686;38912;14bc32fc85ba0517e4ae53aa599c6cb8087dfc3823a027331b30009155155bf1;5;0xE000;38400;294;512;6;0;6;17;859644;680
4b7ff9c069b54e71.dll;38400;603a043eae27351ff970ae8f911158b99278a40516a8d0d8e95982ef27b3db5c;39936;da78256874b1ac41ddc012b1f449c67e7cdbd77f15afcdb4d82b2ebe98c1b87b;5;0xD000;38400;1138;1536;10;0;10;21;860324;1744
4b7ff9c069b54e72.dll;31744;b6936a97c35405f3a03c06ae148359e0b01dac0f22a311ebc1ef7a23ab54af0e;32256;c574b4c60d7576a8c5e91f629e8e58d4d336873c2a87c6cdff9e5324b1a5bfa8;5;0xC000;31744;135;512;2;0;2;13;862068;639
4b7ff9c069b54e73.dll;31744;98e706e8bb7a40592744aa0438f3fec5da79b550331088e1c138de831ff0df64;32256;b6e58e6bbba698fde3bf0671321b77aad793884f2c713e6bf11d0b8dc611be54;5;0xC000;31744;103;512;2;0;2;13;862707;639
4b7ff9c069b54e74.dll;31744;67baf9e6d4d220d319aace59e3c97c10a81ee0d00eb0ebb79231eb684b5b03f1;32256;50aaa94e30c7e0e870cb8b11e1462e58d4c818eb254c4ad5ae5d9c8df93dcc13;5;0xC000;31744;61;512;1;0;1;12;863346;629
4b7ff9c069b54e75.dll;31744;1ef7e1488d2ef3c13d3a65b53d9c43a0c5c43db48a766e06ddf120e9d86ba76c;32256;4f2148c1cb750116a52e6584b537a64f98d83b824794ef6882e60f6dddaf85f3;5;0xC000;31744;101;512;2;0;2;13;863975;639
4b7ffa2decb6a4c1.dll;34304;a418c400629481e4340b763c2170902a531e45ef6075328f3d13c51c4b789280;34816;3a8667fde2f3aefbf0690b9a49aca09768fb573e5aa015d80af7d3871e21dc12;5;0xD000;34304;327;512;7;0;7;18;864614;690
4b8b4b2c3ebed93a.dll;31744;a18a86a24446b8a6f49569cbd333d3d9e2a0b79a7870edb8cb8d0231493613bf;32256;8ab84ef578e705b8ee3183b5bae72be1df2a24de774a5faa6fe7e2eb3941138f;5;0xC000;31744;173;512;4;0;4;15;865304;659
4b8f6bd4a07b43f1.dll;30208;58dedaa70ccb2af99fb8aae93bd0e92d76dcc1b89212464a213d4fedbe316baa;30720;8e73725719fe6e48f628d58e11be0ec37cc577709c96345e9143d026a87fa2c9;5;0xC000;30208;63;512;1;0;1;12;865963;629
4ba8786c13591375.dll;33280;93855167f555bbb33c2faa5f311b08a0b2a11bb7a043d6042247efeb8647ddee;33792;c8b0634c1ea01e5e3255fcb8f297424a9b55ee904fbcd65243042aa38fec415c;5;0xC000;33280;90;512;1;0;1;12;866592;629
4bb5317bd4d58b68.dll;29696;80f4fca2b67ef9beb8cc2d6b793f7d7e58b8ef0637a807819e89f1a6b2ece2a0;30208;0506d71b05d1a936ca106ee618adc23bb6f9cad49a1c0838ddbc76d501b8da27;5;0xC000;29696;70;512;1;0;1;12;867221;629
4bbb8bbbe0e5de28.dll;29184;00707911d8864ce78c42934f50ce8b91bbac86252a1ff1552c456c8b17ba6d5d;29696;b023237c3f8078c1b65cc606819fa5b6df9d912c8d035dc8e398126cdd7821a2;5;0xC000;29184;158;512;2;0;2;13;867850;639
4bc466198215cd83.dll;32256;57ea6b9eceb3adad0a6697d252b03a2e99e93cbea57754bd8c79731f4da93cfe;32768;b1174cf08d729b036062235d55317d71a996cd1945c132dde53e0f698e439f17;5;0xC000;32256;15;512;1;0;1;12;868489;629
4bcea8a8dc8b323e.dll;38400;39a668d4677d2d5424dfef52a99f949da922833f56e12a248aad74d44aabafc6;39424;a25543c6251a6ff62a381b2b13522c7de4145d658d5a612c6bd0fc63331f2119;5;0xD000;38400;731;1024;10;0;10;21;869118;1232
4bf2fcd889ca671d.dll;30720;b41792a8631466b0fae5c70f815a96bef69c575e2e3f28428fa9d4cdd5f9b55b;31232;76b43012db3987d6a21e9d139cfe9f45f6a27a194e9563985e131238d85c4bf9;5;0xC000;30720;164;512;2;0;2;13;870350;639
4c00b2d6c337b345.dll;30208;25744fade38402b5f1d026ea777b5fb6b77a7cf991a0dca87efe56abd9dda79e;30720;33a2c8eb47165886dbde48d66cb43b1192b07b51808937be3b09e067e5e14cac;5;0xC000;30208;34;512;1;0;1;12;870989;629
4c084fdca86ab391.dll;32256;ba37d7b5f1a65e74e914d7240dc2d4b4703a071323703e6668db4f22f482793b;32768;2bde9723936f7191f4e70be232aca47f098e3cf1d8f0fcb1b76643056519511b;5;0xC000;32256;33;512;1;0;1;12;871618;629
4c0f8582c16e9647.dll;30208;c0ad7550d56394dac9e86044112207fe8ea92d1d0d48fc4109aa3185dac86025;30720;637737c2eb04ce0f093c1bcaf0c92d39df3668a7964593a2ee20e8d5e0894192;5;0xC000;30208;91;512;1;0;1;12;872247;629
4c106eaaa9d9e323.dll;33280;075b8622d7543667548f9242a7ff0bb238a4e130390f525903221f36df7660a3;33792;6d88636fe95db9ef401ad4d64f55824c09c62b20761d3cc7dd6f47d15f40896c;5;0xC000;33280;85;512;4;0;4;15;872876;659
4c112065b2c1eafa.dll;41984;bcb32e9261671d5b2bb2d0f03c04ccb80efac6c879ff18baf78083292f9b8195;42496;07b153f57e13fc231c518240466ef06eec7c22dd91b34f2be0c8cba7b729759b;5;0xE000;41984;164;512;6;0;6;17;873535;679
4c1cd165d2e91e40.dll;31232;4d3659be44ae76882b16378bb7593c98f57ecf1b0b23e9ed020b7b7822d645c2;31744;c910aec86bef027afeea94937c0a9f4489ecade978d21b386bdf6f896dd91e53;5;0xC000;31232;92;512;1;0;1;12;874214;629
4c2cac3f3f900753.dll;46592;307ce68bd607d8f2b832abf71623918c81777a8c2d6094f82190d674561f0909;47104;99024f93b46e1e96ed170ebfd3790f3b1d04040ea65174ba23bce7bacf618378;5;0xF000;46592;506;512;9;0;9;20;874843;711
4c31691d6b201dfd.dll;38400;0c486016179c7688e6c0e03a6c199eee19800f257cc916c6df7c8037a25674ca;39424;a4ee770906c9dbc28017a754e6efdddbe4f3ffe9b97b90adbdfe50f1a64d9479;5;0xD000;38400;942;1024;12;0;12;23;875554;1250
4c31691d6f240ee4.dll;34816;7d963569bbf3f2f49b3d15c405a229d3cac0bd6b8fbeb4d272c25f51c12064b3;35840;1f931db49b884605a669f80f43536045f8d44b8c7cc4ef6acf86a79035a84cdc;5;0xD000;34816;702;1024;7;0;7;18;876804;1202
4c3ac92d6cb792f3.dll;30720;4d6a45114b75a8093f03eb7112455bd0b8c506af38a5a5744ff4bcacf17347dd;31232;6a4a26209cf5ec7036cd218d853d325f43bb92986cb9359c82830af0649e1d6b;5;0xC000;30720;52;512;1;0;1;12;878006;629
4c4227564fdf0e09.dll;31232;19966a2c43dc44c737daffa72f2cad391fc5449b0fc97c6dab9bedc3fb525e48;31744;34bb80aab41a230bf90d60246fc9f7336014fc0776d100eca04d8273740f0561;5;0xC000;31232;194;512;2;0;2;13;878635;639
4c5cb1a5d7172033.dll;38912;3f2d0b7a23dcbda439ca14fb90ed3fa8e6f9fbacf13dfab883582f365a6f1de5;39424;41775e367c70737b764731f3cd946385ab323e4c7b26ca7caba3e1190191af63;5;0xE000;38912;300;512;7;0;7;18;879274;690
4c8bc903663503ea.dll;30720;d828c0608912779fb39cbf9b0e2838804e7d7ec3481e5f04d563924421687a92;31232;3ecbcdd838b0e9e3f90c02689244c4561bb4aeaf0f248424f1f0fcde99b5d040;5;0xC000;30720;222;512;3;0;3;14;879964;649
4c9649f939d69ba2.dll;30208;ef113a34a51006dd5056a8141bdc49beb4511102a8176f32e28e6512ee58b7b0;30720;fe9f18702010136b7738f39c9b8a7beef3f98da4413685ec6172d0b0e26d7bb4;5;0xC000;30208;48;512;1;0;1;12;880613;629
4c9ef1dc63fb6693.dll;30208;43de61fd631862c546ec6517dd5062fe52dc30fc216b61ea6bc11a4d673ea9b7;30720;b9f63879d3f1f862f7bda1985ebb02590d8faef80648a427bad2aef8f6b81d22;5;0xC000;30208;60;512;2;0;2;13;881242;639
4ca115dba62eaed6.dll;30720;c872ad0a028efb887208f274e97c9175f69fa45fe702d5476df4245ed7e185da;31232;96321aa31d923e1e2a98f0857aa2f71508bf9e248af387623d89a973ad348db2;5;0xC000;30720;103;512;1;0;1;12;881881;629
4ca8b86ea9087877.dll;37376;cb31877b6eafdb577d1a5aa442b0285fe471f48416e8fb0a38323e34e54c2fe0;37888;e31ea6de82ea776f1d1b73784a6407e2a7ebf32c284198bdf79c18f44bc9281a;5;0xD000;37376;39;512;2;0;2;13;882510;639
4cbbc6cdd650ab4d.dll;36352;f9af18d817a437cbbef700ba0134e0bae17b2e20b184ef963bb2f4e6d79c3a74;36864;210528b1abda826fe980ffe3d8534b5bfc54ffffc6517ee2e121909f155fb015;5;0xD000;36352;173;512;3;0;3;14;883149;649
4cbeb87da6146066.dll;32256;66ff53be00a5477ace811a3301b372fa5580a3253598bafb78f466245cf43937;32768;5daaffd00d441db61d1ac8cf429ab02d9402d4125337ad9dec5a5c605e5276d0;5;0xC000;32256;141;512;2;0;2;13;883798;639
4cdd222352336853.dll;215040;7560768a19f3eb01feb2840fe31b34e5527c6dc1390e01b70927f68e9e9ab78d;215552;91e9e8ef68bdc527d8aef15f0d69eeae57bbfdce91c3e6628e5e3fd4f62917c1;5;0x38000;215040;123;512;3;0;3;14;884437;651
4ce42078f9408822.dll;32256;cc180653f48580a708bc550629bd013f4df73b3b99d75a5eac0facd3fa59eed0;32768;f4c53f99cf82f1ecb2a2de1d10c32dcc41739775bf05be71e01d50de8745fcdb;5;0xC000;32256;245;512;4;0;4;15;885088;659
4d0f5870647119ad.dll;30208;dd655671b5dead7c68d7e6140d68b0c0f754fd9913d5a7bf641622163f3e005f;30720;d58b476ad9ee8d9eed78e6c4333012b8a7a23464a7856c1fdc755219bbbd8fec;5;0xC000;30208;72;512;1;0;1;12;885747;629
4d12dc0737f5a195.dll;28672;e1fb4ad504bb78122b280a31c81065932f7782d34371fd1d2cadb2cbe9d6228f;29184;a2ae2476a3100362db3d0c923198804d39a1c1bf78ca3ab7730f7597d692edce;5;0xC000;28672;26;512;1;0;1;12;886376;629
4d13944aedda3f02.dll;35840;a5d06879d8f12c2d189917c4b01d1739ff0ae86ece6180ed8647907f161fb41d;36352;26785d9ec2a3cd3d9fa6203f223c0793ec49215774c2c7f82345b652a209060c;5;0xD000;35840;17;512;1;0;1;12;887005;629
4d13981acfaf7660.dll;34304;7b3d42577b2a9b012523477d9aa4091483e332ba3db0678b0b3aacf2063bb504;34816;ce47ee4ea5fb49684863b610ac82294266c43f679b4442f3f9c4d022f7e0d36c;5;0xD000;34304;112;512;2;0;2;13;887634;639
4d208f00b90a4f69.dll;29696;edf2b4ed504075d216be6da204ac442e4f352dece45fd88aec60224df924fc1e;30208;43b90a81a60db0cf5627fdae7b049e308af28e389f40b95f3852548cfc551db2;5;0xC000;29696;32;512;1;0;1;12;888273;629
4d21b35ced0e9471.dll;30208;eb008331cb94634321ada7ce3612b317d9851f67dbb6ca718ea0203e11b10519;30720;5f563a2156cf35d50ee7af8eecfe4d1a9428b2f4cd95b64e1e3999bc9866df66;5;0xC000;30208;86;512;1;0;1;12;888902;629
4d357fd17697b4e6.dll;38400;916f8b2c91a17096b4c839237f506898ea6c350cab61ec30edcdc8c01350f13b;39424;20d757f300a1b2c0be0f9ec8caeacb015c6d99e9eb0fda85798189636c7e03a6;5;0xD000;38400;955;1024;10;0;10;21;889531;1232
4d39580398c5d4c5.dll;29184;fcf354d70dd6853e49f860adb316e4c50dbb5355d25323f7e6a3b0833245ea88;29696;21c9e25b668581f1c1477108d2cfa9b2881ccaaeecbdfc557abc272c6ccb0db2;5;0xC000;29184;140;512;2;0;2;13;890763;639
4d574a05867b928b.dll;32256;fd1153df9288ab46091d58dc1bc188b452d76e231df6d2378aad5f903f009c66;32768;1497949bacbb6b95969e82dd59abf74b41d92184b5b6a2095f64ab0a74885294;5;0xC000;32256;70;512;1;0;1;12;891402;629
4d6ab3d8cdaf6454.dll;30208;aa78a54158de46add813c1c0004ac25b3535dd94142302477845e82d2ce9ad4e;30720;057f0a4272ff24ce09d67bbc557dbafe7e6eaa55f5ef135baffea3e42f592722;5;0xC000;30208;79;512;1;0;1;12;892031;629
4d7c266ad1b73e6d.dll;32256;e4e6843167296c9399a08eefb472b7569d1d797e8a2f3fd8b25581e0d4a7e56a;32768;1fa9b4f309093b05970d448c59f27897c7222c13ad99f9e366e72a4b0b98feae;5;0xC000;32256;46;512;1;0;1;12;892660;629
4d8e35234b475aa4.dll;30208;b9f948ee6643daa406a7be64409cff04068369539550df7477b278202bbbee00;30720;3d9c95d5e8c96968d4e0ac6e7a61124c103580a144d40602bd9962c83430eae4;5;0xC000;30208;101;512;2;0;2;13;893289;639
4d9fd86c62dbcb7b.dll;30208;3ebf0a23d17197289cba9ce9a194d34d6ecdd66543db42189e52efc3de0e6bdc;30720;4711b39a8992872e245ed75dac1faadad458720bfd6c7b827f16e2dea1b7514c;5;0xC000;30208;52;512;2;0;2;13;893928;639
4dc3b03e3cc19034.dll;37888;2117e40ea2d7111883b940a634b07efafb958a8246f8072d12a107f92666c476;38400;70bbaeb9b4fd201341a8a06e71f5b12e85ea663c1eb0d25e5b6a040034f48845;5;0xD000;37888;348;512;4;0;4;15;894567;660
4dea7c3c7b477b6a.dll;30720;e7ee6ed7ff50b41eb8c06e323a34d387b899ee894e79e46e476ca6ce919dfc4c;31232;dcd12192e86838217ab31993e0cbc6363a9ba5bb6a78e2f8664122abe6f8b649;5;0xC000;30720;83;512;1;0;1;12;895227;629
4df05aba784bdeb0.dll;46080;9e29e08a8f2f82f8b1def100f2392d090c8491cdfe41ec29b818165b640a55d4;47104;01f96a9229f6332b665bb0d0aa143177bb8eac513731f5cb63ec58db28dab23c;5;0xF000;46080;643;1024;14;0;14;25;895856;1273
4e0736605677690d.dll;34304;9774518b7d0c3b8a00a82a6389ef932b31ad82a0e0f2f8636e95de5bf73ab1d5;34816;e9057ce8b3230e3b6070a7ea1017b86970c0fe595cebb0f06041302aa91e1b0d;5;0xD000;34304;54;512;2;0;2;13;897129;639
4e1f42c130ae502f.dll;36864;a9c64ae741b567e8b1ff48301754d11c504c5613601a1413585c667d2717eda1;37376;4101e209ea1e5f139b22dd588ac477de9d7cd951cab281de36a7d2cc436d3e42;5;0xD000;36864;134;512;3;0;3;14;897768;649
4e3a37755352f9b1.dll;28672;f1d7a73022d327384578e762b6dd9b32a2bca3e8e1c33fa960fdd8a3164864a3;29184;a4abaee8747c583e27d8e5110a1ae8ccfe46b6754ab41c894790710e1d2ac988;5;0xC000;28672;43;512;1;0;1;12;898417;629
4e4b3abb76a4122e.dll;30720;080a33be6e41781e8f6e1bb8a5041d9cb002a49413a077597437120ac58518f8;31232;dcf5c306f507259166216c2e92866fe709aed03b0fd89082ef2ceabfbbf90fe4;5;0xC000;30720;190;512;2;0;2;13;899046;639
4e61c634628827e9.dll;40448;4cc3ddb756a40d09dd26e72be9ef55f57f56d6cf8bca285eb353d155a2a7e5aa;40960;e22c4bb53ee2b69adac82bcc2fc4950cfdae778d04c75b0402cf7d79a4b123fd;5;0xE000;40448;440;512;3;0;3;14;899685;650
4e80761417acb1dd.dll;51200;1cc5b1c8f65946794135cfd66db227aa49179028e793707d27a66c5b48d21fd1;53760;ed6446dfcb646c0630a52fa6e8ff293591e960df42e923c67dac0e1466db9a12;5;0x10000;51200;2089;2560;25;0;25;36;900335;2917
4e84a0e3d39edf68.dll;28672;1821a8be7d99a0a85b587f793d77de991580f9fb481837245fb30e8eefeea619;29184;6ed9cf70d4b6e08ccd615e99520298a2e9f2829e03231bdd22c3e30f3f32ce0d;5;0xC000;28672;60;512;2;0;2;13;903252;639
4e8b04f5134d44f0.dll;35840;6ae3d52c87b638e5a4190c0097cf858412afd55e7aab790882cf52f3c940e4cb;36352;8484be47bb6bde09a622ca9129810387df3726b5d59c55aaf4bf47bbda7b75ca;5;0xD000;35840;83;512;3;0;3;14;903891;649
4e9370918b4f7d99.dll;30208;2e9b8cd85c717e102e38351bf03f55737929a170926e93967ecc213568f2ab4e;30720;fb5e1d112469eb3b275c37c2927ca76ac276369510b41b93e623746ad54f0328;5;0xC000;30208;19;512;1;0;1;12;904540;629
4edb14a18632a023.dll;32256;9c9d9e41aa3d278f01e2989b3edf514bf07c031dcef8aff73e1cc0a784f6df97;32768;c68a28c7b6d8bf6d585b5c05e6902b15db24e34751dc84cb9236f568c4a9b756;5;0xC000;32256;87;512;2;0;2;13;905169;639
4edc9623c8c79d83.dll;34816;e3199e61bdfef4dcd8ee33638672be69c98d966e194de6e426a3985168c44508;35328;88cd5da2f31ffb1cfa4b14038929f222e96a0a895d0c98e9bbb280fd79d35191;5;0xD000;34816;50;512;2;0;2;13;905808;639
4eea087843d81a95.dll;29184;54b38892c59376a1a981379b0772ab2cb51a290c468a15b2e00c3b6bb483b908;29696;73b27afb0e70e7a68835d6868d01ac4dfd07efecfb92756fe11294e263353b6f;5;0xC000;29184;110;512;2;0;2;13;906447;639
4ef27a8413837ded.dll;32256;1a6e4eafe5cfc73a741bbe9e991210d8f0c32427775484aa59fe0379851dd694;32768;acd4ad06a62246bd95b520fa62acfc5b0a2df3f00f52540b5b9fa7de06a73129;5;0xC000;32256;34;512;1;0;1;12;907086;629
4ef286eb170a1ed7.dll;32256;f14c98cea513d6a387f5b89e9aca7bcfc772e09337dc0213548b23b45f8ac892;32768;e25ca32b472684b83000f58f54fb0d07807181d66b25397a810fffeded3ada50;5;0xC000;32256;44;512;1;0;1;12;907715;629
4f1ae4956a2ee501.dll;339968;1c7b6896ffd5f3cce8c65ac779fd8fc6de1ea56cd4a495f86fd964d99f7d4f90;340480;a398b2cd1f8fe87a9f29b1b84738f58bd26f4cd9e3faecbb23781840516366c2;5;0x57000;339968;123;512;4;0;4;15;908344;665
4f2d54eb43b98906.dll;28672;c4df46f0a6e1bc27bb552c83faae70c046c70d2ea8e5bf83379a3120c29a426a;29184;2806eb132fbb1a543a4171bbf3b307b2913b8b64c9f0a04f6a02f64cfa74c34b;5;0xC000;28672;60;512;1;0;1;12;909009;629
4f3c0f8bd0697618.dll;31232;c1fa02fbf9493686dd2bb0dc2f26f8cf9e313e8156bd485091dac2eec30b5804;31744;2f6e6289615032871710ee6ee0f90069d776317175e75b9ed30c1cac779e03b4;5;0xC000;31232;270;512;4;0;4;15;909638;660
4f409089b9b2ceb9.dll;30208;afb6254e1bac3c4c7c639a813227744cf0bbf63324ae136499608b926552d5d6;30720;b2a8f0ed2a472950c99ba978e112de2777725080471bbca20573bfbbce9e0970;5;0xC000;30208;65;512;1;0;1;12;910298;629
4f409089b9b2ceba.dll;30720;26dbd88a3911773f5cf639d530242d641ca9838124d17cbb765b97ee7e7c2ae7;31232;7531cac12a3a51e40fd30ad94b6809ac890c26a4e8cf26923c78882da7cbf8b9;5;0xC000;30720;69;512;2;0;2;13;910927;639
4f409089b9b2cebb.dll;30208;1a6020feac6779d4036b6ed50261d2e3f224de3ca8b97f527e69897d2c203ee9;30720;a9f7378fb1d21b866ea37df661959e8393021c1cba2320e13cbc4d81905ea2bc;5;0xC000;30208;43;512;1;0;1;12;911566;629
4f479d7dc344c502.dll;36864;ede9bb37dd1dbef66bee34f25529a27ab9d3aa46a12cbf234ecf27f32e7a7520;37376;4fcd7b0b5c6fc2ed74ed0f916602c45cf67ce9f4c643f5395ba256a8b7fb930d;5;0xD000;36864;52;512;2;0;2;13;912195;639
4f6a41bb2110a76f.dll;31232;cadd65dba7cf706c0a67577eefb3117164c7ace342aba3fe26536d19a05ae62a;31744;409b76fea05e0632a4ab1f418a2420a794f8c781b298cfa5363a6ec4ca6754fe;5;0xC000;31232;125;512;1;0;1;12;912834;629
4f72ac1bc00d3f57.dll;32256;6eec800f7d13cf538a69a6b8760b8f9b0ace3de9becf8b4e67e0f84f987a0767;32768;c7f6b478b786f432e43ed7c428e01a7429f4eb8ef3fcafa1caf9fcc282764725;5;0xC000;32256;268;512;4;0;4;15;913463;660
4f7a3c316b377d03.dll;41984;0c9247e7590c2824a6abeaa474aa8dc12249d3f03586808c67ff6c55204bf8c4;42496;4ed8c639d06b1746a1e5030bcebef9903901391911343659dbbf7df030f8021b;5;0xE000;41984;165;512;5;0;5;16;914123;669
4fa00d01d5e781eb.dll;37376;6879612facffed4275a9cf50c86aaded362ba6690314f80e677d31d917b6156d;37888;1fbaddc7acba2ca27ae53690100735dc1bb16a51121fdcf2c5c520bd35bca634;5;0xD000;37376;147;512;3;0;3;14;914792;649
4fa46b667e828aeb.dll;38400;35efb1ea3972687374b78e47e49720333fdf24cf381aa6a6bfa84da999343c3c;38912;96703786b287d5748698476d8c1d000803e400117e618b499605b03f1a612291;5;0xD000;38400;490;512;8;0;8;19;915441;700
4fad30be425b05d0.dll;33792;efc7b7b59fa982316af252e5a2f9d9d00ed303b20ad2bb7a1ec8395fed532c14;34304;963760cfaedff7641c217b2e7a13b46f5cd5e73e7787868bff33636503b30248;5;0xC000;33792;467;512;4;0;4;15;916141;660
4fe3b18cd6131a09.dll;31232;358fc70889927a827e1d274cfbd933bdc632a3c9c959e5a220d085fa0743cbeb;31744;c24ee57ca38c07616159afb5489371a5ad86447c40c08b5b006adb95635d76cf;5;0xC000;31232;185;512;3;0;3;14;916801;649
4fe4b620452c9129.dll;31744;2867232d3e4e7bde89adcd355c1802395dc305414f05e45c541262bd562f196d;32256;d28d4de783a747f1f3c20ff32f9c55ac16710d84863bfd77ccc900d4829faa35;5;0xC000;31744;155;512;4;0;4;15;917450;659
4fe94d7bac817a33.dll;28672;83aae467c057ea2a1507240d93fb7e2209161cdadf73a25ef111adaf012393f0;29184;e4d26b3383d98edd2db4e2db259cdec51dd4b145d6906d42dd50c364f40a1d5a;5;0xC000;28672;75;512;1;0;1;12;918109;629
4fea878606262e6d.dll;36352;5dafcf09fadde399040b3c65a4a61f5af1d78aeb23932bc1788008c877105786;36864;57dd0535a4abb515a0d63b45cc133de889f224eb09b6a4f86c1884d5e43442ec;5;0xD000;36352;246;512;3;0;3;14;918738;649
4fedd6ef31e853f1.dll;34816;4851f620fe4fe239743e0921ceb3bffb7367532deaf70dbb5efb123c4da46a21;35328;4bf64b5e38bab09d1045fd727d4c64f03127b5063ab2dce1f4cb5119073854e9;5;0xD000;34816;100;512;2;0;2;13;919387;639
4ff40dbb7cd72978.dll;35840;3aa286113adfd931a268493a1182fb5fd8e16bfa3c4c62ffc4400fb96a5ec886;36352;c8d83f53756f43fac8897a80fe5052f67f1b6fdcd5d9fd955c7d8250b6879f92;5;0xD000;35840;19;512;1;0;1;12;920026;629
50043b40634cc2f3.dll;32256;d6c30510b0f35b7716cf7b996c86e5ccbf73df87fcde38faffee1d4a8f9ee40a;32768;a577a3fe5ca85c23df5c260c97c2932168c3a512613f1fd46c9e21392d2d415b;5;0xC000;32256;26;512;1;0;1;12;920655;629
5016c38048517e3b.dll;32256;14850f4ca9f7ac29dde45ee6420a9e6aa35636fcb5f014a5a93537d4c303bdb7;32768;a86a8bb6ca79fc3ecc3209046674a0cb585617ab6807cc54601a75249c1b91e6;5;0xC000;32256;59;512;1;0;1;12;921284;629
501f64a18319d05d.dll;28672;0fadcb6f36bf5dd0d6b700f4576178daa4429c6f046c7fbdd3df05aa58589abb;29184;462bc7121bde486c7f7daa1174089d843734774311790179b361b5f894585f26;5;0xC000;28672;43;512;1;0;1;12;921913;629
50a1c4ef95031b8a.dll;31232;422f6dc8a52f0db52479eb2f31ab9a5d2e644b290586a48a9cac8b7a75fbbc32;31744;1e45779b379f9a6eaebfcf670528e717de1190d3bc2bab9e55a12668d0959b6a;5;0xC000;31232;316;512;3;0;3;14;922542;650
50a78be8bec346d1.dll;30208;80447fcdc10b1e9e414d7033368c149efa5c8d00c779cccaf1b5b0389c41bfe2;30720;94fa6fff20b1ba6debe30aa14b466683db9f2a325c37149bab526298f0de23a3;5;0xC000;30208;40;512;1;0;1;12;923192;629
50d092e28c4876b9.dll;30720;ecdfca652a590a47ee881cb1b86f00efefb912bc817de058a35f99ad18f98d00;31232;0b56852dddb5006269b158cea853ba0103ef1587c027784373c87af5258dc79e;5;0xC000;30720;241;512;2;0;2;13;923821;639
50d092e28c4876ba.dll;30720;621fa73e8e7f33eeaa0afea9004e8e07bde576f789a066584377dafca6d39deb;31232;65053d38acc86f4204cb99504d0c557d5075abee7f5ccfa0e21b59415c7b3af8;5;0xC000;30720;243;512;2;0;2;13;924460;639
50d092e28c4876bb.dll;30720;b65d014c0bd5930689be9cdcdfd5f7e06ed1b16c1a84fe01af7da8e465f54ef9;31232;e8abb28e8270b7ce6d74924d9d3020030240003cf14d818c39bf16b036adbf12;5;0xC000;30720;200;512;1;0;1;12;925099;629
50dae90e14cb50ae.dll;32768;cd17c2bcd6e56528e4d706ead68ba89d76547951836f652f324152f9d1435c1a;33280;19679d0ceb25c8f28c247a99cc8dd64766939c2856c7b200c83bf75f22ec9bad;5;0xC000;32768;111;512;4;0;4;15;925728;659
50ddd3f307401f1d.dll;30208;5563b6f114fe92ec7969bdde902c0792addf9cc8e53ead5cbf58057207587db6;30720;5b36b3e137b950680d921cd09233273f5df23625a56ae06800157245977e9dfe;5;0xC000;30208;85;512;2;0;2;13;926387;639
5110a8d00a5963c1.dll;114688;d5a33bca1e9c7ace885a11d77d197a5f3cbeec581a289bc8e1dd5f89ba0174f1;115200;0f5ea4178907dc469476bcaecb7c4f3c66dcada5aaee65b81ecfc9b7d23abca8;5;0x1F000;114688;76;512;2;0;2;13;927026;644
5158313f9592f116.dll;30208;c12df90c4d3a5e38cbd60258eda113a0aef1f1313813be8fe4573006bde0f36f;30720;8e1b6217b901c61cbb5145cc0c66916a291a607308a22145fd93c24bf27e601d;5;0xC000;30208;88;512;1;0;1;12;927670;629
5175fc8eda9473ed.dll;31232;05ca36da45d980de3648bb53fdc5880a74a7d8ef28b311a3d97588cc5e926942;31744;8055827de50dbc256e5e327b7b931f0ef74e5a49627896b8b023e1835adcdfd6;5;0xC000;31232;69;512;1;0;1;12;928299;629
5177fe91e7f1bb5c.dll;30720;64ee1ea16cd4d49760d97b5ba2b8da1ce4a844eaa7f726f5cc78b6158716c73f;31232;fc8b0fb1d9db1c547b1f28f98fb5f4ad629dc068e5b307e3b1099661694f97ab;5;0xC000;30720;371;512;4;0;4;15;928928;660
517cea214a42d941.dll;29696;225bd3dc5f1ddd5920dcf989f51e90af100918880d2c96b9c0e20bc4365065cf;30208;eb9330cd749e8fa75cb3fc8313fa699e5c48d80270c4ed8b14bbaf5bf125cce9;5;0xC000;29696;32;512;1;0;1;12;929588;629
517d91c0d9dcdc69.dll;45056;296940f049c13b49505d4f1c7bffc63e0435db5be23f9b07df5802cc5253fe9e;46080;98aee72e21ccd0d56276c1c2136f9f982d9b34342a3b15c711d4a103e6059c72;5;0xF000;45056;749;1024;10;0;10;21;930217;1233
518095970b7de8fc.dll;31744;b8fc8d6164c462067cdf2ec05b4ca967c8521b5eb13a3445542ad27ac39d3a7c;32256;39dd9717a21d258f3b5d836bec2f86df3b7a66341a753c0fd2c2c03690281594;5;0xC000;31744;196;512;2;0;2;13;931450;639
51bbad648eecf078.dll;30208;3b27216ea0a22d508199affbb209a70f0304a827d0fe7b2639d0f5a807551e12;30720;773df20a1c8eff232f329669f2835280e9cb7ba5a26e765747aa158c43ec24d5;5;0xC000;30208;66;512;1;0;1;12;932089;629
51c6c74aa0da940d.dll;36864;cd6f201379ac4e095242629776057cf9dc9d62fb5a0ad4529622ca5f08aaf0e0;37376;90e92dd8682dc0872cf676818f745b600c12e5ce7bceb9ad4fd7241faade8ecc;5;0xD000;36864;154;512;3;0;3;14;932718;649
51d380181f8e5e78.dll;31232;71062cf3019222d588c4a2c6d57007c99e4d2492b99653e244c43602cf5972bc;31744;a60e8b98575d9f9512c7cfd8697d4eb3bb2f380dbdc315147485a213c5825138;5;0xC000;31232;120;512;1;0;1;12;933367;629
520fcd9f92b3b377.dll;30208;c9012700f9fa9b0ef29ee974dafaaa4f8cb52338df20bf2e254e37d826068652;30720;1e53cfb5b12d188d076746bde5ccdd6566f37d64d8e2268a31dadf156204e1eb;5;0xC000;30208;49;512;1;0;1;12;933996;629
522e0016d8d55ad8.dll;56320;b71461ce5a0ab235c66c7d930b246e8bb09840cce7575b23db1708e56895b685;57344;abb15803bc74dddbdd974be98a72e195de962bb29aa537e4109820547792b993;5;0x11000;56320;803;1024;25;0;25;36;934625;1383
52417864bceabfc7.dll;45056;12d54a067258dc3387693c8305c5b751fedb2da2ca6f5f338b48786ab84dd50c;45568;0f68d75e430eddcf498c7130508a4b8624ae09c5d720d3147487b75140f30b0f;5;0xF000;45056;194;512;4;0;4;15;936008;660
5243481595172a5e.dll;35840;3fe8b706c1c51292bc154e831a3273d81f1af55815b1b2be9f55132abc001df5;36352;d073c4435b5074fb40a5c86f0a8e0978a991240381f1bb6dc9602bbb9f9e9709;5;0xD000;35840;239;512;4;0;4;15;936668;659
526478e857e7aeae.dll;42496;af972e78aeb5cf551719354b43a00c1ddf12753b10b4bda73c85dc1862a7e38b;43008;7892ec396849a8bddb4780abf6d3793c5da3e6f58750d2686acdaaa4464a09cd;5;0xE000;42496;204;512;10;0;10;21;937327;719
5295ab9cb7daad4b.dll;30208;4943f2ebba8002582d69190a3844fe4a8fbefb44d247a829d5ff18f3bb8b2e59;30720;9f1d7e50d98bf40cdcb45717048e92f873ffde64144ff9f976fd57b446f10a0f;5;0xC000;30208;52;512;1;0;1;12;938046;629
52a4513f75e0d385.dll;31232;51ca9627afb300e1d6c51a2e5e78af83c0dedb485bf14efe3406747e6e04d002;31744;7fe537e6a448f0ef9ca6639276d8bc2254fea96f3cc3511fb55b403ff2605031;5;0xC000;31232;443;512;4;0;4;15;938675;660
52a5db5ced67cbb9.dll;33792;4cbbb1d2e0ea11477d73cb4ef62fce9e792c0998eed11914e91006b2a3fa1378;34304;7c5ca23462f4cfc83a3ce257bf45e444826eb5d995b18e45fdcb97b93b966aab;5;0xD000;33792;50;512;1;0;1;12;939335;629
52b2f3d83ac9802f.dll;36352;f70dc5670198ab7b0191c1e8523d97f7f0a30377f0df529aba20f867f5156f10;36864;2c563b5d13006e490d721e690a8d0ca4624211bc1c13a771d3f9960674327bcf;5;0xD000;36352;90;512;3;0;3;14;939964;649
52cbd7d9f6b8dcd0.dll;30208;318ab57ee4d202af4bc8968dfecfd5acf6b8d0272ef67e477e600e479b3e2496;30720;132d08b34a0cd87ec6ce6bbdf9989c2c6010c49f4add148846bd848499ba1e65;5;0xC000;30208;39;512;1;0;1;12;940613;629
52e8800ef3b62fe2.dll;33792;91578983e70b5e8c3ff1a8d896d91042c9d1aa6bfa03bb9787c0a046583d607f;34304;ecd05e4ccd253efa1426bcbe9b56ac8c2a81279844336bdd1f72ba87a9d0b7a5;5;0xD000;33792;117;512;3;0;3;14;941242;649
52f1a9fef8f729e3.dll;30208;761b7137fb5e727979724ed5b033e619f7b9168546fde38556b9401ac674805b;30720;01162149301daffb3c5964514498d2b88ba40a96371aee405cd275a954c09fd8;5;0xC000;30208;52;512;1;0;1;12;941891;629
52fa7e10812d6244.dll;34816;52c55b1d5856226dc34ca87593d2ebe8246954b0c37bd8f880ea6e52d526121a;35328;8a3dc10a47d4f7613cbe821ab801b2c15c9862541143ee51c89cb17f633230fb;5;0xD000;34816;113;512;3;0;3;14;942520;649
52fdc98abe525d15.dll;32256;38257940e54b0947f5a854081a6075824eca42b2240dad6ca27d07a55bb895ce;32768;391bbe7b77c54e228db9beef7a51e16b9d303e4cb6d6c07b1c7a680aad259f17;5;0xC000;32256;60;512;1;0;1;12;943169;629
53007a9c136ae274.dll;40448;af553a31148e99b1c67ee82ee9503c5ff40b861fea3cbe19ef7987957a3c836f;40960;fcf8c5afa60a736cf80b7877158b47bae349cc62cbbf8d1a12fafb64d203559d;5;0xE000;40448;193;512;5;0;5;16;943798;669
530b2ef2c0914107.dll;33792;d4ef49442680ba2d28e0a92ebd1e7679cf3dac1565443fcf0ca88ca65846f26a;34304;d13e15e8d0a4a856b99401987b898b8e34bf348a4a566134ec41cdc9fed29266;5;0xD000;33792;10;512;1;0;1;12;944467;629
531a5f416fe3309e.dll;35328;ff4890e061e9c6c8f621383e46d014def0374406c1a8ac1bcc7d4d005db8d313;35840;0ecaf97cb5d29cbaaecc34a67997cc2bb1f7ca86314a593ac3e2575ed086677a;5;0xD000;35328;207;512;3;0;3;14;945096;649
533a85e9db63d523.dll;32256;ac60b2e3f950298c2f70fd51d7eda33a0ed1237590850f262ae285fdb5ed9b2a;32768;1c83ee1df8740e7d862392932ef51fe11028bd43466f589d81711ca015fadb60;5;0xC000;32256;84;512;1;0;1;12;945745;629
5342d8666878dbbc.dll;35840;b43e3c12b70a052bee48368a04dfe1542741ac62426d2264c6ca1990b580a0a6;36352;6759dbd6ca132eefaec25b9f24779cddb49c0324366c371c28a0901b92e3fbb9;5;0xD000;35840;153;512;3;0;3;14;946374;649
5345fddd716a1125.dll;40448;8dd13f8e25cefc6ffafcc95597a590efc714b3120f28504cb8a727dce4159d2c;40960;b1235b119a7ad0b5d8935b6d3a41605b625b0200ea375490e4494fac834b0187;5;0xE000;40448;184;512;5;0;5;16;947023;669
5354b039e99db58d.dll;28672;1d397dc328c9972de966794793473f3a50242f0cc2a946dc67e80445cf44e956;29184;60b0b3e906347d384c235b63af3f896968ae9ae4d18bc3435650ede28912e325;5;0xC000;28672;50;512;1;0;1;12;947692;629
535669a72e8d1043.dll;37888;329320b595a3230b66d9db11ab939affe5ded76d5b3e394d89604247f6bf58cf;38400;06a2d473867ef259ea1228862dce75b55408c0ac0fdbb54e5eddaf3ff00699ec;5;0xD000;37888;181;512;3;0;3;14;948321;649
53680455ad9c37b8.dll;36352;7a78b81a941dd88ce35e089ebe50e14a85c1ff2abd869fe0b288d3519080828b;36864;648b9d5623b437349630cf85d889237de357f825fbe9d55f3953248a1f108bbd;5;0xD000;36352;88;512;2;0;2;13;948970;639
536dd608121c2720.dll;31232;82fa579083d830c0e5dbf8c005a6687930fa043f85f24bd8cc5e1b00217a9c76;31744;0c5c23469337954e480ae24493e431a4b63d8dab0f5e9ba82a02ad0eed703888;5;0xC000;31232;162;512;3;0;3;14;949609;649
53960c0fe214b994.dll;30720;358ec3843ad804250025e77c32ebcaf4fa27abab270510c65d554b2e292dd385;31232;a60851fce67acee2c5e41989259495e4dba2b38a85efe966a9f599843627ab60;5;0xC000;30720;45;512;1;0;1;12;950258;629
539e8cc742063982.dll;31744;a1ecd6ac5b83b434426a184a5f8c9e6a09de955ffe930f05008acfb88b7d077f;32256;c0be3b2f8ec8b0c11622d1b6be5b1822940e5caea3679cfb7d3f12e7c972f099;5;0xC000;31744;140;512;1;0;1;12;950887;629
53a9b44226d2629b.dll;31232;5df5c647496753cb7e180afd010c20924070032228be27c8b1e3e071b0956d78;31744;db9df4a51534c64701a737d136355742ec3b7c5848aac755a65e6c9916d90656;5;0xC000;31232;72;512;1;0;1;12;951516;629
53b29b58a2b5d17c.dll;35840;9b0cd33333690ac1cb48410b75e7842d5dd43b4fa8d91414adb266bce21c6a12;36352;d28901bba3a5f711c62eef567dd33e809e28a7557c40991d5211cecfda8ca950;5;0xD000;35840;130;512;2;0;2;13;952145;639
53fa8e13baebea36.dll;36352;c8cd44bf35cc866ab4c2645d3e849c41b848fc66657bf420acb0b24f614a233e;36864;ff92517a497ed0c091a4cb30b87651a0f5e7f0f4aad9e0098f60bda3cba48bf6;5;0xD000;36352;292;512;3;0;3;14;952784;650
54001c1a9f651e79.dll;28672;53afb977444eddb76ee6f85638f40343e43e7ae3a924ef62f9bf49d03af6f0ed;29184;3c284099a56b2f989f6d7bba90fe43c2b6a38de6650c265314c06c41249fac2e;5;0xC000;28672;26;512;1;0;1;12;953434;629
540bba4961c52d91.dll;28672;3f297cbb191daaa5410e3bf5f320aa6b14c5820f97ed171596b9deb288d1e620;29184;4febe84996b577eb221d40280cf98ea3e4878ac95686a4d27aeb425d0457bb42;5;0xC000;28672;74;512;2;0;2;13;954063;639
542df7a9af5b0825.dll;36864;e9d15f5915009863eed0e51c9ed94c1c5cde4ab3ff992cc6a9892cc8c31f9776;37376;2242d6da61205696d314cbe4f638c4385a83b1e15ba95acd7981f0df83a2d160;5;0xD000;36864;363;512;5;0;5;16;954702;670
543e5abc608b49a0.dll;32256;d3e1a0daf70f0a5e65d361b6f81b9b6390901e77d60bc0a145128705c8434a5f;32768;56416ff1b77fa02b9add35d8882f5c07f604b9a3ac720b6ef3647bacaaa3a0b7;5;0xC000;32256;305;512;4;0;4;15;955372;660
543f944a1499eeb8.dll;39424;157478de20186ce3e76413d983cf463cfb0ef6aa2d850ccdf2fec4937f09564e;39936;15b2125b089ff9e08d61560fc403d34a786c7592c410161efb3437c5538d83ba;5;0xE000;39424;129;512;5;0;5;16;956032;669
543f944a1499eeb9.dll;37376;a88d95e671f5e83f5b10c03bfe81827d8df27d6c49388ba2233231e875f20aaa;37888;d8869f75cf63ad2fa365a54b5514088a578f564815426dd37dfb262ce955a90d;5;0xD000;37376;140;512;3;0;3;14;956701;649
543f944a1499eebb.dll;37376;daf22d9119ac151aff45388b731d27b97468ac2cf726f1cce675ac60dc7e44b9;37888;22ef68527d6bc354d1288e863812e6e71a1d0aaa07402f91913cd5eda843db2a;5;0xD000;37376;206;512;3;0;3;14;957350;649
544aa321339f38ba.dll;31744;5cb6bea74649e8618524efec7cd407a4d27dba03656ec83478ab52e68d58b4de;32256;fe13ca4661e04141cf4e0fa2379b9d242d3b5522f676198e2a496aaa441dcae1;5;0xC000;31744;151;512;3;0;3;14;957999;649
544c963519f43fff.dll;35840;dffac6e00486b89a435701e41193a3e5d3a01e511e3ebcead6def509c721a3f7;36352;e6eebdb95467fa8741a4763db3ad8d94e605bc7df138e70e58744b3050621fc7;5;0xD000;35840;104;512;2;0;2;13;958648;639
546874e1e4168996.dll;35840;490528338a0ac69bea6a98d2ca6e73a20e918247611fe9f024aa3e6791d41b73;36352;2dc7a022f101fdf9c21cd7c12a3bc8e875286fed1da8a9b8f78001da430b6564;5;0xD000;35840;187;512;3;0;3;14;959287;649
54717cda1a3c34b9.dll;30720;8449a9a478c79db9279ee563067d17e9c728e1792e09c033562e6de541a13933;31232;eb5493de1171a31b59ad262367dc4c690e021fa66c619722640f7dab9728a914;5;0xC000;30720;110;512;1;0;1;12;959936;629
54717cda1a3c34ba.dll;30720;6041c9a0d44d793ce1ef49c3e2f61adf7cfa488d908577c74ea51d2c31a6c472;31232;8e0b9815f1e92555dd100eb179c6fb2ef22b84f917dd3585f3cb3f0d0c8cfd92;5;0xC000;30720;103;512;1;0;1;12;960565;629
54717cda1a3c34bb.dll;30720;ef3f400e8f54ff4117283165f1bc657c6bc011a9528cea8b53bd7ad65652c866;31232;6669fccd6981d8a97e2975c12f166c0d01921f73cc982b365a9a8801ecb892ab;5;0xC000;30720;142;512;2;0;2;13;961194;639
54c627a92c8700e9.dll;33792;b95367f54dfaef4afb359f49ec14def7d40d5147d24e9fc48aaf8fdfc234db91;34304;4fc5fdf9a0fc8bc6b1ab2fb3076a5f8628b502c608de967aa045c56b9403be8c;5;0xD000;33792;19;512;1;0;1;12;961833;629
54c71067f6df27a5.dll;32256;ee243fa8b476c6460f41eedb02cde8e4f3ffe6e45b84d44b8d4d4ed5bf71fc0d;32768;10a58197d6d01f16d7a39b887ed4a5e11c2a97240caf57baa99170cb3d5c136c;5;0xC000;32256;258;512;4;0;4;15;962462;660
54f1ed74f1c5f48d.dll;32256;8d070eaebef1d3fff048505c8bf8f260446b62e14163c3136170f407bb75cee9;32768;3930a3fa612a9c3a47ba8e8814c10d8e97f94209815b76c7ab4587313e2fecf7;5;0xC000;32256;21;512;1;0;1;12;963122;629
5508aca2c523b76b.dll;33280;1e4bbad4d28637860024a96af85d0b99456dd482cc0af3b9256e55f996c0ab28;33792;20923e8b758d0986b149b57785fd576958c02ae09dcf66f5718ff5ed8b268b96;5;0xC000;33280;350;512;6;0;6;17;963751;680
551fbd3eec9f9941.dll;30208;6b865c5683a75daa06d114909ed52b6be9012a8f1e5a96fa4c086f95333ba68a;30720;38f8a8125c4d639ecd4fca970818d09768f1be19ce1e74ddef39cb36702fe61e;5;0xC000;30208;66;512;1;0;1;12;964431;629
5520df1dd9c7ce55.dll;32256;fc5bf1842afcfd17092eb8da774477dc35f60c70ac6915e39fdf66e7b3b17147;32768;3bfdeebfe8f0737f2869d4d64938cfb2c7a40d5cd7d6db7ada17a592284eb87c;5;0xC000;32256;48;512;1;0;1;12;965060;629
55417d1f66413c76.dll;31744;ae8b6ef40576fde5202eca08396359dc3ff21a31028c55a9089b2e4ad8ba5c41;32256;b758b50a168a2cadbca43e5b5d7ceaf577e3e5a99487add739bfd1bd6461dfb5;5;0xC000;31744;188;512;4;0;4;15;965689;659
554190e2e790bb3e.dll;40448;281c12d032a4afd401de229bee756e702c988ae0daedee9e227d9d0fb2c6d159;40960;66b940a0eb524a4b02c1a8aee91e1a5cd06bc25070acdacc969a323eb265fdc2;5;0xE000;40448;160;512;4;0;4;15;966348;659
55557709645b226c.dll;30720;82df2fde16c4d9bb942722faef53ad52765cf00ddadbc061b14234ccdf089ab3;31232;b32ca88ab097ba52aa0979dc58451c639a349a68627492204235851dc7da5435;5;0xC000;30720;75;512;1;0;1;12;967007;629
555f14ce9d12540b.dll;38400;e9ef43f6503d5f61e38d4b9f94091e74cad301add2c908603643f8e3391659b3;39424;303a09c2faed4087d7b49645ba2fbcc10343d2668689f91156724c1951b3344b;5;0xD000;38400;536;1024;7;0;7;18;967636;1202
55713f7abbfc7d46.dll;31744;3126086ef3dded3bbeeaf64ea99974d1855008afb66fe4cac884d7d79e15ec14;32256;f88b6f0116b6121534479afeb8dcad0e18233588942994dcf7c33caf539f19e9;5;0xC000;31744;269;512;3;0;3;14;968838;650
5579e4df90309dff.dll;39424;b4d37dd9e7c81074f312dd2350332453adf9f6d50e96f09737578da223ac0863;39936;fb475885f10e0d1d6310c69fae45e55e8987e52dac3208ec836bd0656bf4b15f;5;0xE000;39424;231;512;4;0;4;15;969488;659
55d631220029e3b7.dll;37888;5ccd5ef15de0c56f641acead7972037c993e8dbea1122ea9911ec3b84efe3279;38400;c744cce3aade18a88f2ac44c395af4607b28238fd33718082a8f77a001260fd9;5;0xD000;37888;352;512;4;0;4;15;970147;660
55d714748b93717b.dll;30720;3bf0a10d7bf487e1317a412b69e1fd316aecc4faedea2daffcdb204c154da236;31232;1c573d949f3129f949daa377189386cb0930061bf40c9c1b43dad35a4378c44e;5;0xC000;30720;93;512;1;0;1;12;970807;629
55e16c7e24d26562.dll;30208;cebc26be1c241e9bf7ec50150f2bf02b0b4c08912464f27e98d96b06b5068763;30720;70b21a6ca3b3b3d637f888f6439c62ee99a1a75c173a7f8eae2a650256cd15b2;5;0xC000;30208;38;512;1;0;1;12;971436;629
560c99744af5654d.dll;32256;e49d49b6ba1a2a9aba48db92ccba3c81a34f78456bebee4dd5b65f29420ba0a7;32768;23dfccd856265165c9b5dd5532ac713d308c325aead4ab40b17b29d428f1f08f;5;0xC000;32256;26;512;1;0;1;12;972065;629
560d88489e950fa2.dll;30720;a9b2345d2cb24a7c2e3e9c03dbfb33c3681b6b16f9f928d0f8904914e092f05e;31232;71c8fd434e312d39f8104fdcf6fa852aafb30bf58d778e2d6c0881a6449d9850;5;0xC000;30720;273;512;2;0;2;13;972694;640
561b3be28f05bd72.dll;30208;135dd321ddf927d364a39c8d33b70e3b1e027e50b7231520722c52846388c6f1;30720;39498e36c5b656b03371fb884b4f05be2b2d9f272328f88535139e641c1c8321;5;0xC000;30208;242;512;2;0;2;13;973334;639
563d51c1874805d3.dll;101888;9531ed2e6373910f01df5ae229d730f7a6bdfaff5400827100c22a1971d91b19;102400;b17ef0b93c49eb889e9365b6d2974ef4fd6efbbd5bd76c2e5dca8b9db0202645;5;0x1D000;101888;210;512;8;0;8;19;973973;708
56441dabccca6a3a.dll;32256;487cc7d9295b8a1bf78e08e91d044468a8ce70faf886c982540c7676c3b6fd2b;32768;a35b79d2d6f313df55ea100ca88be462fb76b8b8d22706ae7b79d7776a5fed3c;5;0xC000;32256;32;512;1;0;1;12;974681;629
5644f528a5dcae0d.dll;30208;0fdc082fa9cfde64062c3771a55469602df78b297ae7606b7aa7b0e6181ccfdd;30720;0a96e52c406a26b1919f44a1625f1da0a6c005e1af855e7bda53a74dc4d6a2d1;5;0xC000;30208;66;512;1;0;1;12;975310;629
56465ec8a46423d2.dll;36864;ae720897e1d5436ebf585d778aba6db22cbc179e68c914c44761f98eb060e14a;37376;8392f03ae418ffb8db049b951093fc07fbf961a7fd78b69000d505257a094ef1;5;0xD000;36864;280;512;4;0;4;15;975939;660
564bb8ec6d6f8719.dll;32256;7de940139baece942de256c274647c5c271edd8e8d7e6d54129aff4ac8c5b72c;32768;1c6ca7f8b371841bdc322ba194c93e1c1dca5413303fe0f76cb77fcedf668c09;5;0xC000;32256;476;512;5;0;5;16;976599;670
5655f34582a71fa7.dll;33792;f775ebd2a16ca64e00ef1ecc955826cc3a2f0d0ecab9740938505588b89d9f86;34304;210503cdf4e04852a9eb7af554b235a7c43b6808cddfe47bb732266818240387;5;0xD000;33792;22;512;1;0;1;12;977269;629
565c8b9d07bc6779.dll;32256;a8cbe6c868d256646cab075cbf088e160bf6e95c373b746e8ce00c57fe98cd27;32768;85b54328d9df0000e70b39b0eb932a9fad0a519ff5be1c1aebdb2a5bc983656e;5;0xC000;32256;401;512;5;0;5;16;977898;670
56619ff44ce8a836.dll;32256;12e97f6b7e1a0888f44a532ce29e7acfa54b3e1ab2164f36f8a97a0c331362a9;32768;c175064f2b3bf278a02a31f2eb398253325178836f739a3986768f3dabb4a722;5;0xC000;32256;214;512;3;0;3;14;978568;649
567e3ece90d474c2.dll;39936;fbc47ac49a459f2e254884d13a6c278cff55cbae0bb86de926c71fcd7b5cdf48;40448;16b5eeda5097e83056cb4eb43a2385d6a1e726e73e776d310f70796c05028621;5;0xE000;39936;171;512;4;0;4;15;979217;659
56abe4e192cf5652.dll;30208;d70ea228e7824fb6fe08da80995b1e4b59927368e888eff7c471df2f82f6a752;30720;bb8c3424a91c04a858b39a81d49ba74f1bcccead31bf9db4d201719b09e2fb2e;5;0xC000;30208;145;512;2;0;2;13;979876;639
56b4b4dbae35d876.dll;45056;3879bebe0604ae0a3e2e656ee968739a4988921a21e7cf550655c17491e86d40;46592;15614d032bd7f3b44e103ea8fb22eb414775c69a5df9b383e4c39ba7445b45ab;5;0xF000;45056;1028;1536;20;0;20;31;980515;1844
56cbb97768f590b9.dll;33280;a8d2cb9ff9682387c8828bb2f5e66a3e3844f9c7911ddd999a31f80c721b26ae;33792;06d0c3406f202406583b7e2fa1b6914f3ea5fa0f05b1c558a987872b4fdb21c1;5;0xC000;33280;18;512;1;0;1;12;982359;629
571c423eb659b02d.dll;32256;5fc30cb654f0b85dbba65255a581dc858582103b2a9072d66224a3d355d0a41c;32768;d5cbd429bdce64803e20870be066ea860b271e1b8a7034e1bb4dfdcb1c929691;5;0xC000;32256;46;512;1;0;1;12;982988;629
5739ec3d786d6abb.dll;29184;2f019f431110c524e4e18e1c4067be74725456d2cfcde9024c488ca1a402dea8;29696;3628fd467f26f352f5e8568d7ba323304ebe89f1e5c48eb65d146d351d05ecee;5;0xC000;29184;95;512;2;0;2;13;983617;639
574edf61bcf11515.dll;35328;5350733ed129e97d99dd8312f5d45b05d3fe026560bed4f9af346aeb7d2b0e9f;35840;d6691eb0f66a9c64df584f269d43997bc7d16467b1c5732ba31e3325279c49cf;5;0xD000;35328;121;512;3;0;3;14;984256;649
575847995ea467a5.dll;32256;c1e19a1edf9f0af8a1dc9f710ff87023a2d27b0095ce9e75bd231c8be4d32c5d;32768;2617ae86250633a492cf2905b188163d6187cb86917e76f630fa73188bc1ff9d;5;0xC000;32256;41;512;1;0;1;12;984905;629
578374519cb6fd89.dll;38400;34e81d0fedb4742e9a8277f96bbc2a9c2cd1045d7df5974e99073605cf66e660;39424;a995f980be55bf4a51eb84a1ca3480775c626fbd5a0e7867bc3c7cd58f92a00e;5;0xE000;38400;547;1024;12;0;12;23;985534;1252
57863a2d82f19533.dll;34304;8d26a5fc63cfe1e39cb8bf3541b9d947c3c313017caa86a07745c6e24103e804;34816;5063adf3727984bc3386d02d1befc56f3552d683caec7ad6a0724c63d57f52a3;5;0xD000;34304;365;512;6;0;6;17;986786;680
578751d3221c1fa5.dll;32256;cb761c4d8dba27f51635290e1b743c95a0e231fa1daba533227b82efd4ad9964;32768;7eb07ffa4a26d0a47db75b87de36360ee3b0046294570fd2f6584857e9dae583;5;0xC000;32256;342;512;3;0;3;14;987466;650
5797f98e867f560f.dll;28672;a21414e8faf95dab16a53b6e9dbb38000ab82cb0ba85728056ed1e20eb8dca0c;29184;56cecd6695358d8032808c5ce82c413335dc419d78ca26f09faa6753bcf0e8e3;5;0xC000;28672;26;512;1;0;1;12;988116;629
579ee097896a8c46.dll;40960;eb045ab026065c2e9106ed0404003eeac3bca51331b98d73bcc64b37ffcf41dc;41472;651a0c3df7045db890d88c277be8cde4231976a63cb2ad39e2a06b8727b165c7;5;0xE000;40960;175;512;5;0;5;16;988745;669
57af82da82017dea.dll;29696;551d0efa29e10bd122a1510ac4c07c7e6eeae6033602dda073acfaf71208dc5b;30208;ece1131245fb2dec9124701f93c0cbada9864ec53a88acdfbbbad523e9dfc202;5;0xC000;29696;22;512;1;0;1;12;989414;629
57c3e5fd2bbfaaca.dll;44032;d18682ec69a1342ca8833a6f15476db2bb6c270ab3e4749e57c7d530d9a721ed;44544;231c45f1f4c6343d741aeb7f5322bc0ab72c3b0968eb1b03e3cedb485c788f7b;5;0xF000;44032;227;512;6;0;6;17;990043;680
57c4c3ccae40a8eb.dll;36864;3f49aff65b7473b140c79929adf82ff924c6665c36a79d32c1ed055e96b7b731;37376;9179ec4a5fbc98cff821e079237706904c4bdb6aabb2f691f13500376f07ca2f;5;0xD000;36864;241;512;2;0;2;13;990723;639
57cbd5172fc4ed7b.dll;32256;4288dffae4d1e78a31eab6e482d98f960b0cd51c11c1a2d4c426a468a0465bb6;32768;3809ca856d2c913d21d8229247a4fe6a70bc41173824ae0796ae13f9acc3c2b2;5;0xC000;32256;62;512;1;0;1;12;991362;629
57da9f6aeaefd8b3.dll;30208;db2116b5da5a1f3b916beccdd7a8a8095c5a58220bc88136dfdc683418701d59;30720;cea178442b7282c17020457b4f4bb32b559a7f26017a422db6016841e0ae8099;5;0xC000;30208;197;512;2;0;2;13;991991;639
57e390554ee01750.dll;32768;ec1ec710f4cd3034a6c47ba569ac2c120590382ec2b3c67d63fe249689843b3c;33280;63f0bba57b29c2318189be499a98fc79463379cdace0b1b06358b830b3decab9;5;0xC000;32768;205;512;4;0;4;15;992630;659
57f6d730afd9c401.dll;30720;86a3b57c98095f2cc523792cd57e384f85df4f4eb56bb2bada46531bf0455482;31232;a2c98c6268033e1528bf698a31388725ffd8f5f2e5a79abfa8d936202af60c6c;5;0xC000;30720;111;512;2;0;2;13;993289;639
57f6d730afd9c402.dll;30208;3a4dec42d6b985db18e5598babc1ae0678e29de7d567302b8e1077825d63c961;30720;b3efbcaf9a20820eb20bb48b80eb5195ea0f1b27f91a336ac2b531c2062bb8a8;5;0xC000;30208;70;512;1;0;1;12;993928;629
57f6d730afd9c403.dll;30208;8329ab4e61ec207544e59a8cdf92f5cbdfeb54139375693f20ecefe4c721d326;30720;235a941d0ff0c92e9bf6692190d1e8323ad6cc9c926ef33fe61cc9105fb900fe;5;0xC000;30208;70;512;1;0;1;12;994557;629
580d150bebb0779b.dll;30720;ede531e688598eb390110ca45ee443637759fadd313484272af12b7bc8dc6f41;31232;044ec9295c6747fc4def10dd7ca827125cba34d85bb50c3d05bec849c97c3d34;5;0xC000;30720;100;512;2;0;2;13;995186;639
581b29574339b1c8.dll;29184;ad14a10d7d3382b0338b1f91bacf111d161584ac2c61305ff817eb0b07dd4f25;29696;e938d827e537db50e977ad4f12dfa2900da7c98488a3fedd494fc34094e14b83;5;0xC000;29184;47;512;1;0;1;12;995825;629
581b29574339b1c9.dll;29696;d3a073a89ec1799e967d6a5e9be48c47edd5db0d22811b1581fef9f18bc740eb;30208;6883a6205b184ae2ffba7a2aa7dd6c60aa0c08b9aaa054257907ab166a2ac4d9;5;0xC000;29696;53;512;1;0;1;12;996454;629
581b29574339b1cd.dll;31744;57acd3b434a292c61e7b6a9a14fabb015d3f0c8ac3b7ffa7764d77f6ac915c53;32256;1f050f68d22ab82f518f44d872a519502b8c63adcbd5d6f46f959b8877dd4fc1;5;0xC000;31744;340;512;4;0;4;15;997083;660
581b29574339b1ce.dll;31232;79698ce5692d7a35edcd0301cc1c7921435686275adda27e91dd52c83c42b379;31744;127e99ee6e1d49699ae893eaa2e5a9c50ed88e616fd32308f034662f76de3de7;5;0xC000;31232;163;512;3;0;3;14;997743;649
581b29574339b1cf.dll;29696;85f42876dbd4da16e7e5cda57895a60af219c56302b470a266cc3c5677d9c415;30208;0f6925089fb6fd92128299c19782e3c37916b8fd2a3461d8fd942bcd3ca5a92f;5;0xC000;29696;68;512;1;0;1;12;998392;629
5822afe5134562f5.dll;281600;2f44a813d0311531f255060fbb846c264df858f69a25c9885f74b53eb9d89750;282112;8a505a6c71e00e0553ca5f1a6d29a5e36842cffa29067712ace7c4e5ddb2ef24;5;0x48000;281600;64;512;3;0;3;14;999021;653
5829626124ac258d.dll;30720;068c5c7fccb88168d9f9da31304a3314fe413b1c4c4d5a270a172c1427b57183;31232;f66fe51b49488d1ae6ec8219c96cfda6411c31c57cc640d7995c006f4000fb91;5;0xC000;30720;136;512;2;0;2;13;999674;639
5859ba2166741a66.dll;34816;837670e3ca8a06c95b53360026f287f94f1dffed1e80cad98635fe0ae8ae4ab4;35328;bd210800dd63fa9f0dd1fd614a1f97cd376c9f476cf4d68da1f931c6405da94d;5;0xD000;34816;71;512;2;0;2;13;1000313;639
585ae14efe178bbb.dll;31232;1643e46b75b636cb1d5e92d86cea4a6211507e2c3af27868261278867efa4a5a;31744;e45532cfd9c87485722f9f844f63e470a22cf69f9abd3d675c3f0f0888d06270;5;0xC000;31232;30;512;1;0;1;12;1000952;629
589cab4a3bb28b18.dll;30720;ed11b74572034f1322ff93c03c81c16b5917a4ad55bafea4597e59f09c69d479;31232;621340331964ebe8497bd02977c7e9aadf6658e4c6d4ff44dbe58065967614c3;5;0xC000;30720;43;512;2;0;2;13;1001581;639
58a09584d925e281.dll;34304;65efea05eb8cfd7d4a4a56b4efa6e9de4a39b487e1df1198804f4ae5a53ac025;35328;c196eae85d69380bec69924f3059f84ee3df273b347d559e8d65fc30b44e2f4b;5;0xD000;34304;686;1024;7;0;7;18;1002220;1202
59109747cbb51d34.dll;30720;78641ffc717adf471801cd41584741571f359755f06c11b51bf0fbed9b6f651a;31232;6d3c19caa74bfb77cb36c5bc82afd81065bf969b028e5061ecf4eb8ffb11e26b;5;0xC000;30720;110;512;2;0;2;13;1003422;639
59109747cbb51d35.dll;31744;e8489887b01f9614bbfbc715172579d5e91569762ba78514e20702068428008b;32256;fd0664bad94e0f4015baaaff5eea8844e5c7dad1cfea1aa6304ace91505038d1;5;0xC000;31744;296;512;4;0;4;15;1004061;660
59109747cbb51d37.dll;30720;91ff173b075b619a68d59cbf47b11960ec95e4d0f3fb60a3bcccec7fe98629a7;31232;e32fd7ca5e8e7753cb82c58f84eadb7c5a86e88b30e66d9d07c6d8dc87b8d506;5;0xC000;30720;135;512;2;0;2;13;1004721;639
591377cf6a11abfc.dll;30720;dc192681bfd65da079388d651b327fd57ce3af98c5fc655fa9f73d2b6e3616ca;31232;d5c22bf0bf3c30ec3a688aa6745435e50ad107e7745001abcb31b9a76a45986d;5;0xC000;30720;135;512;2;0;2;13;1005360;639
591377cf6a11abfd.dll;30720;33fd649037ccb3dfe572b191bbf377acf6d5e3318f49922345b92878bfc76059;31232;7f4eba7bec937c42636e03cbe71ab68b6f159bd16248b0d5525291016269b93a;5;0xC000;30720;117;512;2;0;2;13;1005999;639
591377cf6a11abff.dll;30208;45ef7e3c7db8cd89f5e9413aef180fcde7fec201641b852a279d64a01888f043;30720;ed8c09e9f460430ed228ed0f59ee03d3bfccc2287a318820705fbbb6d5526b59;5;0xC000;30208;42;512;1;0;1;12;1006638;629
593beb597fd88784.dll;31232;472305d38353548bb4118ac43f401d64637437a344f2b2a3a33335e248052a8a;31744;0226c35106ed5c71bb69ff05754d1ee720a6eed22f35c9424f564b146dab4200;5;0xC000;31232;34;512;1;0;1;12;1007267;629
5941d7df837dbad5.dll;32256;5301460499f25a7e3b86f18de934331c46bad3f1f0cfd198148297e6146d1ba2;32768;4a9336bcbe48a5040750f87b62266c697ec63f37086ad9ca3c1c482922fe0c6e;5;0xC000;32256;31;512;1;0;1;12;1007896;629
595b937e1ffbe6d7.dll;31232;357470d95ad0eae8795dce99f5b46b3f59c02d452a9ca615fa527fd3e59763ee;31744;b0cfd41eb866a84fdf282a34575f0dc5c5dde55758cfdac6792f9bb4e9217977;5;0xC000;31232;73;512;1;0;1;12;1008525;629
595e9004a9fcc82b.dll;28672;4ccd79f9255b876e764b1b722a2a57ff997eef4ceef1e7e9b9b61978066dcc4e;29184;7437a26b4fbfaef2c9a5faab5fd5e70f20b1ac0186819a7c498cc2fe74af0ee5;5;0xC000;28672;50;512;1;0;1;12;1009154;629
596194bac48a3aaf.dll;30720;10208f9cb231ed06538c5fb788815375da4b9dc6218403f77716800703e2fc59;31232;db8a8f8e2e768cd23f6c4292d76e233440896891557f7b6eadfff7aacbe0344c;5;0xC000;30720;97;512;1;0;1;12;1009783;629
5976a892eddc751d.dll;29696;0984ad4ae36a7198fbf3ac529d8f2cf4fc8dda5c3d0d9c1769405038165a5746;30208;ff47b9cd70f8820d6aced965b154eaa525b647b558eccdcca1196cfc24f1f79a;5;0xC000;29696;60;512;2;0;2;13;1010412;639
5992d0eac7d8152a.dll;29696;d499cf7ae9e6de512c1bb0489cce459a0dae59252861bb60ef58c0adbe4ebc8d;30208;c05e148bb4b7e966b5d31f7073db0e7a1920a33c0a0df7c2a7dc395f7c5f84a2;5;0xC000;29696;17;512;1;0;1;12;1011051;629
59a2a02a8e5e52b1.dll;32768;289e0bd0c71a92f335abaf71196f90ac86db77a8afabf13616262a53c6662dbd;33280;5d06a67e2c4de626f4319e31645719b8cf4b99b2fbedf29ef8b131d03220beb0;5;0xC000;32768;188;512;5;0;5;16;1011680;669
59dee8584a86a488.dll;35328;ccc9560346a43f5126b24404c91e878dfc2ca4c55be253cc03ee04735a1ae379;35840;efde944fb41564d90a2f2f743bca18f48d13c6a23dae32af0cf8906967032e42;5;0xD000;35328;307;512;1;0;1;12;1012349;630
59e0db83f5e41078.dll;31232;d62c7c11fba8d1a2840a2063064f2bb272204553d42e93932a9e0947ded04021;31744;9bb938f407e253867239a16c94f8cc82d710e2713b1cd5817aa699f6b14e018d;5;0xC000;31232;66;512;1;0;1;12;1012979;629
59e0db83f5e41079.dll;31744;27982c1d37e5e56cac74c8bcb86251366239e075021ba7130ca94635d195b29f;32256;4f2a31de741b3a42dfead9475d5b68da8d7e2d95a2146141431c77e3c19df40f;5;0xC000;31744;119;512;2;0;2;13;1013608;639
59e0db83f5e4107b.dll;31232;4f71309d170a06133a074b830b0e282413e9fcbabfd64b68cbaec0d8b2b46407;31744;2c004708377bf9cc72e4c2fdde980bce9e97e3e134a4ccc0ab913fb9be0fe82f;5;0xC000;31232;57;512;1;0;1;12;1014247;629
59fbd72dee3172c5.dll;31744;1048ccea5f9fbe18b58b079bb05a8e5898e6749e13b2a9c767a59cc37e11ab26;32256;75702fdb10102440bade897d8110b75ebec3db8f0ea39f916087838cd00e9975;5;0xC000;31744;73;512;1;0;1;12;1014876;629
5a2353358bf55e1e.dll;30720;515b886e4b599283ea3f432be7864af71badfa3462420aa6eb8a8180bf4be3b8;31232;e949b7ea388f7ec9664c5ba61c48204e6cc473b211f69b5ac9fec10dbe15ec0e;5;0xC000;30720;157;512;1;0;1;12;1015505;629
5a4090321f0e04c5.dll;34304;65aded546c7b14cc0d958134dd17041a2a17b369aca0db25b9d9371435b74ea1;34816;944590cc1ef21d68686e35addc829ec4a3141d3e074850c3848ad91fe2be5831;5;0xD000;34304;74;512;2;0;2;13;1016134;639
5a4090321f0e04c6.dll;36352;61f5668781d16c55d10a609348fd14fe15f4fa7c5077c0e9278b5dc66507d10a;36864;230608e216422801570499d8c127bc17fe5461e7891f1dce449a11d370af9ff7;5;0xD000;36352;158;512;3;0;3;14;1016773;649
5a76f820738419b8.dll;36352;91717ca42c5163eace74a111441517ce6e9550f52b804f041d270a456b9da632;37376;71539a9c72b2539e6e83fe56adfdd178f0d8fa5113d714e07cbd1196123f7ffb;5;0xD000;36352;868;1024;9;0;9;20;1017422;1221
5a78e4c6a85f6c09.dll;32768;3443114129402d3eecb5bee01f986c56e8cf1f723ae38a4e9911c3c93aa8fa0e;33280;5f7667ee1848a1a111975efea179733a14afc166c7df0fcbec6406aa97eca322;5;0xC000;32768;77;512;2;0;2;13;1018643;639
5a7c6c24544928c3.dll;28672;7a7b73fc48614644274bad083e9f4583c8f7c9248f259f2154afc476ca43627a;29184;163a358263d95d53971706abc6f0dc9505959f0c5e5276a261b162c416954178;5;0xC000;28672;26;512;1;0;1;12;1019282;629
5a84276fed997f3d.dll;31232;85e13767b1dabb5b12b2f2b561e99c9c672b730eadbcd97f51c6299210ddcf0a;31744;b302b45905f0f967ed9bc5e58d09f581169c15dc0313a3745647b283fcff54d3;5;0xC000;31232;36;512;1;0;1;12;1019911;629
5a84276fed997f3e.dll;31232;66b45233b6c0b70334042fbb4702e1bf96380398027bd887b9be722479611210;31744;b98e0ce3f5333eef676aef132e2772f25e7ca5778ada32557243cb8b1bbf7e38;5;0xC000;31232;35;512;1;0;1;12;1020540;629
5a84276fed997f3f.dll;31232;0df0d9959f7da0e4a6ed30283b045aacfcf1180ba06f33e9c39781aa4beb12da;31744;29a067732c02eb527fa7ff8689e1413a07ce08be685369744ce36b0394832ca8;5;0xC000;31232;27;512;1;0;1;12;1021169;629
5a84277be09d7f3d.dll;31232;f455d68507652a008250f5e7c27005654f7c4dac1962a5490b35d28e8e3ffb38;31744;d1ca5786acc28e69b17130bd5657eb524390a7888eda5b9fe7a5eb267b8267db;5;0xC000;31232;33;512;1;0;1;12;1021798;629
5a84277be09d7f3e.dll;31232;5c2c30a2e7d5f9fc29f73800bc71a46a234e3f893b52ab41e77909459f4c72f3;31744;891da6743b74199ae1b486f9ef9fc7efa9189a52fa55864866587f64f9dd8d3a;5;0xC000;31232;66;512;1;0;1;12;1022427;629
5a84277be09d7f3f.dll;31232;d1d5b1b012337a7ae7c8c0af1f991d9d88f660ee70c031f03ac45b399ebc5193;31744;5a7e250d38eefb2d9e4173e1a0e6926902500bfc351fab5b998484df43d6b0a4;5;0xC000;31232;38;512;1;0;1;12;1023056;629
5a872d00b9eba768.dll;43520;716dc905a84b66e82e6e793adcedc2b08f8d7fb798ac741f0e58a938e3ef1408;44032;22546b970f2d97f3e4ca482207abf57ab9836ac41ad5a8fa2a4525734088e665;5;0xF000;43520;46;512;1;0;1;12;1023685;630
5a872d00b9eba769.dll;43520;8b944459a2db04db9233d66162e20c1febc4566d90f53d51e45675feae3c2db3;44032;9374e0171af9f07eaf1e624adee4d9eef114aa71bf1d87d166f331b855a7b263;5;0xF000;43520;64;512;1;0;1;12;1024315;630
5a872d00b9eba76b.dll;43520;68ff91eaaba97e1ae45ecf6a47f2f435e0eb471e9c544f50dd1f3a3dc28ab9c8;44032;1ef033b0cf80b6fbbff2a573ba07ecef83738d32393cf0ec98172256b4e995eb;5;0xF000;43520;56;512;1;0;1;12;1024945;630
5ab75bc08d580b73.dll;36352;3f27e076609299bbd1babf80d8b1feb1417774f79c93fd224d1cda72beb522dd;36864;a4cbe59813d9275906f8ad6afbea4a442abfd591a451edc0c2781bf875200f03;5;0xD000;36352;201;512;3;0;3;14;1025575;649
5aca5b17d8c6bf48.dll;31744;564896d17914a347c9bd40c0b2dcd809c9599389000d74a2461648f7a83ad63b;32256;8a47f200ac3305aacdb05b98d9fe62389f3d82be17a45bd9b1fe99032d5cc404;5;0xC000;31744;148;512;2;0;2;13;1026224;639
5aca5b17d8c6bf49.dll;31744;a14b09f28610b966c7d49b296f9be9d026dd319f926223c8bffce194aaeaa1e9;32256;2cbe4fbaac15c6d76fe03d4a2ff2a91497d55c38334c16275d1c6d9c0ba6720c;5;0xC000;31744;171;512;2;0;2;13;1026863;639
5aca5b17d8c6bf4b.dll;32256;f314ab18c12ef3af69f227b9f8bc8e4821e60516894a1de87d8481a0065728a1;32768;12c4e32ac0760993dbda5b7235548b9fc061f745e2d8f41259ffdc70f1e599a8;5;0xC000;32256;130;512;3;0;3;14;1027502;649
5ae3719a9d7c3f74.dll;32256;f6753bad2f154d2a33e5913456bb4bdee8e46ad9fd69787c3e78afcabfc239d5;32768;f0d9138282c090b65e96751d869462d21d23dd300ec76033074794b471501610;5;0xC000;32256;32;512;1;0;1;12;1028151;629
5b01540455ff8a8f.dll;116736;1b2f87502f9e5b0de79524345e51c870c67c5635684baafd6c1dc08a1dc91407;117248;27e6fd695b2360c222da790bb9ade11691ffff598d226bd2e34037e174af7b7b;5;0x20000;116736;115;512;4;0;4;15;1028780;664
5b19b3219ab301e0.dll;32768;b62111be6cdc4c932645d3c046f94791e507e8db07de0db137e8af809ac63f0f;33280;d943d3c4c08caf197bb610bf329dd091f34589945157e7756b1c30e62c30a2c8;5;0xC000;32768;417;512;5;0;5;16;1029444;670
5b29a5c5d8c27be0.dll;30720;2d86128a695fe3a3973636365ec0ed7787c4ec34e52a0f972f5b68a3df80650a;31232;18f74e7a681ada0d3d9467f9de7014645d12f6a1bd362343aac6e1583f6807cf;5;0xC000;30720;206;512;2;0;2;13;1030114;639
5b29a5c5d8c27be1.dll;30208;688e98cdf2231f155e6b30bcfae91fcfcb50a1c7752b97aed930ff80fc4c7bfe;30720;36fd9afba694fca185d480c6362af3018787410d2dce9c3f488b0f896dc85fc6;5;0xC000;30208;183;512;2;0;2;13;1030753;639
5b29a5c5d8c27be3.dll;30720;c484d80d530654981accd90d8c916e493227d948f500198646a566f447fcaca1;31232;0c3c721176878623f8b13152caa8513421d160e8f46b51ac8ada820903473d19;5;0xC000;30720;174;512;2;0;2;13;1031392;639
5b2eeb917af14012.dll;31744;d4a83155e43d1cfe7216cdf5f00554d073754ffdb4e26eb6ed7a009b0585883a;32256;997304e276126bba4990456949cfe1f5e1d92f8b43594938f113d3468e780264;5;0xC000;31744;263;512;1;0;1;12;1032031;630
5b4c12714149f880.dll;39424;d0bed3e466ddc955f7fd40016060b048ed280277d9f1ce443670d6c545b64c95;39936;a7a5f5e07dc522f90eb64308d5ad81563a8bf6cf44bb94d34edd196b9072ac1d;5;0xE000;39424;226;512;7;0;7;18;1032661;689
5b6a1094e2278c20.dll;31232;a76dc8d58de608734ea2759eb592d6c28e8d49e0221bfd8b71618dcd678f2125;31744;12af626e0af8f2014338f10c9ca9b17a029dbf0b268d49cd35e415d6f6504bba;5;0xC000;31232;165;512;2;0;2;13;1033350;639
5b7d4db5a0222071.dll;31744;2f0c827fe09e532addc7410f644b5360a3cb0e6afccc9c7e423518338d18e484;32256;fbc8e45ea528a75ef4c66c442fa461a161f9e8d203851c62b1701650a82a725a;5;0xC000;31744;235;512;4;0;4;15;1033989;659
5b86485903858522.dll;37376;c63a4b3680e9b9e4af1aee748f81d1fddecac20bb38852c9723d48a738c08ce9;37888;6ede2dfbd4f15cab4c2c28d18145b33ee90473f7b415dcaad1d83c933f5add46;5;0xD000;37376;172;512;4;0;4;15;1034648;659
5b983a095556a716.dll;30208;fe4c9a7d5d696dd7569c9e05976edec37a9be3f9056516047b392be3919c73a9;30720;4f7e67356b4a28a33a140531df816fc1b49a97027769eb31e7e5b749c43ba91c;5;0xC000;30208;28;512;1;0;1;12;1035307;629
5b9ed10a688a9aae.dll;35328;c013093c808fb3178a89e10244fb7538f73b160873b645e9e2c39c6efb11fb73;35840;797b00201439aa81d31afcfd730799ff597c7d72a8b7766895442db4dfffd31d;5;0xD000;35328;122;512;3;0;3;14;1035936;649
5b9f351cec70fbdd.dll;50176;5a7edda4606cbce6b8d7f3231ffe8de879c23e0dd2e5d28b1533a51a2c12f5df;50688;7bf65661352d446c45f79b1952740c8e0bc5288df972d08359e95eef585df140;5;0x10000;50176;285;512;5;0;5;16;1036585;670
5badd7838fac9c0c.dll;33792;508da216d85710f53ce726a56ebea76b4ca549dd26dca77058038decfdf486d8;34304;5a777781b1e45a3301d1f4dab9dba9ff0e6f2ed2b21e4b22ea4e0267c430aa42;5;0xD000;33792;69;512;1;0;1;12;1037255;629
5bbf053c816af3aa.dll;30208;b75584c521919e07d84b6641bb782142e21ca99786defba03dd796ce5cd678ff;30720;088c7a0bc44694885bb3388c4882c97f52f5ed1c86d5905d0c00218b49091ce9;5;0xC000;30208;60;512;1;0;1;12;1037884;629
5be50ffea60e8cc2.dll;31744;bc0bceaf17973bb28ae16de42e880409733af2f2da0c032a07a0b48faffac8bd;32256;fddeeafc96882fbd905d4a620f38c86b05f4ac67b02f154dd403e0c98d5f4ccc;5;0xC000;31744;72;512;2;0;2;13;1038513;639
5c34baaade08e54a.dll;31232;142e50d9e083b62a319457d750e7ab181a77bd3dc06934e4352ca4413366cefe;31744;3ba0b52c4dee29c71e82386a587e1ea68aa56bfd64efc0cc6f0396ca78a6a321;5;0xC000;31232;263;512;3;0;3;14;1039152;650
5c443bf0d31f23ba.dll;32256;d1a3d491aaadedfdac0c87774e19bc55b1b270d51a83fbaa835e95e025ec9c2c;32768;1c31972deeb8c23d32c39afa75ac02cc641e33af9c77cbcba7cb7d3744e0909b;5;0xC000;32256;97;512;1;0;1;12;1039802;629
5c7392441970a5e0.dll;30208;51070d808ae26a981360d04f7f5d1211b7bc274b37232cc30d3238827e40c85b;30720;043e2405f31e34a0b0bb54fb900aa9ead20d9632c6460dd32b402aa5514df93c;5;0xC000;30208;25;512;1;0;1;12;1040431;629
5c7392441970a5e1.dll;30208;90cbd269695676bb5e07e1a02d23635041177ccf436a1a8af71b20cf2738873e;30720;879ce5866ad84817227a9e00003759ffa6ea5f6c28f17eeb2278f056449c4b79;5;0xC000;30208;25;512;1;0;1;12;1041060;629
5c7392441970a5e3.dll;30208;2b7050c0ba86dc55e02db8ee927209cff4c29b32e58bf91a8db78924033b5251;30720;069fb5521c3e298e66d61606ddc16bc300b170428dc97a6b174de9e70516c313;5;0xC000;30208;31;512;1;0;1;12;1041689;629
5c7392441970a5e6.dll;30208;343b9b83fb7c8f6932faadf31116d66ce36b3612feee608779c03de3f2b01679;30720;199e26dc5f150d1d519e7d1170062f0776a91c41d6c28794caad493c0c317a68;5;0xC000;30208;26;512;1;0;1;12;1042318;629
5c77cb4212eb0abb.dll;32256;eee59f4472ab068b0736f8f11235cbcfdff299ab00a6352070020e90144acc81;32768;a305c0c524f3c6d68daf13ca3c037dca0c8d6b5407138c0dd35025a69cba614b;5;0xC000;32256;25;512;1;0;1;12;1042947;629
5c7d1c55d45f0df2.dll;30208;76d57f4bfae012734e4298bec9cae44192bccf052e187a365be09ab465d66880;30720;584c4883370c5f68f14da04527d8449813c7dd1b642a01ee7773cb297f0814e7;5;0xC000;30208;38;512;1;0;1;12;1043576;629
5c808008d311478b.dll;33280;ef91cda67696d8c3662d8ae086989bb943a034c06559e9308d4cfc7f0b188439;33792;362904151d265435d39df5d8902349fe7eee84559a1ed2697f040a38a5fffa09;5;0xC000;33280;49;512;1;0;1;12;1044205;629
5c843261402e7259.dll;35840;25b85643c0549884a7c348e40e6b058a9395f134ad17ce99ecfcf95febc1fd51;36352;c901de1a70ace9763c151396a9b1cb19de28708d3c42f5eadcad0a74ec5d8f8a;5;0xD000;35840;164;512;3;0;3;14;1044834;649
5c91b3b345f51bf1.dll;32256;6d5c40d8eaa292e468766206483ba0c4d3e85c3799ca1ea59d4fc3bcc74ffcc7;32768;7bee85be9aa8c4a14217670a786fa2aa3de210f2636e4ff39a0e072ff23e8410;5;0xC000;32256;288;512;4;0;4;15;1045483;660
5cb2bc4bec35862b.dll;33280;a407eb6251b8cf859412f2bc34d03785263eb955a747b0378bbd22ae2eee89cd;33792;002af9da03c7e55cc0051cff92ddfed135c2e4f7e856e9a297465637d63f0fdb;5;0xC000;33280;228;512;2;0;2;13;1046143;639
5cd7e274883049c4.dll;33280;e32b55571f3a68774888443f036c5eeb19225466c3a45a71705dab5c22b6890d;33792;8a6576c9e7675f99da0fe19259007bb10c8baad510bc2cc32a5e34cc448f93e4;5;0xC000;33280;76;512;1;0;1;12;1046782;629
5ceaf9e59ed690d3.dll;28672;2dda6fcf8da454e0238363785bc9bc1555af463ddf65ddd3d13b9d06a9d3ed79;29184;64a97000cfea9be551d4720051d7fdd28a159da73684754235e410a6bf8fa544;5;0xC000;28672;84;512;1;0;1;12;1047411;629
5ceba7661716cecb.dll;29184;f1c067ccf6b04895dbd96beff7fa23db95f4c606655b1bcb0d43246b82a9d249;29696;6569af107a613a5d74630952dad90d753ec45316639fea4139a2bea9096d1376;5;0xC000;29184;127;512;1;0;1;12;1048040;629
5d00149cd686291b.dll;38912;dfcb79dff44167041f6410bf34b9155165ccf4a2f4aa15f4104bbc2f62eaa44c;39424;1cf231b62ac5556175ea543de7d21ba310eca827ee93494f83424c399ef8edb3;5;0xE000;38912;149;512;3;0;3;14;1048669;649
5d05cdca842fffce.dll;30720;565ef1d8309ca94c2a649c2955a6efa32f58133820635f23584065b7c948b9d0;31232;d40cd970c0607ff21c2cdb33b6622eecf51e9f0b97d94ca1fd463188ad588b2f;5;0xC000;30720;66;512;3;0;3;14;1049318;649
5d2492181360aae2.dll;31232;9b9c16a265fdfb76cb42899533940940be13048e5d8b172d4448da49bff207a1;31744;0b0a00def0079f4e28a3a47b52ad8dca26dc6a2a727078a882981b5de6049405;5;0xC000;31232;61;512;2;0;2;13;1049967;639
5d32998c43205940.dll;28672;9d495148877f6272d792f5d228f7044bf192cda8f47cf2990afaafeee29628ec;29184;ea9c1f1f860188afd1fd55e48bd9b2cf00899331e2c25136b99a856662a94430;5;0xC000;28672;88;512;1;0;1;12;1050606;629
5d38f100f92ac424.dll;33280;8f4a9a097f57705d7fd34264e859048ed9aa8ed7b14bda0cb4c4552a02f02219;33792;6583758aa1bba02e0e8586720571f7c67ca52fe58d2cc58445a4d395fa2002c4;5;0xC000;33280;81;512;2;0;2;13;1051235;639
5d42e84fc38807c2.dll;29696;db73c0c2dfb96c420a29aab2915cc1f1fc5728b696028da0b5a25cf901181e73;30208;130eb99d891420ec195fedb1c7b9672531868a35b8dbe4ababeb5b4b661d8163;5;0xC000;29696;17;512;1;0;1;12;1051874;629
5d4b89496cc1a9c4.dll;30208;44b9d42b0d7dd4dd309235f8d280a49afd905a7231dbdeeb6de072c5c7af049c;30720;4084a48be424e0dad10b5cc43e74a2788cb6a396bb59f2206b2b4e5014360cc9;5;0xC000;30208;84;512;1;0;1;12;1052503;629
5d4cc00e14ebfe16.dll;39936;3716d5e452fe022b515b97fc1f6f18d915d9dec7c0c85ee3a4dddff4879bbb46;40448;56e76c713a21bd90f19b5266d07f6d274f981bbdfe052ee4ab63b6837a07bf99;5;0xE000;39936;196;512;3;0;3;14;1053132;649
5d9b0ae3a8add5e2.dll;30208;8a55b075bed00f8b7c9d6c7affed1cce6902b6a3d0de64f1441fd3859386a3e5;30720;cd6fef052794afab5553f300cd8ff3c40db9e8dccd8b88ce202160390bc57c10;5;0xC000;30208;80;512;1;0;1;12;1053781;629
5d9ba8585c94d4f3.dll;36352;ce4b8c2a9adf4d3024047058420b6d59b9c9da6d3826455c3330b1cfccfc1998;36864;706e43f32d19d42824a86f6b6274c72d7f691ce276d64a5c095d133350bf3f6f;5;0xD000;36352;23;512;1;0;1;12;1054410;629
5da86885f05e8424.dll;38400;e115f4fa89403183c93838b9655c7edc454637a506a6aa82ceace58b0d159c7f;38912;00d8fad1208801b8caeb2c5c3fd79e121e9ccf87d679eaedb06361de3f98dcb6;5;0xD000;38400;249;512;3;0;3;14;1055039;649
5dd4e5890c5cc8bc.dll;31744;a84b94f046da5d4ea685cfbb5e1e34fd6d8f1e7e9349d838f772430591729d4d;32256;83f16faf24bef61251f980df4f618ec61a8e97363c99560c66a419d12e59353f;5;0xC000;31744;88;512;1;0;1;12;1055688;629
5dda06083e087c8f.dll;28672;d81989d03c79160b755d0c4dece1399d65413b7ffd5bb08886132d4bd18ab59f;29184;a10cd1b1dccb370277f4b64a45ec5966b77a2532f218037f2d2891c947423d65;5;0xC000;28672;18;512;1;0;1;12;1056317;629
5de28673dc7603b3.dll;28672;d4f22f3780652927d34966823c50d895c5161bb8bb23a5f3cea560acd00a2063;29184;f8a2da746c620804cda3c1213d87f3f63d2cbb9a61b23b5ad47f2c2a1a71b6c9;5;0xC000;28672;18;512;1;0;1;12;1056946;629
5deb1a21b93c8838.dll;38912;76fd5ec471fe9178ec330963e94ec1dd938d87de5542e4ce1a713ebc3cc9e05b;39424;ebf2d345833e2dd80c144d1f83e4cba807b531bba7b6831b1d0c4db60e760c71;5;0xE000;38912;148;512;3;0;3;14;1057575;649
5e05c8f3a73235cd.dll;32768;fdaefda18938ca64ecc4a591c97129966072b96cc5fa2500e31949ba2d1c306e;33280;63c8bab299c6a21c0151de68601146bc0f63e852251ae55374fe42047877c819;5;0xC000;32768;222;512;3;0;3;14;1058224;649
5e1b6f6f973311f8.dll;30720;416419801404a4aeae6fcd16adf4c58b5a16029f86a753542871930e08b6cb7c;31232;913e8fbe33de829ae345ccca1afb21293e09a8b56f73af89dac296c86673cb19;5;0xC000;30720;426;512;3;0;3;14;1058873;650
5e2d15a37002aa1d.dll;31744;e1d3029367c4b62a4cfcf7fccb2d1c95468ddf59009b9394f9d95cb16d842e23;32256;f8bd3ada3a25e7b7092e7961b47599330cc3af6337c8d91a9cdefc498f977916;5;0xC000;31744;208;512;4;0;4;15;1059523;659
5e40c2345f252fa0.dll;40448;871d66215a2d19b10e620d3b24c93dcb078b9090da35618371d330867d9fa638;41472;cd1cc92de6b0bda94464de089eeef18528514f4fe1535abe1229bb7dc62a86e6;5;0xE000;40448;918;1024;11;1;11;22;1060182;1242
5e4cf61806f1e5d2.dll;41472;21afbbff18207b8862288d421d0c0393a6894b6c8f14e4f96cc8fc0cbdfd2634;41984;bfb6b5c1693c76247351b936bab6186fcbd082c00ca496068038dead811b634b;5;0xE000;41472;151;512;3;0;3;14;1061424;649
5e72b390665974d3.dll;31232;8004fb64ac4c0f04d8c8304133a419d4e56a314f076bd03586eb798b36b3ab26;31744;6a54b03a1182263d5ad65700dbe7dde28affee61f636939ef4c340aee2d4f703;5;0xC000;31232;106;512;2;0;2;13;1062073;639
5e745a6341a12ba1.dll;34304;102923d5bc38120600854636927dd170ced45bb69950a9d98859d40e0ecb4b0a;34816;56a3a0c80b5b8df65fcb3c23975a3086491baca400cac58323873c308496d4ae;5;0xD000;34304;65;512;2;0;2;13;1062712;639
5e7bcd6c24f591e2.dll;30720;ba305893710654d7d10902db643b5d087f6fa19c7ca0746f440ad7b4add22413;31232;6d3f890bf88638d23b0babb7e8bf34f380f0fbf0cc9c9c2830df339ba4ff008c;5;0xC000;30720;81;512;2;0;2;13;1063351;639
5e88c0d01812ab24.dll;31232;5c0ab46da5ca62efb8a061e72b4558515cd923d42cee101f2eb82025dd352e49;31744;534e609e2193f87ad15646a5bd067911de483bd54cab7c872d8861f7a19884a4;5;0xC000;31232;141;512;1;0;1;12;1063990;629
5e88c0d01812ab25.dll;31232;49406a0024c2068301165957a34cbdaada38788a09ca5945e3c5b660cafd6a4e;31744;d0a1b8108f0382a8e93958950a995ac7fbed64af44bef4210d757bc9a26d1a49;5;0xC000;31232;121;512;1;0;1;12;1064619;629
5e88c0d01812ab27.dll;31232;88ee942071016050d169948d44086d58e89b09375769bf5d943bc5029b01d2d5;31744;e6e887e58407309c75102f30afda1ad9cd2faf130fa5e08bc3d972174b7c70df;5;0xC000;31232;171;512;2;0;2;13;1065248;639
5e960a4caab14368.dll;30720;2a199a532f0aa1775d2118dd97b82d93d2ca9dae2b1fd601667611c301731a02;31232;db710668fd812e88ef57dfb84dc90333333d5fb33108dd4b2918536c808f0d09;5;0xC000;30720;32;512;1;0;1;12;1065887;629
5eb493c7e7d8e7af.dll;30208;72df60c50d5d1e64a7c132083f61a652817b7561ea6c36338b19b277775a3462;30720;b9a392809d25fc22c927cbf002d5c9167a6ca5fc538abea553a9d06ea90b4aa6;5;0xC000;30208;41;512;1;0;1;12;1066516;629
5eb63ce49277061f.dll;32256;8951efc045a613ba46236c6cdc4501196bedd68681488e1e9e663130b6b77893;32768;0388a0ab8edef004d26f637bac23d965b567ccd35d4480011e8910a1126d1d32;5;0xC000;32256;27;512;1;0;1;12;1067145;629
5eb9da3f1cad289c.dll;30208;dc2d800c83f917f9a2f6ff2fec1812ca56384e47001ecf983e0b4ba6dc7f78eb;30720;bf090e1ea376e4469cd694eea3cedb605a2be6e22293e59f4863d350aa60fc0a;5;0xC000;30208;39;512;1;0;1;12;1067774;629
5eca117529473dd8.dll;34304;92d3ed5c2c54d2a17362aebdd28067cf9fdf434d3335984e4746414094f05bab;34816;832466e49b3890458463ca891c744af50320da3d010b4c596c571ebe76651dcf;5;0xD000;34304;202;512;4;0;4;15;1068403;659
5ecbea0f68ec095a.dll;36864;ef80e0880add9c1b2d39a730d4a1fa326ab2b54169c5df2134792e9d86340668;37376;0ef837eb4f3d49a6352f766a3c969dae8195c04fe8ef4fc6389bf5127d33a8ce;5;0xD000;36864;115;512;4;0;4;15;1069062;659
5ed2bd02e8b1b740.dll;28672;81c507509be0bc2b1a09e7133dfc10d67066f04f129abf4f63fc5dcdda4ef1dc;29184;25b96093b14f686b911efd118094236b2ecef3cc9c23c0ba33e587ece2bba77b;5;0xC000;28672;35;512;1;0;1;12;1069721;629
5ed6f587e9bef246.dll;30208;b38ab87f3934fae0e18824490c3a72ebacbdcb15eee8c6dbc351aa4cfa221f71;30720;9290cd6352a3a1177d6f5acebcff343a31e15afd52a0b6762753f374f9cb2304;5;0xC000;30208;208;512;2;0;2;13;1070350;639
5ef3783ed90afd57.dll;28672;4423d1c29a94cef610887227357e4bd21fbbd90eabb4281528d0dfeb28dee0c9;29184;8c2d27159253eb2a11efb8771eb1838e18bfb747f320db4ac5e92d803ccf3f0b;5;0xC000;28672;66;512;1;0;1;12;1070989;629
5f0803ba1d5e3824.dll;35840;5783192ca1da1ed81099caf67014b73ffc30a145bd700f081bcb522ea03ad80a;36352;70643ee3f6b5c5aee2d803e3891a1d4d3939f6fd7ae468caf9a0ec3bcf1996bd;5;0xD000;35840;46;512;1;0;1;12;1071618;629
5f0803ba1d5e3825.dll;35840;1988e112d0f5007c888b51e2d4de347327e352690e86fea74bd818dfeab819ee;36352;0451612f082ae3c3e9847936ea191e3dacd1647662dd26e7c848cebfe5b22794;5;0xD000;35840;36;512;1;0;1;12;1072247;629
5f0803ba1d5e3827.dll;35840;fa967edb863fa45cb7f0cff7b9b76f82f0c8e1c41e21deb727d19d1565ac0784;36352;b23fbd94dd2e3104eb0fc17560ba3d17a6ff6253f6b66782873b6defeaf7c246;5;0xD000;35840;45;512;1;0;1;12;1072876;629
5f0c45461531e2f3.dll;41984;34fec7190114e62dbfe81cc63c109833820ac631297ac7f3d65498cdd45bd4cb;42496;c12ccaf7550c420c70b43d7f83b6571e451be25726c460c7e923281d7219b0f8;5;0xE000;41984;390;512;7;0;7;18;1073505;690
5f40ec721c640837.dll;35328;418779421f92b2b5467112997c960d0c3d6e25baa850e52a656307973757511c;35840;d3d37abc814cc7c98e1d2ae698738915e01da353dadf7b38ebbf8d92efb99b3e;5;0xD000;35328;144;512;4;0;4;15;1074195;659
5f556b36041051c9.dll;31232;05fee63a5a29cb8c5e955c2a6c31d1b1f28a1d6fea3cbad7f4d676a3706783a4;31744;fabbbc53a81d37cedb74292da4c87b838359d70799b7089a316a17cc756dbd57;5;0xC000;31232;65;512;1;0;1;12;1074854;629
5f5b793e90169a80.dll;33280;9074f19c71718a23a68e0d43ecbe1bf01556baa82aab7c7e637b9cf7cd09722c;33792;9741e2a56e267bd72ade3cd9d334258fa9424c8aee41818f826678c17e020082;5;0xD000;33280;173;512;4;0;4;15;1075483;659
5f623a5ac348bd29.dll;28672;ddc2be306f2cb9c07b3f9adc2175fe311fc5edbcbd74dbf186f1d30c836e7ba3;29184;2ae95c6aec774065d067476d3fc81a0bd40078a074c801cd9c47aa5c386590b2;5;0xC000;28672;73;512;1;0;1;12;1076142;629
5fb7b690b5deacb0.dll;31232;93745aff755077025ae73ab090a93a42d1015d04b4f01f5d47b35ee255e20f68;31744;19212fecbb13d4dea6ac9a0848554c0fbe024ceb9685f52d617cb116635094c7;5;0xC000;31232;206;512;3;0;3;14;1076771;649
5fb836f3554e1bda.dll;31744;cdafce0ccf25335cbf925b4f26268fed3d5a088a2c50b5f2d041145b30a33d10;32256;f047adb9422954e33c75be9daba8fb5bcd3aa2f9156547ab7e509d7590b19da7;5;0xC000;31744;285;512;4;0;4;15;1077420;660
5fdb6fc4a0bae6b5.dll;30208;f5c468b18ce4c62dafaa58338e362224b0a0528dc035cab1faa1e2a67cb4a4bd;30720;1c8044621d85fed614d9102220f93a20ea92b080eca8b0fd245d0e14af77cfde;5;0xC000;30208;49;512;1;0;1;12;1078080;629
5fecebf6b0a952c7.dll;31744;382867dbdbeab75f54754a0e5f75576b6e5bafb7a776da2b1877e3f9a472409b;32256;b8fbdaea7f9b9cc85f3e4413eeac0a39fe6278b991ffb263c9e57c9e89d24f7b;5;0xC000;31744;72;512;2;0;2;13;1078709;639
5ff2e7c2b39f49d2.dll;30720;4df19600580cfaa11f90232730ddb83ad347c7326fa762d9038771b9148f1170;31232;7d63be60b8bd20ae36f6ac9c53ef09118b34a42a5ac3da018e0fbabdab7f912a;5;0xC000;30720;51;512;1;0;1;12;1079348;629
5ff488a551c0b8f2.dll;30208;d08db2916280180985100b83c9f7091b7f3bde0a0dc24e4ac8b3aade4eaeebd1;30720;464ca70ef1bf569c89805fbc7f3b5c7a27dce86495bbf8b1302c656ce8dd48b9;5;0xC000;30208;83;512;1;0;1;12;1079977;629
6004045088651b89.dll;34816;e2cc3cd0ac14dd4c75098cb9bd97001174e7de0fc2fd1a7b5db12826add50605;35328;1600a13b22a88417df99aa9a443fced2c1f94c19eb0e12b76195a34308e4c896;5;0xD000;34816;38;512;1;0;1;12;1080606;629
6004045088651b8a.dll;35840;9387df56a6c41e6db0d68c33e513115c26895492daa3a761c66fc8a80d3465f8;36352;ab790aea2e44107d3847a9c377a32264e44d0244f4f368046ce0ea17dbb92091;5;0xD000;35840;23;512;1;1;1;12;1081235;629
6004045088651b8b.dll;36352;825b98d49d648d4ed1e08ec0a5a487585f45b7816e726e7302149d7ea22d0832;36864;15442f92703f29ea4c0e38a546684c3afe2bc8ea8f2f4f480bb1ddba5e9f7288;5;0xD000;36352;97;512;2;0;2;13;1081864;639
6020205a601c6373.dll;30208;80e3a057fae6c509a7a0a09f91ce7d7cf9e5c504c832818d29ddc3f5777e7405;30720;c56502904f242e7f6aa958cf1ed630236b804fdf68845e9046038f0e1f195d0a;5;0xC000;30208;274;512;2;0;2;13;1082503;639
60283a33854d6a4b.dll;31744;a43583486ba3dfe51d527e8ecf88b1b66bd562f84b63c3c4a76b870c8d702463;32256;e4e9d57d31560c9d71263bfcfcb82d54be97899119142cb3c1b7027f3b818a2d;5;0xC000;31744;76;512;2;0;2;13;1083142;639
60297b6fe582d8e9.dll;40448;77545a67e4d985019356fdb42d2506f1a0e87bbfa9dd99df9b6f1b492fd023be;41472;bec58d35b52fc76a80cf0458328d1a556a6bfe5887624f679d57b6f095079537;5;0xE000;40448;537;1024;6;0;6;17;1083781;1192
6039a520ca412a22.dll;30208;dd6a82ac86adbfce606a26fec0f97fd6043ce434bf99cfd376eda7fdba08f4c1;30720;13c95c9294fb49c27ec3292ba6c75d4345fcc443fb354f1c7013ec481e561b98;5;0xC000;30208;37;512;1;0;1;12;1084973;629
6039a520ca412a23.dll;30208;df43427eb6b7365a7bf9a50724d628112b1b1220ba4f2efa68f9f2b12b13d9e9;30720;bb2584959f8fc6dd6b241f056dffb767c9aab252e9f6539583a01413fd9cc0b3;5;0xC000;30208;43;512;1;0;1;12;1085602;629
6039a520ca412a24.dll;30208;674a1608abf4dfd19f888e5a32a9a28e419ba368cbd57f1208024fc0dc2e9b88;30720;863e9a43b130b27049055d14548f3872e62840be19bc878a4155eb775842233f;5;0xC000;30208;41;512;1;0;1;12;1086231;629
6039a520ca412a25.dll;30208;6e1530f19bfa1d01489ac0ac05dd7e30013fb38513cd2c8fd77a93ce4e44b345;30720;8e98e519f311ca647d1a2f9a4a280e24c970fac3d57f693bea652cc891ea7d95;5;0xC000;30208;44;512;1;0;1;12;1086860;629
6039a520ca412a27.dll;30208;6fa6f97006d3e45ab115e1cbb887b17a84d4fa99a9eaafd4d9fd2f2f016bddef;30720;99d0a434b6e75424335c52eed974ce91e0c56dd7d1317ca81efd3815b0ba1124;5;0xC000;30208;43;512;1;0;1;12;1087489;629
6057e773fd419e8e.dll;32768;4e825f8d85887a593a4579ad70d56ef98811d76398d389228d7ebc88a6d5b015;33280;20f73014dbfb1911edb668a1bc3c3e9059819e72ec572de3bdd3a07b1447246a;5;0xC000;32768;214;512;4;0;4;15;1088118;659
606fcac17f9a9fa9.dll;30208;e8c5145dfd7a237333d6272a4ed3237f9571559ac1c1465cd9420da0e26c4cae;30720;8549217edaec913fa78f66d9d452196acd05ad405811ee9d3a71dd598706be19;5;0xC000;30208;83;512;1;0;1;12;1088777;629
60745228f37fc474.dll;31232;4c39c6d70a224e9d9114ec8c703ff2e36a9cb6e82cbc2e6458469170d57eb9ad;31744;daf2d69cc54ed977ff63c72a829eacd3bff3a8b8f92d4904b88b3338d0238389;5;0xC000;31232;116;512;3;0;3;14;1089406;649
607f5cf0d71896bc.dll;33280;1b19de85a4cd0a8e6abee9a7f8cf82cda8a67f308bcd5cc2654e9a730d46cebb;33792;e03ec658f39a669fe72b82e58d8e28acf03d1dd419f321e70fc92f3f4a6f8dfb;5;0xC000;33280;25;512;1;0;1;12;1090055;629
609855808e8aec33.dll;36864;6263c0490ececeb3897f1013e75fffebed265afac308c93156c1114b2c30f6ef;37376;d358b92120e0eab2790082da57da929a10a9e36916fe034e0be4d40da755a4fc;5;0xD000;36864;162;512;5;0;5;16;1090684;669
60a552bbb15a5f81.dll;32256;0c4d23b27d7ae6608a8b7d2b1c6695d42e30f44d0d739cdcb5679f6ace0b31ac;33280;3cb46fb635d1522068be7b2426c712a3524e389277119fa803700a8f1d44697b;5;0xC000;32256;615;1024;4;0;4;15;1091353;1172
60b8cc96a919d780.dll;31232;2a08c8c4c72c4fabf2bc659a01d158e84a5cddd53e7b0ccd974c3e8851cbf43e;31744;99717b8b79127266a5b4868c1cc57efb134ffbf8e72cfd9d1773005b9fd6bf82;5;0xC000;31232;66;512;1;0;1;12;1092525;629
60e2a502957370a3.dll;33792;b52ac8ba5bd7decb59c80ac7ab5bcae9d5e25978d7cf50df9b70fa6da6d3acd4;34304;4c4a1e4096c0d8ef150a4fc24b83e5fcecbee0bd502d920458f3c212d5552055;5;0xD000;33792;135;512;4;0;4;15;1093154;659
60ece644ad62884e.dll;32768;d6755c98723564cd2c300c16e131f3e1cc12926a87b3f38e27e92fffd07aff5e;33280;7e8896d1696ab5df5ad1fec86e2cec92dba9436aa9ba394dfbf18f2480721e44;5;0xC000;32768;184;512;3;0;3;14;1093813;649
60ee6a9f9d35db5c.dll;32256;9bd36b2125c11b9f7b72e2f17beecc563a0084b40831690249415cd55c7ca877;32768;27cd9f9c427c3e5827ad60585de246b7bbcd51a517b0cfa4c3d5c696b475289b;5;0xC000;32256;374;512;4;0;4;15;1094462;660
61176e672677c9cf.dll;32768;2ec7ce8a832f404e4a70066540aa17977fa09fcfc06a8c36ca933c4fc5f483f5;33280;d5eeca03c0567d85453e37f32fce17562e6bf959b0958e14f72d5c3778430d14;5;0xC000;32768;343;512;6;0;6;17;1095122;680
612c67f2abd81743.dll;36864;729e603f01968e148a15d40a1147505854133ee39af0798de05631995a6b2628;37376;4e1f083a85e741a5b673b9df94b1c02f9ddc0c44d9eb7aebb960d7710f13a800;5;0xD000;36864;186;512;3;0;3;14;1095802;649
6132da1066f4b864.dll;30208;a8d96b5748892f7d97533a71fa1c238c3d8ce8dfd214168f294ef49b6876817f;30720;226364edc4f4a1c502324e7cb82acd7a07aebb51d404afbf96c90cd0cd6ca32e;5;0xC000;30208;285;512;2;0;2;13;1096451;640
613f4a1d008367c0.dll;32768;180d1a4ba4312215b705c6d8af232c691eadb08ff636d0d13efb55a6a62e6f78;33280;3facec04e4f6bbcdfce4c284a80f21337bd03b1ce0a4d4ae2ab1a49cc3e78a77;5;0xC000;32768;256;512;5;0;5;16;1097091;669
617c851d36975efb.dll;32768;f616cbcad988dd136e17a2d353342acdffe6341f40af1994ceceb48b77db547c;33280;7c35bcf4bf02936762025658fe77a866c5731822e253cd04df29b32bca13436f;5;0xC000;32768;79;512;2;0;2;13;1097760;639
61809b1c6f2b59c4.dll;31744;7cc77811fffcdb8477be110e628406b3e9c1666c9bf8361d9bdb290bcc89c48d;32256;dfefd79b7610bd525bf1259edffc57fd94ce21714a36960f5c4de5686715823d;5;0xC000;31744;44;512;2;0;2;13;1098399;639
61915fe96fb94fa5.dll;30208;1e5b048cb4df0ff6e5f140dc5535767e3963de4835e4c07d8d9a1f9926963a9f;30720;20a94287a79b80ead9ee48e5d35e642dbc4824136486e04b5bbc101bbec30db5;5;0xC000;30208;44;512;1;0;1;12;1099038;629
619698447c5cbe8f.dll;32256;6178de5a751fb1a36f6885400025461620e3d6e8813bb553b7a336956d1ddd17;32768;0dd8d62d5b9075bb080f096044669be1a50de0c36b15f5a57031468ad54133dc;5;0xC000;32256;20;512;1;0;1;12;1099667;629
61a579bf9f9ecd17.dll;31232;ade856fcc670dc27eea41d72a6f46ea3503f00742f65601692dd5d95018e7d46;31744;f0f6f3998ef3da97514805cfab08fa70ff52edfb66290f79995173d341f0be65;5;0xC000;31232;99;512;1;0;1;12;1100296;629
61a82d6f144fbcff.dll;40448;cf9d26f71cb12ebf3ed1e05d1e7c2e92049b128f15a4b23d0af59ae192678ae8;40960;d92a41dc945c574829f3edd19641fb74430bb63e19c0653d5f949b8f5ba068ef;5;0xE000;40448;214;512;5;0;5;16;1100925;669
61d9d6e3a8d7b10d.dll;43008;be095860e8336f42f3772f748c5617f9c08a296492facb9a11b1b2e8a56ec699;44544;3e6ba0c63a7e554615b74f99e3511472be9793e58d96ff35c815770f7a58e3a7;5;0xE000;43008;1395;1536;18;0;18;29;1101594;1824
61df048d63e10a34.dll;45568;20c47b7e7e24ba5f630efb6604fcdf44353c9728ac2ee124975f1eb210a2a67c;46592;c8699acd3181cbf4f2c752b53ea8abac703e1bc0a023195f8c8e4497343306f3;5;0xF000;45568;567;1024;8;0;8;19;1103418;1213
61e72e15b74ffbf4.dll;29696;b7f99eebcd593a5977bd7ebf7b70e1c376c7b2577dfb3ba636c3de9965f1930a;30208;8ba706bf17a61813c2fe899c2c43d680b3ae9eab7d73ba67e9ed0ea9970a89c3;5;0xC000;29696;42;512;1;0;1;12;1104631;629
620a87ce370ab579.dll;32768;7175937ea6a24a9ffc536dcefc3697a46f19d6585eab305a2f8db947b14f66cf;33280;9a19f25b9c94c1b349c30dd4f5f719aebc0096598a4412f0f207a92fe4f44273;5;0xC000;32768;81;512;1;0;1;12;1105260;629
620f7e7d987ec34e.dll;29696;d3009b6c9333cbdcea3119d7248fc318e39b49e5ad94a4048991f4b6c7701e78;30208;dae37aad7fc0df2c8651d5f3891262234a8e087acf19b94ca9241bbf83b93de1;5;0xC000;29696;101;512;1;0;1;12;1105889;629
6213e6e4939fc508.dll;30208;bff08a987f39565b7d22615b21dc8cc941fe99d04fb256e023986aa9ad15614a;30720;cc01b43097c876dcacebbc2b68c5678e24931f16ab85e24ba9b0d01aca333ebe;5;0xC000;30208;106;512;2;0;2;13;1106518;639
621ef0bfe6300ccf.dll;37376;318cd4f2d88fced9bf1e7e7df5cc9819690f1e4e349f34e9ef02f38f537b7722;37888;038e223af2006eb9a74966faac9f0dfbb8f706027b57f6f705d7e34ad3083ba7;5;0xD000;37376;39;512;3;0;3;14;1107157;649
622bf0e986a1ee22.dll;30720;3cbaff9950f96e969460516b8b7f7674981dc4a96f367e984931d4fb592b63ea;31232;9f0f28b7e4e866191e9ef621ca10314c80cb309e021a06cd3200cc246599bb62;5;0xC000;30720;69;512;1;0;1;12;1107806;629
623c3343cd31bd41.dll;35328;be83a83bbb2f727adb452d98ee1ff169d0fa36338dd7b6599f13dff1367f6976;35840;4d0161fb42faa10226bdd0e4e4366cab3ad62c0204b6f5d32e6d133c3c7bb417;5;0xD000;35328;252;512;7;0;7;18;1108435;689
62474bafa1abd761.dll;30208;7adc1b320ed357442b02df97552a928dc418ed10e404433ea6a29b282f84bc3f;30720;fca53702b8dce6acfbb4704c192a23f5154126d7dc6bebb1eb963c5208196d99;5;0xC000;30208;70;512;1;0;1;12;1109124;629
62579e7f2072f027.dll;28672;841a40d8d948307ba283b84925f01a86120e73f47f940710576cf15f414fc127;29184;ea8c5db7a2643a5f92bbc2451ff00fe23293d55fe3ae20014101cd092bc213cc;5;0xC000;28672;41;512;1;0;1;12;1109753;629
6259ac37fc7a18cd.dll;28672;56082a384bb9385ac9e602f9e6d27e938020242a04fa6bed5e81b02ebf71729a;29184;f33234c53798c6285826da48e1bb8c63a6e2d939bf6290e11fa9a6947971624d;5;0xC000;28672;63;512;1;0;1;12;1110382;629
6261e2972d0b00b7.dll;29696;5267fee3050b04bf9cb3ebfecc0005776dff1bb46ff51d5affbf574bb0a69c18;30208;2a2b992ecb81c19d981aefa336439f6472d79e6e7631d50cba63d060159bc45d;5;0xC000;29696;48;512;1;0;1;12;1111011;629
6261e2972d0b01b7.dll;30208;c6ec69c180e81be10f33b27d4773569aa2ba58bc8432a2d7cb444cc1968d214e;30720;1f4e4b6951dee5597997e5dcfff49a9c73fba4e0ca2f54e40d388191636a2d3a;5;0xC000;30208;74;512;1;0;1;12;1111640;629
626b4ffcf7884640.dll;31232;4c68a9bb99b2b21dc6c614095dc3c7aadb36f0971ecffde591f6cf7bf2606001;31744;03b5b853811d1e49a888a14fc1877de501e23e31e1c7fa3dc96fa8f896a985bb;5;0xC000;31232;113;512;2;0;2;13;1112269;639
626dc8fa7c25dc92.dll;31744;ce88a1d951376e08b75b64f6389c6ebc31c9b52d5d4edf64b23bbb2a3f5e2c7e;32256;27c385af97dd533bdb1feb5ac6040e0a5658a330c1e152e646be8f30c3be7f5f;5;0xC000;31744;62;512;1;0;1;12;1112908;629
628273ffbd544147.dll;36864;e0eeff9f729b24bbaf60cd7709fbdb4a2cbce27ad235c6e6217e905ccb1e8040;37376;1abd6d7af6f5a63c2a1006fca59ad412b491533ea01adac54c8574669ccaaade;5;0xD000;36864;54;512;1;0;1;12;1113537;629
62b2de27a4ac96f7.dll;32768;1243e35463dc6ab92ac5e58762fa5830ea123fd07b568485de3eb2c28e8c8442;33280;72b35671d52992f5c95d93631dfbf88846b04aab2e36fd2ad9c04a5aaeec3f7d;5;0xC000;32768;431;512;4;0;4;15;1114166;660
62b7bc662854a427.dll;31232;6659423006d0b0cbf7e3e3ce3eaae779c3d128cab291b28ab7d04bd4416c05ec;31744;f09cc2dc77274061c72de32b5413e6624f9e52cf55b8d22fd3500a9fabaa5fd4;5;0xC000;31232;192;512;3;0;3;14;1114826;649
62baf358e24fd147.dll;28672;c434faf5985fe9f9b7efdd07d2ca46d565cbcccd9ba7326f49e667118161a5c2;29184;53a38a8eb0cc3f353fbca7cf10b727eb50271c51f1e211343428c93d0c6cf0b0;5;0xC000;28672;42;512;1;0;1;12;1115475;629
62beb548624e9c80.dll;30208;b5c65e60bdcec94e36b8f6d2102de03b7869da979c1fe339732d4cb7d8149307;30720;2de89de4c9ac088f3b7bebf634d2307dbe62a46e990c1dc77ec84faa89be097e;5;0xC000;30208;30;512;1;0;1;12;1116104;629
62ccb4ffe42f04e7.dll;32256;8119f4a5610d4b9079e7e9eda2cec558e9578db36a4a4828cc9548d1de3b48a2;32768;a9e2ee9105418034f65d250d9af164049527055fc4b9ad3ce0533833d3656a1a;5;0xC000;32256;23;512;1;0;1;12;1116733;629
62d0dc849589adea.dll;40448;326311cadc4d500e219747300f83ac37e127c073c845c29a51bf8bc0609dec93;40960;bf3cfd63a51821c739c40fb058939ec83a294f78f19d4fbe3b3f0427367b8f19;5;0xE000;40448;176;512;4;0;4;15;1117362;659
62d579973b19d0b8.dll;32256;50188bb363f0c5d9ddbb7eecff3fa3973bcb3bb17603bcb1a86cb1020063381d;32768;51c509de705feef1ffd20086fa532c8699061371445a5539ab82de655ea66154;5;0xC000;32256;414;512;3;0;3;14;1118021;650
62deeb5efc332a2b.dll;35840;49c95ce83687c7752309760b450b465779afe5c1eb7ccfb5ca79785e9ed55f6e;36864;65e885d9342afc179f13d85ead21090b4b34192f9832f20699ee61e731842ff2;5;0xD000;35840;705;1024;7;0;7;18;1118671;1202
62f50171741d88fd.dll;36352;6425d0e364e91c2b85015d9828372717eaeb429682164c51d6b9abf40e77c8c9;36864;bdc2fb47b448d637b54887783c8dbe5fcdaf71aea787b86cf31befce75157468;5;0xD000;36352;37;512;1;0;1;12;1119873;629
62f6d0e82e2ad932.dll;30208;e48d2b3efb1603dbcdb646bf59ec5213a1d905e138ed5d24b69fa88825ae26a3;30720;6aaddba2f117e523e51ae231ee76417571fbdc0e63c9080c0aab84dc31b5d669;5;0xC000;30208;107;512;1;0;1;12;1120502;629
630a4696003ac00e.dll;34816;2c582032c196bf0d391b9297a9931287eb2df3984016450d4961ebe48b0ac03a;35328;6e6265200d9cd8a512de2af549e10890033176f6b75dde3dd65843e7d0b59db4;5;0xD000;34816;21;512;1;0;1;12;1121131;629
632c2baffe146d2d.dll;34816;f78b83bf0ecd524a17b80adbaec405507e9c7723059773a7768aaad87bec34ec;35328;080664b0a3fb069c781acd6e6caebf07397bcde77aa17610db6bed0e3effa99d;5;0xD000;34816;260;512;5;0;5;16;1121760;670
632f6b294d1bdd8f.dll;28672;a33ec2e05c024a77f4232542a28384af575dd65231b663637d9483abedf121d0;29184;5f3dda8b869f50e21804660297d75b9a32daa80a3cf6b150ba4c1ef1926a03a6;5;0xC000;28672;43;512;1;0;1;12;1122430;629
63322b4c20aba6c4.dll;30208;38df7c2f4a8c18b19890aafdcb028a6859f4c210cd21d697151e53d3cd44d12b;30720;c20961d9ca4bdb2d58ec8ed4750485977651dc1d382cbc243497bd0515391816;5;0xC000;30208;136;512;1;0;1;12;1123059;629
6338e21195acab8b.dll;32256;fdc9dca56d940af61ef0e793baed7bc2be801245fea4dec70085349e7be49772;32768;c58104d46bb4a4ab3d3fcdccee92cd105b8f0f6362a45c2efe4876b2d41dc819;5;0xC000;32256;35;512;1;0;1;12;1123688;629
633f6e5c10521d34.dll;30208;848d09e8771f6037f38d0f6b293e6fbea305d1fba2a83b1349071619046e0aa9;30720;b8da960693121447ad1327b72c495259d3b49b28acace080a4edfccfad7811fd;5;0xC000;30208;38;512;1;0;1;12;1124317;629
636446a2ed4b467f.dll;30720;1a8a6922a1a70a69a0d6337047d9b1f92653d151a1a04ac1a95dc27a6502b14c;31232;95a9abfa6256001918251d389ff6933bb91468706adf51d18a6782b3108c236d;5;0xC000;30720;294;512;3;0;3;14;1124946;650
636651ade9504e78.dll;30208;7cfdf53c9e7535df454cbe24b86e4174bbc356a0b4cf634fcd4ac7aeb993c41a;30720;e0417bd092540725d6b6b1b3dc3ea042242fe423f0165a3f7e85d35a94f11898;5;0xC000;30208;150;512;2;0;2;13;1125596;639
6369bcfa6653ac11.dll;28672;c136d8699eec659f6c5aa29fa5536aaaeecc86efff26a4ed2246712f352b0423;29184;576d6e9df3dd7bc345be35be4064128a546a980b0efeb1ac1281bd7ac484ab16;5;0xC000;28672;66;512;1;0;1;12;1126235;629
636b8472c5f70765.dll;30208;cac373b23e9f99dadea80c5eec4572034ee4898a2a9a6bc71128164d221aee48;30720;ed03574bf01de0a7f94ce95d957f679528d54a40bfda9f60aaccf117fdf0dc2a;5;0xC000;30208;193;512;2;0;2;13;1126864;639
636ea85fc94bc51d.dll;44544;34fafb121eec84245e09a3c90864832be82c4a752e28730f00371cc3c6e2fbfb;45056;4deabff50a98210e13efef3c89fccf1aa7f7f9811472f19d92958171499a1e21;5;0xF000;44544;336;512;5;0;5;16;1127503;671
63798a6ff7df68d3.dll;40448;fc63081fdba1681f6210fb19ba808ecf363fb70efb56c3a9064d569cf77c5493;40960;9ed31fe1f8d9cd635389717a67a3f541d2f02893ce2832ecdfe79f2eda47c843;5;0xE000;40448;270;512;5;0;5;16;1128174;670
639c928a64fcbb9a.dll;37376;a6e706f3f0dcd9040241411ca7469f90697f0aef2ff69a309c827a5fb412bb6c;37888;696d964813351b52c5c526d3c3daab4d75412854c5664176d6f89f59399ec754;5;0xD000;37376;356;512;4;0;4;15;1128844;660
63a44f2b7855ad46.dll;30208;9345d940a1684666e9fcdfeb3beacc836c3a437b8a12569a7a568e311e1cde6d;30720;5f8d99550ff91e734b9de6832b4676f5382b3983a8ab9738cb9fa1d70ba4f787;5;0xC000;30208;24;512;1;0;1;12;1129504;629
63aea1260d2ccbc2.dll;30208;98bb40c77fa9b56140a93ed113ccf916dbcfdfdf32963d0829938b194d87d50e;30720;67fb55a82a75a5e7b5410e0886ec017a5519696130141605bfd4973a1f7d6272;5;0xC000;30208;92;512;1;0;1;12;1130133;629
63b018aae8aec0ad.dll;30208;0f400ed07ed118cb694ce0c2a8aad45434666e1c1221ad83be68824915695289;30720;026d209b130177519095361ddc739ea875f34dbc49a3c074daa35bd993051c41;5;0xC000;30208;106;512;1;0;1;12;1130762;629
63b018aae8aec0ae.dll;30208;0c449bde2e3cd29fe52627635675af4213fa1b0e8f2244aa1ec158e5fdef1c35;30720;9d2ad250289e7d560886d39c0d9af3304c40e7a634f6ee6ac713430c26f1e410;5;0xC000;30208;88;512;1;0;1;12;1131391;629
63b018aae8aec0af.dll;30208;57343f9c3f1bd8556cf68114af31a6aae901f5e233ae17f71c4436fdd752ca69;30720;4c44ded2ea32035820b2f2ac42ebfc216f9e4103536b27cef161e77e0b8d89c5;5;0xC000;30208;92;512;1;0;1;12;1132020;629
63b018aae8afc0ad.dll;30208;8dc1af53c96936aac679e6c3b9e02a7da898bcf2f0891474b0f76f6d621c0a33;30720;b6683ca4f366c194eb27434c8b06d0e6b5ab4dde6223ddfd50b6860883923634;5;0xC000;30208;85;512;1;0;1;12;1132649;629
63b018aae8afc0ae.dll;30208;095ce1eef4bdc3dbf079feaf076fbd52a83ad11f0b7eeffa98fe58824abcaff4;30720;371e1194a84adb6fa83cb7b8991ee3802051e69e0dcd35b8eafceffdffe51eeb;5;0xC000;30208;78;512;1;0;1;12;1133278;629
63b018aae8afc0af.dll;30208;02998856b0e2bd81569e480d1b40a0d04e0287c0b1d95769c107f552f989e9f6;30720;0e58676b1526f77674ceaf5a19c0a8cdb16a453faa124bd95da4b30b54fd1666;5;0xC000;30208;112;512;1;0;1;12;1133907;629
63dcb5a033ee4bab.dll;43008;9abfba748039ec17d54728dd6ff9dad90d05d2bf37e78c848db2d14d1d7c3540;44544;4ce493a7d774b495fef231250782dc604cd5f4d0f72928cf9925239608d2f6ea;5;0xE000;43008;1144;1536;9;0;9;20;1134536;1734
63f147c698397b60.dll;38912;d074c839f29a0f3ddb7d8ba2911b2d6047d65673ca230a86308b65040bbc8a9c;39424;34eb5971c5c25e8c8ed8182b9a751674a1159a41eaa3fc0287979879c4eeb86e;5;0xE000;38912;91;512;4;0;4;15;1136270;659
641339e6d102ea01.dll;30208;65086a1c0c8ec19a9e7b4be21a948fddfb4c04c8ec0203e6ace71c6169adcd98;30720;beabf193481c2eb5e96613af01858d2e931a985400862028411b662e41c6d19a;5;0xC000;30208;134;512;2;0;2;13;1136929;639
64445683caafb916.dll;34304;263217a40e484af3992837c5d7770c3da32b8536a9e7cae1b58dbaf6c4c94091;34816;573ef355d6993c49756a2b97a68a22745ada9d206a1f561f5a22ee9f6bbb6606;5;0xD000;34304;41;512;1;0;1;12;1137568;629
646b6c53f1e2ed74.dll;30208;b84ec426f3431c2d44a7d94d05da3810510f2f73d1f03f7b189bffdbe24d8f1e;30720;8bf6fb37c34003d8c3678bd93cc88f16429dd190eba675c22ad8f1aca3ef05a9;5;0xC000;30208;155;512;2;0;2;13;1138197;639
646b6c53f1e2ed75.dll;30208;8e94d5f6dadb36e0179092c2cb715016acac8f4d12ef787e518c87b5422e8d4c;30720;9f96977e5150dc4db166e7520504cf81eee0766b357b0aea96a8a99e45b74add;5;0xC000;30208;199;512;2;0;2;13;1138836;639
646b6c53f1e2ed77.dll;30208;7fd61abc40aeda2227a15c6faad5f39d56db8f95dfc83aba5422594c9ae6c049;30720;b34ff6043e109da143fe1c34541e1e46ff548b817dd8a0d41068a014a00e72b3;5;0xC000;30208;155;512;2;0;2;13;1139475;639
646bb1e8c67eba66.dll;31232;d4e71428a42139879e93571adae5c94bc9492b437e9bb867ccd3947396ff3195;31744;bff2fd8a733dee4b8fbba2ce792a6e608c94540d186dead0ba33e8f4ae12d0a3;5;0xC000;31232;132;512;2;0;2;13;1140114;639
64920e3d2af807df.dll;31232;f3caf8a83eeaa6626155edbe62b1115b7ca27acefd7f91e2d7d3d8307d4a25e2;31744;cad0fe9ee37d065057416467e444c19f7375c4b8f6275161a92d51a65ed40754;5;0xC000;31232;154;512;3;0;3;14;1140753;649
64b489bee863fdb4.dll;30208;256e23c42b660040cda258e91541961981f2507f92a7920a51666d2816855260;30720;4ab8fefc2b37b5945da6864a21a408c799e2c44a688c0da99d5f39a9567b662c;5;0xC000;30208;27;512;1;0;1;12;1141402;629
64cca0c9d4bf0821.dll;36864;020b0f7e178c0415c595faf8ca742d78378fdb84f49c3b80b51eedf6499f32a4;37376;825a3a706b690aed73c464c733c3df6a56a70b512b7bbdca8bb1838e5973e55d;5;0xD000;36864;303;512;5;0;5;16;1142031;670
64da490c8ea20ed6.dll;30208;3b4d6c6f446715619713594d152c0f8529b5943e22e720a205fa051b1ba99f5c;30720;795fee1a121161300fdc82042d763f60f874a4d78404a337d4062855a267e5a4;5;0xC000;30208;27;512;1;0;1;12;1142701;629
64f93b1e8f8ba954.dll;32768;6f029c4827f93619f7c8de241fe97dd768ce5f1761b44a8293e17f362a65d71e;33280;3f63a3624a7d451dc5dce0111fde3c40fca30397aec60398faaca875d5ff9368;5;0xC000;32768;380;512;5;0;5;16;1143330;670
64fee01908d27fcd.dll;29184;8ac97c5c270ad983cb2f9ba86f2cbf0afef8e3539cb900167781ab5a5c3102f4;29696;4da3c349d517383a6fc1c3050ad36706cf698f3e1b56e257fed9185a3d1d60c3;5;0xC000;29184;98;512;1;0;1;12;1144000;629
6512f3b94df8dba9.dll;31744;fecc35177b6ac0fca534d0c9ee1a5991e74a79479dc431b03667d4ec61c37a28;32256;679b03432921574ad7454a2da12ad8ce69e43f68da9282249dd7bd17b8121a7b;5;0xC000;31744;224;512;2;0;2;13;1144629;639
652a853e80dec917.dll;37888;2f336402b9da31d44f6b9fc061c14035074c903e624e7fe2d521ced2afecb6a3;38400;226e0ebf682caa665121f428338d5387886e7d456d336614c8afe7486875d55a;5;0xD000;37888;107;512;4;0;4;15;1145268;659
65435d65c73e7f31.dll;37888;1b9c2bbf1b7bdca6fa456eb5c819b09ccb5e40d93f1d3b65f2191fa6723fa958;38400;f5168ecb55a83a50003ff881d93a0a9d5ef536bb59a12e5a67f217b33b3d5a45;5;0xD000;37888;333;512;9;0;9;20;1145927;710
656025bffefae009.dll;33792;94b49e8c259969bbd880c3b646308de1e17efdd9788d5c08d81b8e4bcd9b2523;34304;ec326e56218664215518c0c654bac9344ed70115a4bd8ed05409b274315969b7;5;0xD000;33792;70;512;2;0;2;13;1146637;639
656e04885c436d55.dll;32256;427a2380a7161aea2f76f5b3cbc226a20e97783da3b552a743291810fe8c09bc;32768;56c7445ff2f7586c5f94cb0c0293b943f491ec2857ebec5c5570a6df8f5d7485;5;0xC000;32256;157;512;2;0;2;13;1147276;639
6572aeec94b409d5.dll;31232;b9dba44e3f6179aa3e9949b1ef622b2cada235b35001c7ef19739edaed6a7098;31744;2aabc58360dfc6dad10cb19ff9dd168b43e503fb33bd2720ef898d7beb1c5359;5;0xC000;31232;211;512;2;0;2;13;1147915;639
6572aeec94b409d6.dll;31744;3391e57afec620898424ddf05dcd23f55e4f1098295d218c4a7a9e457ae3daa0;32256;c687e2cfbe00c63a56327e8d5721e06c4fe20d564513103cad6497b1bdb7f2cc;5;0xC000;31744;230;512;3;0;3;14;1148554;649
6572aeec94b409d7.dll;31744;5faf02bdca062fbdcca6597f49d7ff8bac21672508b637571aaa0717c90fa7b5;32256;f7e953eb12ec3d1fbba1a773a792d679db3cc2cda2e29bebf2673f20ba4b8699;5;0xC000;31744;117;512;1;0;1;12;1149203;629
657f47fb52b1ef74.dll;31232;235919c259e3e06f6f0247a2ea3ad9a232292f458df8c992e71a06a6f13fe541;31744;007645caaea398cef36d8a74fbe0dd79cdc42eb416e545a4e07da84cd12b0b1f;5;0xC000;31232;190;512;2;0;2;13;1149832;639
6582a742dbf11668.dll;39936;6f47037cdb22ea019dbd66b9f9936cc19f4b6295d2ac6b6dbaf21bd41ea1633f;40448;55bde00e162da07bb0f2428a01db4a4fa89805f5512fae1d252c4c26d105f892;5;0xE000;39936;409;512;7;0;7;18;1150471;690
65a0113e2ce6576b.dll;30208;c624ba9e379caefffb963beaa60c450cabce7093b845ac9d5564182924403d63;30720;09cc7b72aa89e0944879401e5a70ac1930634688f83afd67b50447c4fcb2f891;5;0xC000;30208;137;512;2;0;2;13;1151161;639
65a134b006a0af23.dll;28672;9aa0b0ad4bb81a5217655a62a04c7d6ee69ea431214075ee3c4f93119b9910d7;29184;8cadb5f0ee85ff086543819523d8adc98fbc2d9763ed68da8ee49aada831071f;5;0xC000;28672;94;512;1;0;1;12;1151800;629
65dfba7a2b5f67f4.dll;31232;138fe4b40f6707c44d64b85258c9f07ced672a007e33efb7afe3be976544e378;31744;1d3a5b7cd28ea4bdb5b88a43dfa495886f884ade743dcfda57aeae4b459cf0a3;5;0xC000;31232;217;512;3;0;3;14;1152429;649
65e42dce27ff51e2.dll;31744;eeb6419e0ea1295c7d6981f3766329221104ea7bb47ebeabea4bd81852da934a;32256;a4082642896f54b57c25d59d6f8a53c72963ebd87661a352b33f0c9016721ebb;5;0xC000;31744;246;512;4;0;4;15;1153078;659
660c8af548b7e6c7.dll;36864;6dbb903073e750570c1da73491435dccea01b7760df989512c9be599c4fb1c43;37376;7a1365c067b88198fe4feeeae453de14ab902c279516a6f0c3f986d0be346788;5;0xD000;36864;104;512;4;0;4;15;1153737;659
661b7be5103ffa2d.dll;32256;6f5b03c2f0b1a65ba45823d3b322c3dd14d60c9f911c7b66ca4d132c36a3b5c3;32768;cdb878a4057e86b922ef6104cd0306a0fdfe0ad65801fe5818fa2003dd8b35fb;5;0xC000;32256;195;512;2;0;2;13;1154396;639
661fc821d3bc395e.dll;30720;4020e34fd9c8d56bd42aa7ffce783ae7fd4985e6a02877128677fb7ff6c8878e;31232;1fc9421543914a1283b106409ee1e6a852a17ef469414074ecc68d3a1e161a89;5;0xC000;30720;106;512;2;0;2;13;1155035;639
663acb5fa3e06df2.dll;30208;020452afe070cdac78005ab58e82eec7081171d9df899174c6f785ef21d5e4f1;30720;afd6d8e3856c4be51dec6e357618a5f473f65c9ebe75ea31f69e177c76096d23;5;0xC000;30208;90;512;2;0;2;13;1155674;639
6671460b9194f5f3.dll;33792;689ed0e0d1c05599c7b42f6a548e89a796e27aaa91c291e0a4ea73dd79377499;34304;f595ed4a98b39052b350f9e516391665fc457f32d61095e7e366675e40e7b7ca;5;0xC000;33792;274;512;3;0;3;14;1156313;650
6698255e48079232.dll;37376;6fd5d0c563af907aaff3f9062853a60cfce1cbd1bc9cb8db7c1fe732bd910a44;37888;0bf830156098ce01718f99715f4bc2914be7ddaba533bda4753719b8414f485f;5;0xD000;37376;80;512;1;0;1;12;1156963;629
669d2c544d179f22.dll;40960;9e222e44448268119a6c2c59b3e8be120211e8475ad2ef93ea29959e0f314aea;41472;a0fde9e4fb9cfa25c7dcceab260a79f2039230791367e5615e8f1ebcd4db4684;5;0xE000;40960;282;512;4;0;4;15;1157592;660
669eab40f25a4d58.dll;30208;6c082ca3b64bf528ca3278f7f9d6efbabd68711ebffd4a99371cac962949c520;30720;ba6102ae37522e7a67a2bdd313c69bb06a15c62db138c252472d027af2b226c1;5;0xC000;30208;105;512;1;0;1;12;1158252;629
66a087f66fd9a46a.dll;31744;5e0337e04a4111fe00525b73c8c48220e09ae5f1975a376ce64ef13eacdc6e74;32256;5026bbbf2e0d420b6f7e68f29a89435c489ec67095b82072c805a94430bde9ae;5;0xC000;31744;76;512;1;0;1;12;1158881;629
66a513037bc0967d.dll;32256;a757c787a2dd2b98b91849d954f63600698e687903c37f095cc13f84b7c176b1;32768;87034b89071ec803fe68986ecef34f553462d01a6500fb550837d6d77bbbf642;5;0xC000;32256;107;512;3;0;3;14;1159510;649
66a513037bc0967e.dll;32256;2e8baad18c9c718225f3f037c1ccff3580ba9f160b40ec77d3d37229818d1147;32768;08bdf12b97db92eb5a4463cbe1191ea6f246ca26dc48af4076f86d96420debdf;5;0xC000;32256;171;512;3;0;3;14;1160159;649
66a513037bc0967f.dll;32256;f8328991cde30395253bbecc852a9217bb49295e4a3d87e7c943ca46512304b0;32768;4a6f5f03bc64773ba92587fcd34ac9a088e3b0825897aaac6620e04a3fb0ad8f;5;0xC000;32256;173;512;3;0;3;14;1160808;649
66b1cc17c6c95441.dll;30720;b812fb5c8a6596796d4ccd6e9f9ab6a778f158ee3e24f5c35e7ba5e6f02be570;31232;54bc4ccb321dce2101e42d4a2bc2b7e3e48c87138cfccb42c31d03201706190f;5;0xC000;30720;220;512;2;0;2;13;1161457;639
66b1cc17c6c95442.dll;30208;91aaca0743ad40513e0f3a79552a445a66bc2a2abfd33fc44f16807d9781af3b;30720;142cf33ff1a2d4201811f10b588e2b58447a156792b82a7da99c37c0b8049322;5;0xC000;30208;163;512;2;0;2;13;1162096;639
66b1cc17c6c95443.dll;30208;4d1c3b5bb59dccd8913e5de35422930e22095ed91641fc94bf6e5473e673f759;30720;97ac283082f27226009694751a9b4eda0b379f75f46e58c9cd9b929bdf8da4be;5;0xC000;30208;185;512;2;0;2;13;1162735;639
66eebe5ef1458178.dll;30720;d0aa1adadc12064dfa0ac6e9b13d0eb3329250231597e4b4eca49de60e3d16cc;31232;c3b12c2c2ef28b9e710f1dec86c5bca189c01370f9a8decf83acdfef1170b755;5;0xC000;30720;53;512;2;0;2;13;1163374;639
66f7f29e9f93ce20.dll;30208;eca65c0e2652bf175ed774b2eea9cff0dfe416d12115ae66e731fd7984b8b344;30720;9ccbfb82f1afd15a4752ffeae8edceb782526613b3e3a01c9fb2bb64e5c4512a;5;0xC000;30208;82;512;1;0;1;12;1164013;629
66f7f29e9f93ce21.dll;30208;c7dddbe3614363ae76ff37b6e09c038747503c190fbf9cce95db49862ac1fa8d;30720;00adcef6c64e06514b75d9199cd93c00c684cb906fcc4a19757195020e5044d6;5;0xC000;30208;88;512;1;0;1;12;1164642;629
66f7f29e9f93ce23.dll;30208;529cee6de0ed19db74d210136298f6e550162812bb3b367365a9c9d7adbee8ce;30720;e887abd29821ebfdc23c6eab5322433c1cd2372a7eb5f41160ab34a8c5cf597a;5;0xC000;30208;89;512;1;0;1;12;1165271;629
66fba03cbfbae6b5.dll;32768;5acb0dc296bee67946d7236423d52301fa3cc35e25b6269949905e05ba4f6a39;33280;2c492b54089141ac5c8340b50476a5359c2bf9e6332b001cfadc7dd1a1654e2d;5;0xC000;32768;90;512;1;0;1;12;1165900;629
66fba03cbfbae6b6.dll;33280;cfec5a550b33f695e11d5596e77540ee53d0bc2ef740f3d993d9df5df8491361;33792;2c061fcafbf66da18addaacfa40be97c8a2a923594de7c6a93fc4e7f1feac7b4;5;0xC000;33280;104;512;1;0;1;12;1166529;629
66fba03cbfbae6b7.dll;33792;b14699513cd26c77a4d7282203c4d6b4353e249dc56bc15a60adbd186b839faa;34304;af6116b8c52f8a947c83b3fa91812d7255c51132c3e2f7cc8a81bb046539579e;5;0xD000;33792;104;512;2;0;2;13;1167158;639
673c9b53a69c0517.dll;32768;2bfe648adb96aacfb65aa475eb2e1b6ca3d33cf092d13114172d9567b6432382;33280;1b2d5a26be5f596be8fcfd45bbac0079e39d0890b8456234acb2dee4851b1a01;5;0xC000;32768;85;512;1;0;1;12;1167797;629
673d9cf4dc5fe117.dll;35328;070175601865d880bf28b343d08dda9c61b34623423d49b1e5ea904b63f9bdc9;36352;a01552d1fc17ba4a62889097d728a1a9ee757ac0d210b2d9b7fe0b4e36655699;5;0xD000;35328;617;1024;9;0;9;20;1168426;1222
674b3327c1be08f6.dll;31744;58c1acd44e0ce41daf425487c2a46f94988476856083b9b7d4be1a48b6b92fb1;32256;c6e7045c544133331653d3bb8f296f238fbaddca7590390d734356dc245a7cdf;5;0xC000;31744;181;512;3;0;3;14;1169648;649
678655136840ed58.dll;42496;945b405d5fab251107a4f49bb44e400a5f0d914f6673c066762a431d916bf939;43008;0328bc90b175b9653884dcfad4ea3133675e38d1072f7ac54479ca6643a74cd4;5;0xE000;42496;217;512;8;0;8;19;1170297;699
678cefc573d96129.dll;28672;3f31072dd5fb00d7948d4110d72ccc7173c2a5a1b6218f9d71c180328a076dd6;29184;085fd1d5a47778d3128a846e57d7e36ec7ab7395b1600f00f8a73ad7cb2713d7;5;0xC000;28672;41;512;1;0;1;12;1170996;629
678ed36deb3a014e.dll;29696;a0a8cb713cb60bc6a875e5a0ef2033a9245c797799725bc352b41065fda39e9a;30208;2d6aba30cf6cffb3ca4096ec3954c01836f1d84a295b05c14384fbbe04fb95af;5;0xC000;29696;136;512;1;0;1;12;1171625;629
67af1220334d7b69.dll;31232;46a9694741e4cd63f8082c41040bca2041fda73896f93a0cde8ebffb02a66464;31744;8bc798cab2c05052406a3e431d949f9674d435bbd5b9eea3783d0ddca4a36f7b;5;0xC000;31232;119;512;2;0;2;13;1172254;639
67ce4c2a4fc57763.dll;30720;b1c85a252d042d8a07b8fc3c7e55ee20334249905286df28de91a8ca6dc8dcf9;31232;ee817ed873acf96efe1c7e5668e66bc6d224728b773a721430b1c6fc4ba06a0d;5;0xC000;30720;67;512;2;0;2;13;1172893;639
67def5a8f43ba134.dll;31232;98147c2946ff67ab4655c37cc820e496bf6a0a1ab4a4cc9ed297fec556e5bf30;31744;ca7954bdbce68baeae74b69a0b39492cb752ad1be02997a47a52d6378b975b34;5;0xC000;31232;414;512;2;0;2;13;1173532;640
67e45a2c6e948555.dll;30208;3c34d11124d0ead78f875e9555c843fe20be33ed7d6bfb50a9ea95e2478c9a64;30720;4b89ef1b5adb1c9fbf820fdb4b6b75c36f72639344913dcc1fe9592ef57f11a2;5;0xC000;30208;38;512;1;0;1;12;1174172;629
67eb7b4aa145aa06.dll;45568;0bf1086135d5fb06c2e1700793709c3d9c57e55863031e073a2ece48372560d6;46080;a8401c3b5e634729f9105847aba4397165801f8eee0470e56641c3b5c7164c8e;5;0xF000;45568;236;512;4;0;4;15;1174801;660
67f010060d017f65.dll;31744;a7ba0088a3ffb0d962081b151302b1eaf563aad3a23b499fe63a9f80723f1be2;32256;c307819e735c803ad389a378e5a221523f17d6b0e43bca3d1a46d538edd28d24;5;0xC000;31744;89;512;1;0;1;12;1175461;629
67f010060d017f66.dll;31232;9e657f538907b8a3a0a3558a05d36f2109295ab8da0591a9003bfcfa5fbe055d;31744;e7ede020c56b0e168a1e1e276068860b21cb11dccaa912f962a6cf25b7994ce9;5;0xC000;31232;162;512;2;0;2;13;1176090;639
67faa86275b9b489.dll;32256;7990fdcb9b788edc387d15f39a8c4dc78ce24c8df755e611a26baf2c875b4f05;32768;f4249840d0cb808de3e8713333e23f7a9fbdaa3e81312d4676bbf8d137fe945d;5;0xC000;32256;15;512;1;0;1;12;1176729;629
68122590b3020c29.dll;28672;ea3406f54a0cce08b21fe30aa77805d13b396dbbf314e2ef53410bc17ce721c7;29184;ffa6d98abe6e3ba7a83327b63767b8705580e8ddff95340826e1b92e264517aa;5;0xC000;28672;60;512;1;0;1;12;1177358;629
681238c102babf0b.dll;31232;8fab5b235bf2b1549f349dfc98bd34dc88a181a5cb3be2bb97f3f9f59ac7adb1;31744;b022315f0b5037eab7ed5c9b07c651371240ed3ae99ab086194c6554344b2e2f;5;0xC000;31232;220;512;3;0;3;14;1177987;649
6826dc773d6bb3d9.dll;41472;40b5779bfa30bfab5cbb91b1a6a45e3756d98b053adc10bd10bae65e65600fa6;41984;148b0e791b7ed32e2d0c0981d9c1b2f97a262ce38cc9a6c0a3db5ba3d78dd416;5;0xE000;41472;398;512;7;0;7;18;1178636;690
683a8f4bd6e14c38.dll;31744;c6dfb7f567aaa74e8e99b6534fd054911999527565a75b9ab0aa958e4b64011a;32256;96b31676d4d2f601d04334564bc5e7dad474122e0a4c2a358e4d40597c1f0ac1;5;0xC000;31744;161;512;2;0;2;13;1179326;639
683a8f4bd6e14c39.dll;31744;f581c72e45c85bdf7b65caeea152a05048f65f309c402dc91630dd9205a11441;32256;79c15ec34dd0c2e3c4736b9e72d3c1890ed5aafba56e62e66c3bf7f29b1ecb5f;5;0xC000;31744;132;512;1;1;1;12;1179965;629
683a8f4bd6e14c3a.dll;32256;1455e721e6c7507be0a1cb439c4740aa4c342f7091451b66a6650e40ed47a556;32768;3c8eb5be3b9bb05922e1059e7206c5012466a0ddf8f4c73c3ae9202840dd60b2;5;0xC000;32256;180;512;3;0;3;14;1180594;649
683a8f4bd6e14c3b.dll;31744;0058fade92a45d96e2da39b6f259e45f43654d63c8c22355d2f5c66f83b27bb2;32256;dfc58922729279a263d03b1ca631b440086fc72f2474d9c7b762c81867174963;5;0xC000;31744;171;512;2;0;2;13;1181243;639
683a8f4bd6e14c3c.dll;31744;e2b8a60a0c3aadacd1a3fb7e33f69dfc75c720abcd882990c786ac5268cc4ade;32256;1dcf05ef7f2765757582c214dbd2e07c46599ac420dcb68188eb1b6db88c0e94;5;0xC000;31744;132;512;2;0;2;13;1181882;639
683a8f4bd6e14c3d.dll;32768;6f2c1fe398bf282e8769e7689932663d2f5155ccc24eaa690c9aef2e60e669da;33280;b79be396621554543bf2de570cf08505a3b0242833f9ccf265fe39f78ecb14fb;5;0xC000;32768;223;512;4;0;4;15;1182521;659
683a8f4bd6e14c3f.dll;31744;fa523716c3ae5fe85d41e70ec72d37c1a026895f96531c7f193659b23a57b029;32256;25cfaa1f42394face6688fb23e8f80a0113671531e44f3351b2122dd1639db9a;5;0xC000;31744;132;512;2;0;2;13;1183180;639
683e060f2a3ca567.dll;30720;a185ae777b47951b46036d656db9d99cd23b036cea761708c4e677591f40d440;31232;429b96a9a8c56f4c5140851490517fa4a454785311d7d33966bb02d1260b969c;5;0xC000;30720;79;512;2;0;2;13;1183819;639
684993b395c30217.dll;35328;a8a8740a1111873e73ee99b079f89dd7043795d1bc410aa7fc9669557f22a373;35840;a9de74a99c0815b85cfea76cc09e0062cf09c02c6c2ed3ed467d5417494a9e22;5;0xD000;35328;73;512;2;0;2;13;1184458;639
68a2d551a5f110fc.dll;30208;c8967169bcc6866c2d77a9d0f0022f839f5e5a33bc82720dbbff3b793915f8ee;30720;da9625d3d4539a18726baa7a4485c2c5e24cfd788f9f556d1b519cc1659069e1;5;0xC000;30208;171;512;2;0;2;13;1185097;639
68dd27169d4e8da1.dll;53248;a2866ddc3d38c1a977217e1433d82d12770fabaa064455f38289bf11870a6ca2;54272;af7551831f9b57300f34d5e5735f9d753fcc920508cfd1a2b9458d75bf9656a1;5;0x11000;53248;558;1024;14;1;14;25;1185736;1273
68e876e57a6b363c.dll;29184;566903a65bcc7a0fcf30c4cb72d87be4d680b6ffc822b0c65b7921983391131a;29696;8862e52e205bc6ec5e7f051b9d973397f070c7ecf18ef95c10bea515edbbc3c8;5;0xC000;29184;47;512;1;0;1;12;1187009;629
6967c13dfded9e2f.dll;35328;2c464382bb301f3fef22eeaec54a2df927ed8f4c5d57c528bea7ad02673d4d07;36352;94ebd521ba11e1d81a9febeb465c313a028a5addf3d541a52d95d8af0ac7a43e;5;0xD000;35328;577;1024;6;0;6;17;1187638;1192
69a10a2975bded50.dll;33792;034bd44e78dbeafd27bd05fdee6b64bba19cabb1736b6fedf4017dcc22223b74;34304;017c5d33c8bdbc6b4bbc45ebc514735cdfeba527a03face525aefb2216537b8a;5;0xD000;33792;130;512;3;0;3;14;1188830;649
69d072d986dda840.dll;33792;37ed994717d5de0a468f676d3bc6c1c18d901d78c46da107e79161da0313d2a3;34304;affb24875f961b1358ad10caf27dc160fe30e9bd97d03d1f1305edb70fa96fe1;5;0xD000;33792;24;512;1;0;1;12;1189479;629
69d83168f259e956.dll;35328;f3ee9c63c8a5fec3b8f08f5b1efaae639e2fdcea6963fc12c4c2ed3688fda789;35840;cb74046ac059b598865ab01aab1e9fb3fd2d0d9e9f9909d5d6e290b573c71011;5;0xD000;35328;136;512;2;0;2;13;1190108;639
69e2350e86e14374.dll;38912;5eac52b81c4e5cc5c4dd3988e13d207fbf5a3ed6230591a721da10ecdf33a620;39424;665860ab9465358846b101b190a7536ce8af77ac0b72c2ae5a330664a8da9632;5;0xD000;38912;447;512;4;0;4;15;1190747;660
6a122836a7b8ddc3.dll;33280;5a0b79378b9d535f247b23cc9b71e34ab489630949050a86dabd133926e2ace7;33792;f3ae2517913ebfa13ad4a6a4de22368aeeeed75ad9a8b40fe01091c8f28633a1;5;0xC000;33280;45;512;2;0;2;13;1191407;639
6a14bc26a08aab0b.dll;31232;c286c4aaa673be95994c423bd2c40eb007474fca81e459570cba2e654eda9941;31744;466a826c98302165a11a0d2a6c90e2141f15605d31446e47d076c7fbf3caaa0d;5;0xC000;31232;62;512;1;0;1;12;1192046;629
6a157d13ad64b267.dll;32256;fa5cf40900ee608c46019c56a268c92156c1437f5abe6860f11639d3eb0edaf9;32768;837835cedf4d31c3326af198ddb1fb3cb572f42b42ac4c81ef3688e801116f4f;5;0xC000;32256;381;512;4;0;4;15;1192675;660
6a2c1961b8b3e4aa.dll;30720;ceb9cdb16ed55d61a14df8a5380bda3c69eb416b9a41d1c79fac4a482141789d;31232;d453c25976e70da87c7bef364eef457533fa71e2ae6d25b050ba0befdc0b3c50;5;0xC000;30720;91;512;2;0;2;13;1193335;639
6a2e904e195c5dd9.dll;33280;60cd41eba2a29bba0e607c0284c3e4d3e6bfcd0be870b4bde84f0a54de80c608;33792;ff958fc0d94779783f12ba1fe14b2988d49daa63a65292f149f70c2b96765658;5;0xC000;33280;145;512;2;0;2;13;1193974;639
6a4657fb5fee9021.dll;58368;1d7c40174d5bfe21f1e5c1597803b4de0560cc6a9b196657a83b910d06bac700;59392;56babc3c9e347a7e99da365aab03bf4f65113e5cdecbda3b561b502b73fbef03;5;0x12000;58368;552;1024;9;0;9;20;1194613;1223
6a5c3ffc42c39b7d.dll;32256;f1b36ea24504f378da08127f0a4abe2949020adae446e6997ee10532041f98f9;32768;f69dd2a2907a37cf8d0aeb859a9f2685a95170eba3e2482a3135c973666c7286;5;0xC000;32256;22;512;1;0;1;12;1195836;629
6a698c2757afecd9.dll;36864;023a358b9f8584e1b3adcc728fc6d85c991758ea737cc9da5b3fbcef0f13f639;37376;82a5bebf507de0b2ce718a452f2b9c369222376f921432c29ea5cc76c8e9245a;5;0xD000;36864;156;512;4;0;4;15;1196465;659
6a787713d2e9c63a.dll;37888;36323afe7a2cb5c69e43bd8455963f0b6a111cab487ec69d7e6726b047eed789;38400;c061b97e2ad165d79722d8e38150324ffb44a8b450f885facb388929c4b71a23;5;0xD000;37888;121;512;3;0;3;14;1197124;649
6a8c7a65b41e437e.dll;38912;bcaa051b24590f2fa4695f287298c490ede30e53d8c2900edd5a0b13433c0bf3;39936;507425087b79f7c3b91a9408cf8b69fb0fe48ae1e6a6008832da926c1c1d9df8;5;0xE000;38912;765;1024;11;0;11;22;1197773;1242
6a96a2f0e4d8edec.dll;44032;c5b4363ca7b0b2fb96d4925e204a729ae2cf7a8b531c3874ee8c73913053e62a;45056;81eeb072cdf9309e24532550d28e981556a5fbba9bccf57ac67197629c839518;5;0xF000;44032;731;1024;10;0;10;21;1199015;1233
6a9d36b36b0e009d.dll;50688;9bdb78d6713cc6d92ae7da99894d0f32dd5f118c4c7bd48a5d8d7f2b9d80fcaf;51200;990fbf4a9476884d949e9b64b8c8f74c521c13ec232f8df45b46d35b6c9c8d66;5;0x10000;50688;37;512;1;0;1;12;1200248;629
6abfa2dc0fce078c.dll;31744;39deb0b689c0a92d67898c537dd5c34b5e862546862c1b2d6ec4be20a9726def;32256;d6f6d3119714c28099712f7c2d7f5472eeb82a16c36924097ac584b11d32275d;5;0xC000;31744;174;512;3;0;3;14;1200877;649
6abfe08650c85f28.dll;28672;2eb82222c9093e47ead9d74ecf594f97f5d2a99064ae7cb14b464d01f321ddfd;29184;acd1c721f04ff65a57f804e3a03165c18e1df46110ba544659a594b11f60f8d4;5;0xC000;28672;60;512;2;0;2;13;1201526;639
6ac8615fb04f9533.dll;30208;a4ca10093b20ebd2726e590567c746fea4f91d0f0b7b4d3795fe3a20e0ec1254;30720;a5748cde7ada9426747140afc8f616f582c3c653f14920f054e56d5cf1f04dd7;5;0xC000;30208;34;512;1;0;1;12;1202165;629
6ae9b436d35c6153.dll;31744;8493d1a91f83bf4d1aa66f61a300b658c2872558e809933d673912132778fd6c;32256;92526934df1fad3afe7f441fb05453f3f57e6e02a6a9ef997ee42c056cc3aada;5;0xC000;31744;252;512;3;0;3;14;1202794;649
6b012d9455d99d68.dll;31744;dbd376703ed38de72470804d1c02105f2ce9bdab9ff320254b8b1a732ccc03bb;32256;ef5675770d782f9b8beff8e2a0f137e02b8d49a0b669405374b5221582f047f6;5;0xC000;31744;57;512;2;0;2;13;1203443;639
6b2a46ec2204a20d.dll;33792;cdbcd592f753f83573f7ec68aa4e408d0f6dc57fe08bf0b8325b6981f95ffda0;34304;71c2ef3c97620003a4c51850942fb5737583cd67916e676d3867aee0c845f7f2;5;0xD000;33792;117;512;2;0;2;13;1204082;639
6b398beb815a2b99.dll;40448;b318ea6387c11c5ce2ae7d8543d41752dc34f5625858aa9c0b367429932e1010;40960;df500cc706421e7ac57881f01c3d9ba1c10e41c9e31e3764231ddd31b1702fe6;5;0xE000;40448;104;512;2;0;2;13;1204721;639
6b8234981992cc68.dll;28672;e68286527451a2effac1a587f09cf6683589e7df11225d2ec921fc0e03addd64;29184;90d2259804435070077cfd520558cde521cb1fc4e572d8f945959227b23450a7;5;0xC000;28672;97;512;1;0;1;12;1205360;629
6b936e2be1c14a0b.dll;32256;72b1655a85b30bc2d6d4f1300e18cddef92225a365825f1079ca6aa5ea818611;32768;28903a6cd18a32d5fc6118f2ee83645445a9a45b2e0d763522fcf75cda315c75;5;0xC000;32256;37;512;1;0;1;12;1205989;629
6bb346a43856a70d.dll;30208;9213956219c4bf951a0db536da49cff3bdc761f1ac6d21f7068e3a6071659b26;30720;e6e4ebc6ec9b0f6ec28a720cc2329676ea4995fc79e5a860d1ddaf246ea3f8d2;5;0xC000;30208;106;512;1;0;1;12;1206618;629
6bb346a43856a70f.dll;30208;c8898f1d9f69161d3dfba21530a9b23c4f8f16f3aeb3c03f725803dd2a3abe73;30720;34ead59449dd7f3ae7fff65f9f0b31f814d9e6b15e738878e57d3c2f84406640;5;0xC000;30208;95;512;1;0;1;12;1207247;629
6bb9f27e5a4dc5bb.dll;31744;8ea760701401eb12cace0aa0e5ff83184aad05c27a59af1fff8004463936153c;32256;4e057a441655f14930ddb2cbe409a7dc6164ccb0ef23b070422f9bdd690d5ccf;5;0xC000;31744;67;512;1;0;1;12;1207876;629
6bcadfd52ece64b3.dll;30208;5cc7b515b8b7dd44c5fa8afa871700617cc63375a395bb59a5cffe1cd260d3b9;30720;508c835ebb926e55f59e840d76eda04f43c8db737d30ba418f396e1bdc01830b;5;0xC000;30208;62;512;1;0;1;12;1208505;629
6bd4721bdc6517b9.dll;30208;4de09c3aebaac9649dc9e74e0bf3a8c6a20f077570999594a48de5cf4b1798b0;30720;8b38b38ec486aea89ecd93c9c2895b6e1d60add5d34a319ba64337663c18dcd8;5;0xC000;30208;55;512;1;0;1;12;1209134;629
6bfb7a609a301566.dll;33792;4bc11780cc3d1edcd4dfe957773cff47b3b3b43f12803e458cc63129537661cc;34304;b74c20e5606ff534b324819e211e56c9652759c9c503f83f43c17059362fdb64;5;0xD000;33792;61;512;1;0;1;12;1209763;629
6c05f9293db5de4d.dll;42496;a7f3bcb1007ff51d38906b3addc21d84b8e399a1d0a1343faf8ee2a9b84b9559;43008;90db2ff8006e0ba9671156f8cb54598b64c718afcc514aad31cbcd6f2ac6adf3;5;0xE000;42496;169;512;5;0;5;16;1210392;669
6c14b19ef3922fdc.dll;30208;ea64218b5ed829a419cd8d0f73441d514a6d38e1a82f2671181160b6b944d670;30720;3610718cc4068efbdb72fbae6795ee515be714df34451e54cdcdd1b25526bdd0;5;0xC000;30208;47;512;2;0;2;13;1211061;639
6c2df88e8c56aa3d.dll;30208;19dca203b43f77b8d2589c26052adb9e60bdfb755a2e8d70db82c1d4e2bec4f6;30720;6eb8f2a9aa5dbf9a9bfba34a51a637c945c17522c114da3d938d9d4fcd9f7840;5;0xC000;30208;114;512;2;0;2;13;1211700;639
6c6743ed20fa66c2.dll;36864;854ae3ca2aeb220627ee03613fada82a18f556a10fe207d1df29f31b0381ead0;37888;d9c87391184b019796e867f82615fce6ae1d085f7ba53655d13fc02fca217d40;5;0xD000;36864;570;1024;10;0;10;21;1212339;1232
6c9e83f8ba78ab83.dll;36864;63f37be7a5e3d598e2b60de05c49c8b783ebf53f468531e4a9a5b783d71f5ac2;37376;5f777032914c9a65d78f652cdfa86a63030d25500f0a6c16c08c13b01fa3f266;5;0xD000;36864;86;512;2;0;2;13;1213571;639
6cd5cf544355ed39.dll;34304;8df1ead6a16541145a4dac463a466dfa6b752fcced78b27874dafa075efaef62;34816;028feea5095feb18e5f2055cd15f467391de5fc572276bf700d259ea6852b62f;5;0xD000;34304;68;512;2;0;2;13;1214210;639
6cd85d41f312a8c4.dll;32768;6336004f6d8ea5f3d1495fc49ce8f10f93b92454264ff5f2256117916db49e6d;33280;b5678684621b73e8973ce1e925873e4d37457b5854875e24d65a0c61d94f9496;5;0xC000;32768;39;512;1;0;1;12;1214849;629
6cd85d41f312a8c5.dll;32768;396fe60b1699fc68c8b573ba09df502c36a04cb1ca19382dc405296c455510fa;33280;6b8c9145e4572b4c0fd05ef42039e33f306fd441258b0d54de1fbc34c36a10bc;5;0xC000;32768;43;512;1;0;1;12;1215478;629
6cd85d41f312a8c7.dll;32768;44f74f7ee9018ced784d431c981d23e91777f9bcef6e7a2c6a7963878e9a2365;33280;1fd12f4c55efc2f18336d0f96d9eb6dbc376139d20d7032e63eec1d4a98b75a3;5;0xC000;32768;19;512;1;0;1;12;1216107;629
6cef46899ba9799e.dll;35328;06f879a5758867c3883458ffbf892d22161bb44a0a466cc6a1711aa465ec14a9;35840;4930a995cd1fa847c0fd12bb5cd21266c98f891513a93c31778099e2c0f1710e;5;0xD000;35328;144;512;2;0;2;13;1216736;639
6d178bc459dc4ae0.dll;33280;4a20d788f940ff3c5274f480be2e019b0e88421af93d66030af1979d740c78ab;33792;0401d82c5cb505aac6d37504696053ff675927430a9679c77156452e44973583;5;0xC000;33280;79;512;1;0;1;12;1217375;629
6d178bc459dc4ae1.dll;33280;1af081943f048823e18f9a58b7ac51c0e5196c3091719aaa088e28d00e6afc37;33792;f079c95e5ddbf86b601ee4b86f0b7f8592f5a18f1b692920a57d4249dd88f8f0;5;0xC000;33280;63;512;1;0;1;12;1218004;629
6d178bc459dc4ae3.dll;33280;b9da04d66098450ed9a46ab014a023df7c73bcbcc88b2752c5929e8ddd302a9e;33792;c5427bb048c2766cda94924b3226033698e3772f7d61d0959466cd6943081691;5;0xC000;33280;74;512;1;0;1;12;1218633;629
6d4ee49b2a7772de.dll;31744;f18a562677e427c8e239826a829320705be58db71602b81a1ac5d2a44e1e9e89;32256;71dcb2dc3b1f7ad3f30a0ec8079c59bd8d1e1f8dc21bc340f9a360be9b512394;5;0xC000;31744;204;512;4;0;4;15;1219262;659
6d7a5c106761fbb5.dll;34304;bab9404321e97c0c89467f2433b149f1586b17873241a2938df581c462398ba2;34816;29c4491b69f888e79d636ad63a8b2502460ea12848a5c958c17456982a421337;5;0xD000;34304;56;512;2;0;2;13;1219921;639
6da6c9a1b1407d75.dll;40448;b6355d6405932341d2b42de86a2e2dfc4a13bc8538ebbef9f81f36dd367cf881;40960;84b432f7443cd187b690d9701bc0936daa8ef562f2f16f9be4057f578295c166;5;0xE000;40448;231;512;4;0;4;15;1220560;659
6daee2de3f7dd6f1.dll;28672;a88d52519b5f22c1d4cd7d70146c7e8ea6d60731a59f9d0c50d3f0fe04b0963a;29184;ed75f78c9c38dc18ce64f41e1cf963be9b586fc3845f68cc1ca03e6c77fbc496;5;0xC000;28672;75;512;1;0;1;12;1221219;629
6db09696704fd5cc.dll;41984;5fa1e3a0a0114352ddf648431c7b7aa2330ceed15326798eb87b85dd579b3b04;43008;6cc84f5792ac045f6832aa5e2ef4e6e9e539b27d8b3d7ae699f50c0b5450f141;5;0xE000;41984;766;1024;7;0;7;18;1221848;1202
6de663827e0b751f.dll;34304;ae90961b0a4eb8e4c5724be8c508b4f1b0d30c7875bbf2f399bcca8a87ba8b84;34816;be6883a8a1db6f95c4e15455a192cec3dbcbf76f6b4c4733e3ad7b5c61a0e66c;5;0xD000;34304;343;512;6;0;6;17;1223050;680
6def72f6ddaf5fab.dll;31744;a289ebeb71900167677865dc4dd707bdbc373dc43e150b4c119f9dc54e4634fd;32256;c0d8a94e64a7d02aba276da2ece30bf8ffd1950ee6ec18f3528b347f1b1360aa;5;0xC000;31744;178;512;2;0;2;13;1223730;639
6df920bdc7aed850.dll;31744;e6a0f8a9d348039fad7a1228360612ce3934b7ccab1c69239d7716ca0ba64cff;32256;bc5a30f51ee1207381f08d04e21f08f21504ef120052e64172e2ea06c8af925c;5;0xC000;31744;329;512;3;0;3;14;1224369;650
6df9611eb6c18458.dll;39936;da8adb47337ff3ba8a7b44b96e9f021a2ed723cde5535743125d8d44b6270bb5;40448;a4e7623e1fad6922e5f83cf50a16baff7b71e7364c0d7ac7164fbd9ef9f3eaf8;5;0xE000;39936;314;512;3;0;3;14;1225019;650
6e0b33a89eb70cc0.dll;28672;9106d7c0d6f895f28e19647e48357cea4f89448d710f7fcb97177ec8a57c67fd;29184;07c5ebfa2e37eb9a01aafd2e8b6e2659d96d8fea37b4cee291ace486b8df0d07;5;0xC000;28672;69;512;1;0;1;12;1225669;629
6e250977bad3724a.dll;36864;805e733fcb026b764fa520676bafd0b35fcf935b6a4b453deddd9af036ede2a2;37376;a904dfa591625b6918c9d6da10eaf0a09f920cf14ded7b1387762436dc383a80;5;0xD000;36864;207;512;4;0;4;15;1226298;659
6e27c3a1f9e74278.dll;38400;cc684e16dbf50c33aaf74813db7c2bcba9f4f31693538fee34f9ec3c86079cd7;38912;aaa60573b67906f13bcf12f828bc1cf5a264082f6300180b1b383d81b8dccd06;5;0xD000;38400;314;512;5;0;5;16;1226957;670
6e45883b5df158a6.dll;32768;8f6a8d89d27a4bb013a372f45c2354edad59ae53337a6d8475599ff60d3135a2;33280;a550558023f3615419fea6c19648fb51a8bdf7941c600daf41e4db7baafe85f3;5;0xC000;32768;265;512;5;0;5;16;1227627;670
6e724b36cb3b3512.dll;31232;f108078fe935faaab06067071619634a191e697fcd29e0471cf6bf0696c74133;31744;b859f7f7485d8251bb78f6fcaf36a057336a91033a5f8114160047667ef6a5c4;5;0xC000;31232;210;512;3;0;3;14;1228297;649
6e7f26f47b44fd9f.dll;31232;ca2868933d2ed34cb81aa9ea84248bcc7ad8e7e49ca089439b0fcdae2cec6a15;31744;07185f661b4ff9a81e56cd3f97d62b56cbb9bdd4c61169809d2629c1b7717f7d;5;0xC000;31232;107;512;2;0;2;13;1228946;639
6e95e0e84b59a1ee.dll;32256;b922c8945bdc068db217a1634c12ee111583bfaa73092743e4e42889a70c61be;32768;b36798957b5a9e17a369ac9822da2edc0ab9fce3aeeeaa8cc442dee3bec5ef81;5;0xC000;32256;54;512;1;0;1;12;1229585;629
6e96b72c7e220495.dll;30208;f64a3f75a5cfcd1a92582ad4ccdd62c6b464c10647bce70c8365e923f0a82efc;30720;7c3855273a706acc80b75203c220ac1c8704f0c3dc29e2553d908f4e34f1ef98;5;0xC000;30208;62;512;1;0;1;12;1230214;629
6e96b72c7e220496.dll;30208;dbd2ae64d7eea1f6c380f9a2e2a50a8d47f7a5f4274cf0e1d7c54767a00e4ed5;30720;ea2de0fc59052460c1a733a5993ddbc145a3659524f80200bc5731692041653f;5;0xC000;30208;61;512;1;0;1;12;1230843;629
6e96b72c7e220497.dll;30208;0f95fa7698a1ae114ecf11c0b8f3f70f5ce4a60522a8ba77f6a880ce0226971d;30720;fa55118fae5471a441a51707f55e3e54b822a374974744bc1a86d889eaf9199c;5;0xC000;30208;61;512;1;0;1;12;1231472;629
6e990f952f60434c.dll;34816;0f210bbba69a18ffc21b1fbf7cc770721485a8a17a3ddd971d515771b4a0696f;35328;b1cfd7641188a95d2f0ded3500eceae404b309321538336047019dd8b904bd1d;5;0xD000;34816;247;512;2;0;2;13;1232101;639
6ea572b67057fa65.dll;32256;d588b7e7f8da7f391b23d72c210a513c2dc779eb3e32cafcd1a673c4522b92a7;32768;93b77ce7b15945a7905ae24f0bb82a9cf75ea4f085c5f736867cde1ce64e29ad;5;0xC000;32256;41;512;1;0;1;12;1232740;629
6ea61b9dce964884.dll;28672;9ce3760a6b8c885647b6b930b8d8f8e5a9c02b0b4cecece392f5ec0492b142c2;29184;48ce86b7031816cb3181f033fbd6f2ec512ff33a8ad0b7d20c2ee42b140faa53;5;0xC000;28672;44;512;1;0;1;12;1233369;629
6ed6944bd3ccc5b9.dll;31744;bc5334a8fccd082fb04b10509ec9ca810b9dcd6957e7fb7554d176327f64d6be;32256;de37f7aac4516d3ea53c875e59f0bb17af0a7d9879d2d2be40aa92b6cf2f4e66;5;0xC000;31744;114;512;1;0;1;12;1233998;629
6ed6944bd3ccc5ba.dll;31744;c1482ecff3a7f96671dcb97078734a5a70ac267ae136f3f95b81097fc770369f;32256;eb8d480341d8de5b22c33ab6387d6d23c3a0d16fc9e52c33f1fa2ee1a644037f;5;0xC000;31744;106;512;1;0;1;12;1234627;629
6ed6944bd3ccc5bb.dll;31744;b1340545721dc1ea2235b84d8e76e0a462ea52ce734b6afd0d095f29528edeb6;32256;6e5e4533cf2c04ff0a50f10ae6c48f3c3928e0e79687f8238692c14e4859886c;5;0xC000;31744;139;512;1;0;1;12;1235256;629
6eddb8f2b06342b8.dll;32768;1f7e56079c7bc7cc422b39d4186aab7ebd1535ef43938c92f46244b1fadd8575;33280;417e02e4485b1766531ecf827dec2223d4142e458debcd9e5ab986dd28c7e40f;5;0xC000;32768;157;512;4;1;4;15;1235885;659
6eeec730e3927c70.dll;35328;273824a624aaf0fbc93fdb848ddaef0d39660b5d0135ce06c851dd0fa72d4ea5;35840;c48a55677429b47d30186004c482d0cd889ce556f8b12db8a8906ddc18104729;5;0xD000;35328;67;512;2;0;2;13;1236544;639
6f0ca051005d91f2.dll;30208;440e12cf26785a072f60e5c47e2dcc7807a545dcde3f82ab872a228b274ab288;30720;a81d1a05f20236d8aba8c5acbfa8be10d9f9a9477c46cee0ca2035568e00b329;5;0xC000;30208;122;512;1;0;1;12;1237183;629
6f6a8ba48606751d.dll;31744;62f1a6dcfa150ea1d44dc9ebc1e074767f04862af4ca59d0109bc670703bf377;32256;f7f04eef4bba35b15ed7b9067373bfb78b6054a5c9e48257390121e2a68424f7;5;0xC000;31744;89;512;2;0;2;13;1237812;639
6f6a8ba48606751e.dll;31232;c447cd3251faffea2f00ed086584430ad7dfc17bce1140cead09b8e81a27c484;31744;ed9123992cb3a19501d726780c6b250326f6837322336fc7cc25caec1916ab09;5;0xC000;31232;39;512;1;0;1;12;1238451;629
6f6a8ba48606751f.dll;31232;8d43890e92db6933047d1b332561912700d745e124290a3544488f929b2fd436;31744;d985fac7135d18320532e1fc4060963a8fe8489345bf9fd21220049a80db2480;5;0xC000;31232;54;512;1;0;1;12;1239080;629
6f6b0fd6244d43f8.dll;32768;a7751eb24df5837948c8435e7afe86e0e512504ada8b8f744a7dd227a29877f9;33280;1579ed8e66bcccbec22dcd4675dabece42bcc51329126a966560bda01fd9c40a;5;0xC000;32768;217;512;4;0;4;15;1239709;659
6f7ef68fd4ce3fda.dll;30720;68ba445c6bb303561541ef17a2970e5529c2c69c88c521a4654d170e29aa061a;31232;9fb6a1a3618cd2056178305c7e6da646d3e7755d513d5602bfa3a44084341b2e;5;0xC000;30720;136;512;2;0;2;13;1240368;639
6f807d68c11a64dd.dll;29696;3110b1a4e01e385e58d370aca818bbdc668b7849f044f2d298ae1ded46e35231;30208;9da86367ecde561c717450e221419445a4854672eb6f60d18f7ce6f850769be6;5;0xC000;29696;33;512;1;0;1;12;1241007;629
6f8320877c839158.dll;31232;892796b5e5051b02c3e77a7ce149f3432109dd8a8535b14731f30e633988583f;31744;8d8b0679bbb48854d83148a7ce7d218210304ad74f68aed26fe466edd417473e;5;0xC000;31232;79;512;2;0;2;13;1241636;639
6f8387e3f777744d.dll;37888;b6f00a48d7633a236896731434f9ae1754e536aa7f27b9a82708a3b7bb529d86;38400;283c041bc4e7d8abc5cc4e3f47a9dadf6f351309feac9ee9ffb113344343a5db;5;0xD000;37888;76;512;2;0;2;13;1242275;639
6f912e5720e1b01a.dll;32256;040facf27c5fa3ed35034455ae15e7dd464b3f895959bbee98330ac20b262d0b;32768;33f7e3761c8ea32e1aa8742ef8dcaa1bb83431379167384a80893303a9e6d5cd;5;0xC000;32256;207;512;4;0;4;15;1242914;659
6fbb411bf115bba1.dll;28672;91a8d63993dc784262db368fba5b97df0bf6a0ea78bdae62ba0e623f963dd974;29184;a34cfedc9581f223b37405446a74f9d33f0b15f65baa8290555be740cba77079;5;0xC000;28672;37;512;1;0;1;12;1243573;629
6fd07632daa26d80.dll;29696;76b72646f305ddf78ffc358f8adab24cac3fe5b095b292c5382bc5d8976e9858;30208;d4b47c2bcb0caf12caed2ebdaa746acc84b26087f3a1d9a871fd64172187ec82;5;0xC000;29696;152;512;2;0;2;13;1244202;639
6fec17fe3491bc26.dll;30720;9c2ecaec75f96d49a27e1a963552dbd80c9dfaa789433b05000d8c44fbec674d;31232;29b02885dda211fdb7219efcce8f4b4552b18dc109957980ef61dcb36bbb4d66;5;0xC000;30720;213;512;3;0;3;14;1244841;649
6fff675f62a709ca.dll;29696;733bc18a9112f528c54322cff35fbf9b3fc30f220916629eaec92e3c1c38d8a6;30208;112e49af51e05b3cc0274d59ca364749a68bc1ce6e32ca5f6392af5a2736b5f1;5;0xC000;29696;80;512;1;0;1;12;1245490;629
704443394d25c0d9.dll;31744;e5e170a119b3c7242412d3cd0ae06a0adfe70107b63d0a4b50d3872a3c2dc7ea;32256;47c8270d45178433417cec456272d1504d295e552ad183e158fc595a020fafd2;5;0xC000;31744;154;512;2;0;2;13;1246119;639
704443394d25c0da.dll;31744;24344ce289daf70d22434425612b7d630613be966cc4a3eafaa7cb35a8431991;32256;5a5db11ff0a18c7af288eab1e5cece992c24d3aa1c1ff669ea98e5d7199ca0ad;5;0xC000;31744;115;512;1;0;1;12;1246758;629
704443394d25c0db.dll;31744;1e52bd55707d992dd58f07bbc4949405b56772848fa4aa040e7489be0a1ba8fa;32256;a3efa32a8318d6adbe86e8e31070a3cc3e89fa2eab4d98e1aec5d754c68fcb99;5;0xC000;31744;115;512;2;0;2;13;1247387;639
704443394d25c0dc.dll;32256;b0c2fcbd1b012c9312ebb6195e7c17c5baf9b0e3d102a34546b930ffe60ee702;32768;5d5a33e0f17abca99c264acecc168c78b924077d6f3c7c3d63a2067b85e10cf1;5;0xC000;32256;192;512;3;0;3;14;1248026;649
704443394d25c0dd.dll;31744;93307c9976455815cc336e9bc6f256a29b22dd1267f07ef346a72f6d62e50f8d;32256;8ed07eefb10ba75be3189766c971f916cd98b84fcaee1db3d11bb7b702b78257;5;0xC000;31744;118;512;1;0;1;12;1248675;629
704a62c30766f14c.dll;30720;b4ccb998ceadc371728dbdbaad74e54be30678e73e5a8a434c56bc265d9ff736;31232;0d1a165538b25c153d0689ac034e20fe17bebd6fbe52034181ed8095878a1c35;5;0xC000;30720;32;512;1;0;1;12;1249304;629
705015777acf4cad.dll;32256;b7a148cdee0d3c10043ceb0c539b4d2052fe7d6e0d1e170ab2b2ba420839057f;32768;0bb7cec79f7d5332322f66caf7e2612b1f4b4a46104c7b37724a047fd6ef647a;5;0xC000;32256;283;512;2;0;2;13;1249933;640
706c62b91971decd.dll;31744;883f28abb9e6f9e7321aa172c58a7ce7b33307a793dff0164d94e17119d7150e;32256;aa2b9937ab888276b4108df14a2576b2deed1ed73dd5961d3f6bd66f4daebb17;5;0xC000;31744;97;512;2;0;2;13;1250573;639
7097216ede177ecd.dll;32256;49733e617b181f253ef387691c96f2b556f74e0e5611850f3d736d4f6b7952c0;32768;9fffe4758649416e8e475a4fd2ca9dd66b381ff7e3dca0963f0ede4de72c2aa2;5;0xC000;32256;30;512;1;0;1;12;1251212;629
7097b1064e245b70.dll;30208;2ad375581b2feace3f4b61b98fe2936f8ccb62b4df9a4e2b1360ce630adfa3de;30720;dc2a8a14634546e99f2174631eafc119308887ce9921a860443fcb84b113c887;5;0xC000;30208;29;512;1;0;1;12;1251841;629
70a401e691488fe9.dll;30720;e44ad44b91657b6d9237f3db0ae116eeb7ec5b3d3bedcf07533c7240e22b00cb;31232;eebef33909d9cfd2a38c9e42e65550080693cc7d449124eb7ebb6e3bc61efc14;5;0xC000;30720;194;512;3;0;3;14;1252470;649
70a965c505f220e3.dll;95744;13ab96051a9f7bbb6d2318eb566fb7c0e7e601a357dc4c0db95ac5cdb66b1e6e;96256;3f173fa1dc8ecf7117d0f214d8e21c31d7980f16f3e8c67ebe629b0627e67abd;5;0x1B000;95744;146;512;4;0;4;15;1253119;661
70ae55a8bf3b442c.dll;32256;aeab8d6c25b56f48eb77eeec040e43ff141219d3dc53151fb947395c93c04d9e;32768;203bf57de28d93a0a06141a248e28d5cfb27ed2b3ebe5a4ab2cb0c183ad7debb;5;0xC000;32256;196;512;4;0;4;15;1253780;659
70ba2959cc1fc378.dll;35328;9efe519a3cd80a5a5a02f62dce5f09952f89f4279edfa984b66d475116fe6130;35840;19b60de44e03df56e2d6f05acdfdef763ca87f9a23743c95e95067d25271917b;5;0xD000;35328;107;512;2;0;2;13;1254439;639
70c69a8f50cf84f2.dll;29696;7340a121b75023665d4b3b3975ef8c15a09ba25ae18785f60677f8c02129fae3;30208;4507511fda8180d526b761d568aafb3e02d1ab1b3db81d2b92fe5b7e230190a2;5;0xC000;29696;34;512;1;0;1;12;1255078;629
70ce627537466f69.dll;38912;d9c93e57f2231973be968d8a1a8f05259009db83d9604f51e6831157bb489670;39424;f60a92cb8694c71cda9c03889b999b5b805dfebc452c7d2abdac4d488a875748;5;0xE000;38912;197;512;4;0;4;15;1255707;659
70cf48193386073a.dll;36864;88449605469ea63a8eb051e0eca0470ffb90a85aaa1cc86702b02563ceec189b;37888;121ce3bae9db30e58596404d287fe327b9be3664756046d56969baab260e1521;5;0xD000;36864;724;1024;9;0;9;20;1256366;1222
70ec54cdd20f0d67.dll;32768;5ca28034811e097cac2912bfc500787ca08cb9d45f0be6905901177826ca1dcb;33280;36324689b08f9217749b55b1d6cb255eec50aeccbf40efde8c9f1e12621c1ece;5;0xC000;32768;325;512;4;0;4;15;1257588;660
70ecaffbaa90d51e.dll;30720;7dd8a92dba5c47b1c4d511d9d20089bf4352bce01c6df59745dce123142a22b1;31232;900326aa0a6256c837aaae5f283f7edaf79d8079eb1cfebd38b0047256b57127;5;0xC000;30720;83;512;1;0;1;12;1258248;629
7106d1f3a0ab87f3.dll;38912;5a54053c305fafd3b966e750716f7d85a7614d03cbb6ff8754902ae5e3180117;39424;5fea52a2384d334afd4567c6f31ffdb28eba895a27c2ac5bbdc33b52170f6f39;5;0xD000;38912;122;512;3;0;3;14;1258877;649
7125949cba6f11e3.dll;28672;a311607022c563bc9a2cdb8924f19bb2fe7888258222227fd9ca8ba34025417d;29184;da1b84a04357b9a4f8719561862f54605e4ade8e18f5ccfeefc3574e2b8f4849;5;0xC000;28672;29;512;1;0;1;12;1259526;629
712a9badee0d83ce.dll;115712;d6fc7f65099c30171b91c4fc6120be25bbe88750cd05a8c213f2cbb36e71a740;116224;d6aed28b0324276ecdcf47f1a310bf4c949708c0058214f095645d85bcd45332;5;0x20000;115712;95;512;4;0;4;15;1260155;660
713ae1fd3979510c.dll;37888;47caf2491ab409eb883fc7a4a370e5910e8c10f4d0101661a0f809d9b67ae22a;38400;4bb58c9c605f1ce4d6fbd6a2da3b63f6fdb405c3bc14f4dcaca6e9c310a4c3f3;5;0xD000;37888;136;512;2;0;2;13;1260815;639
7148dadb69941d5d.dll;143360;e3495f5ae51aade35f184d0bfa5c2dc5f576d280f1dad1fd97edffd66285f77e;143872;11e942370624c2c2c4cd5caad22b981d1bbf9bfa3cd607c158030b022506d7ef;5;0x27000;143360;58;512;2;0;2;13;1261454;643
718bef90a4e9ddc3.dll;28672;552dc2fdda19311fe887b4aa2c85dc01f826dc90f0d07b1d2c3914c981aa6b2d;29184;bd5bce154629727c63f059f233893dfe815880afdb4bb5a9eb6260c933c05be1;5;0xC000;28672;49;512;1;0;1;12;1262097;629
71a0e46394285f63.dll;58368;26360412e169b178d28905fc3d1eb26ec469fcc583970155c8172f9eb2afbae7;58880;d4467bb279d4cecc4587e5641f87826af2c0dc68158a259b81f0f7606982396e;5;0x12000;58368;58;512;2;0;2;13;1262726;640
71bd0378f7aafb53.dll;38912;ef4af141bf9ed0b7ce16ee65fea2603155290eb303bfd938a352d79d2204b07f;39424;366cf39a5d98650e8459ab0115b0a8cf260aa263bfc8583cd1da6b07aa042c53;5;0xE000;38912;153;512;5;0;5;16;1263366;669
71d13df6c9c2d91a.dll;32256;8b4fdb49b37c679601a47e2e06fb52afbe2938109d969da836180a6ee6e9d24c;32768;ed1f4abf322b10dbb4a429d97b4fe1c87d815bb7792eeb776503e9554709e530;5;0xC000;32256;470;512;5;0;5;16;1264035;670
71e4a4ff46a6a1f3.dll;31232;7f31557a35b81c35e7da00b1636cda53d206ef62c7bada05a77558f095821692;31744;87f093acb057597602cc3a794f9c7279257ef69761862c7d9ac5d33b0eeaeae8;5;0xC000;31232;116;512;3;0;3;14;1264705;649
71f2959e47e3cbd2.dll;34304;fab80efe25a6d896c8ff5038b214bc2eb751e7a83d5edb14d0313edb53a70849;34816;30052d330dfe06d6cdc3572a45fff8086601b7bf230eb55f52d8c0dadb2ac16f;5;0xD000;34304;120;512;2;0;2;13;1265354;639
71f4e14fd1d772a5.dll;39936;56ee2231ecdb47bf13755e1bc1623615781f1152ca12e75d44b3610841c688f9;40448;c8b25382e60d3de034d04754e17c78193068e551d3270771826d22c2169b1f0f;5;0xE000;39936;231;512;3;0;3;14;1265993;649
7215b8a968bbde00.dll;30720;559d21db93ab8ab270a5c846ea6e017e631e9361f091fa39e672b4ac85d77623;31232;b78bab656ecf9c0a3b7a41414810718d884d7c9e159cc7ffebda1a53ce33a780;5;0xC000;30720;87;512;2;0;2;13;1266642;639
724701533464a3c1.dll;32256;02812484a070471fde39229b3c91eff7f07f6b110e00d26371062e8fbc879d2f;32768;569874bb7d74b83f7fb9f1a9e6b97138f326a14fc4d14cf16c3d1f81cae99fb7;5;0xC000;32256;34;512;1;0;1;12;1267281;629
7268e8cf20bb1a08.dll;30720;e0d4377c391692baa2a04017ca0227ed3678c66b413a296bb58c10f4d9aa3ffe;31232;f248ccb5e93ddb84795631e5b6465465081a46bd8330a32879e3b49e970b08f5;5;0xC000;30720;141;512;1;0;1;12;1267910;629
7268e8cf20bb1a0b.dll;30720;5297dabc62a070c3ef4dcdfd4838298179d483d0c2a4b4ad6a5cd82cbe69cc42;31232;818a8ad818e44aa8b01d1319f7802a5edc5f647cd2f868c94fda89eadf04e23f;5;0xC000;30720;135;512;1;0;1;12;1268539;629
7282f9ae617a8d04.dll;36352;afc151a523bfd5188d92f92323834d77c271c2361a9c259912efefd9aacdbff9;36864;51dbee68fc564c2338ed59e868e66c276ed41d20ad9007ae05d6934956736642;5;0xD000;36352;60;512;1;0;1;12;1269168;629
729ee2655058fdb1.dll;32768;9564e389fbc20f2dfc6e95b08eb5e6304f3ae3dfe17aa7ce97d67e598597b742;33280;360fbcaf5cdd666aa4aab9be37f1e9dfc3418d1749fe4c835b43248cd2c3a840;5;0xC000;32768;375;512;6;0;6;17;1269797;680
72a7d9e1901e7364.dll;31232;02eb9df271868898aefee9ebeb4d843839e31eaeac9d5312a745d004afedabd4;31744;c709f641a4285c9fcb3130752b04ec8af95a03f35d638958b809c78d957f24e1;5;0xC000;31232;186;512;1;0;1;12;1270477;629
72ab7be324b1d907.dll;104448;0d33cbeb9326b5bce194ce482ce32fe0098d873434e25028e5ed5a83193efe2c;104960;0eea0c8bc41016b1bcdd6d12c9139be96875cff2fb8b70e36ca3a58278e5e75e;5;0x1D000;104448;45;512;2;0;2;13;1271106;641
72c403327b4a3227.dll;30208;9d55d65f9f7872ffe6a41f2f354fca0e7730e5e01f492dcac24a0d536eb769de;30720;427bcfd794f9eff018eb487de265d95be5a608a9c38f03aef2528b9cd97fa4f4;5;0xC000;30208;41;512;1;0;1;12;1271747;629
72fce2be91f4e2ed.dll;73216;436a5e95f92d78980d77f1a1f78c3ab4fb547784c66abe1049909a4d3360c1d9;73728;ad49d21273e3a3239c502397b8dbaeb249611eb6b6527b35a6fe3852d50a9855;5;0x15000;73216;66;512;2;0;2;13;1272376;641
732cfb675f0f686b.dll;43520;ed2c66d13cd6bae0419c765311990bfff454ea16fd4b5848c1e9b9f66da75b11;44032;03ba4f4c146d5c8236949cb60000aeb14f00613b3deed79393db2b78ed653d48;5;0xF000;43520;384;512;5;0;5;16;1273017;671
73371f354868a650.dll;31744;d3bfce67b84fb4a65bb00eb2a5ab54fdf7026f4f5574c0e97b3ff69554f7090b;32256;01743fabd13300fac12c2656f54969f0af65f09dad679187728c6e4f74691bc7;5;0xC000;31744;82;512;2;0;2;13;1273688;639
7350d111c29c5135.dll;32768;6fdc009964fc74f8105445a0487d42c99a5c95c0c357aa708d19ba4122f95973;33280;86d5cf508437ae1319b7747a70a5a4bd67eec1777fc5cf3913365ff3f3a07e99;5;0xC000;32768;296;512;4;0;4;15;1274327;660
735a650c4b88353f.dll;35840;7d3559b2f4118436e97c6e20c52d6722e6b6a0040d264af3c09abc9ce84bfec6;36352;9fd2763895a32daec6716ff0acb3d896dd8393a78e6ebeda11a21634ab64b87c;5;0xD000;35840;71;512;2;0;2;13;1274987;639
735b7d0b7cd87a41.dll;32768;a9803563f4a5a3c5bf533666e445d157c850e8bf31acfde6a8dc35fba52e4839;33280;6297de47db524e44d61038da2b2ab3ee68caff9be90850865b188c2c49a6bbff;5;0xC000;32768;183;512;5;0;5;16;1275626;669
7370704762a4815b.dll;30208;8d543cea14910594b28c9a8cac8f9dbea46314bb8dbea2461fef22dff20e72df;30720;df2abff0e8820711de671fee8027dcf861c22bf4d26a2cfa6ffc32f8b4bf29d3;5;0xC000;30208;36;512;2;0;2;13;1276295;639
739bd3fe3707579b.dll;30208;7fcd505871af8515278d320cc68070ed652269b4920d084238216b319dfa1478;30720;ae98bad408be1f14c671afab3c26ab1f5287a0fbd823ae2de3d59d05b5dd320d;5;0xC000;30208;67;512;2;0;2;13;1276934;639
739bd3fe37095a91.dll;30208;fbf241dcf3ee15e075f2ce90ec9d010940d5d974403f08c6f0fec429378cf0a9;30720;bc471ce36dcbeeb36fa27913266833d6803008826b7e4854efb5622390974b5e;5;0xC000;30208;54;512;2;0;2;13;1277573;639
739c47fc7b412a03.dll;36864;6cbded4dcec13c15792735c230b09749d3d2fb61026159a11ebab9ce090ae412;37376;3a47f759578113fb3fa8b42420a4af6290119f001ae2ed93e9ed6f72b7a8eac0;5;0xD000;36864;419;512;7;0;7;18;1278212;690
73db3ecc790bd01f.dll;39424;96dc686c35187da873ae4fe0252687d7221c7baaa08d8cc1f380f7ddbbf39348;39936;3049513c25923ac7007ee887bb188bae98118eaee344e9f04cd551cea857a4c4;5;0xE000;39424;334;512;5;0;5;16;1278902;670
73ee81d47e069e63.dll;32256;5d48cbfcdcd029d0516efcaa81d899641bd12f395972a038197684664cb53767;32768;4401691bd2a1a02148ce9ccdc6e8045d49195d12cc193592423a5f3c63f7b655;5;0xC000;32256;435;512;5;0;5;16;1279572;670
7405a9a9f5dea6c5.dll;30208;132be9b1c6b71c4dd638e9b7e29c01c751043868b8feefd901ad0eadb1abfb29;30720;bbccb31ed25eb09f78171fa836cdc581049e4462b7b98cd99369a13f08dac37f;5;0xC000;30208;108;512;2;0;2;13;1280242;639
741388012bf9a18e.dll;29184;6663590242c2c36a5caf5d9ec6fb06422b0c4e0fa810332be2797fa93f87298e;29696;ce138e311ca2fe49c59c823a1d2373a7110ab5f11795ce5935248467f2a655f5;5;0xC000;29184;111;512;2;0;2;13;1280881;639
74636cbec1ab7d29.dll;33280;30a06ae8050834566aedb79f6f5cc287223dfb2d1a31eafe7ae9458f51802f8a;33792;e6746deb7c37c67ccfd1321679358f970292c0aa9286d0a6023c62fdcfbf3053;5;0xC000;33280;498;512;6;0;6;17;1281520;680
74644035f527deb8.dll;30720;7ad00990e7a328dbcb4a8d8de46e1eadf49b268015311050d4efe852c3c453ee;31232;a95a9e95904f20776e7e2d52f1988eea61efa243447852ffcb4a54831d3471dd;5;0xC000;30720;39;512;2;0;2;13;1282200;639
74a925bf4906bb4c.dll;40448;b2b785965e919ae4fd7a030e0c73303515342b17db7774b77cadde35b875f880;40960;bfe20ba65366636ed9423382bac42a422524396e990e832bb051eeb5f5c14c9f;5;0xE000;40448;284;512;4;0;4;15;1282839;660
74b7908874284701.dll;155648;0d608aed6a103c98957e54c831b3ac304fb8d570dbfda8d5f15731083433db5d;156160;63d5bfee71a4c28cff3687bc0f558af9bd5d2dc119012710400140a52fe36aef;5;0x29000;155648;54;512;3;0;3;14;1283499;653
74bad822106e2314.dll;31744;a9b0a5b4dd1cba1e3872577ed6d50796851ed123abf6e6dc2e59f4895367db4d;32256;99c46e6115e6da0afe0719a8b7ca14df87aa24f6cbdacdd27481438a209e3910;5;0xC000;31744;125;512;1;0;1;12;1284152;629
74bad822106e2315.dll;31744;9e0e10df85a3d91326cfd8a8545c498ce32032d5d95ac49f02d79f46a6d8b2a2;32256;9121a94078fd644e07004f4b87864da63c33d525fcbf6f7ab7760431fb6c2ac6;5;0xC000;31744;113;512;2;0;2;13;1284781;639
74bad822106e2317.dll;31744;9f23bb143b6556a1967618d92cd612957db33c005b19798d5e8259ad18f386ca;32256;8ce2b27c7af7dfbeeb7c0a43d074192ade85d617d0c5672dce19f9974ac11ce8;5;0xC000;31744;105;512;2;0;2;13;1285420;639
74cbf6d2334b8109.dll;36864;8368cd34ef9484b5d4e2195d4f1da789f4c215ba0b27c3bcbb6f78ae9929132e;37376;67f54db019aae73bb60aceb83b40086a4be79399a60b4784d44310628d115a77;5;0xD000;36864;74;512;4;0;4;15;1286059;659
7505bab440203c56.dll;38400;1fe321915859b34c242b3f633ea78e877a604aa3f6a75a59dbb67ec977a20000;38912;18c695b7e51fe7e5a4e33bbc4d582116b872b0b2489691940462f69c365fed1d;5;0xD000;38400;263;512;6;0;6;17;1286718;680
7511a8b0b5891882.dll;33792;cd0e23a61462ebdf16d8664955cc8a86fdd5b4bd697e468c863fa338bb80d4c6;34304;47e771af174f5bcf55e27b451e836a6d4881da119de5a9ec2da399ce22318aae;5;0xD000;33792;25;512;1;0;1;12;1287398;629
751b2b371b81c6f2.dll;34304;950cf0357026855b45a6cd7a932f783abda17ff910f64c72fecdc3e2e7d1c204;34816;33c486e0dbc7a27b9e23fcc5fbbb3cd5acab5e734c2ce2281af9f68811303323;5;0xD000;34304;82;512;2;0;2;13;1288027;639
752798c47de10dc6.dll;30208;218d2d3c1b03f003dd991d8ccb3e5684ec97102959f07f649437a7ee866fb19f;30720;a50c35506da7e33bf14d0074b1966251fb0815cbbb0959893e8c4c46454ed8cf;5;0xC000;30208;57;512;1;0;1;12;1288666;629
7563e4ba9703384d.dll;30720;c0c53bba9918d60d78664a2a701b56013545bc587379f91affad8957ea03eb86;31232;0a82d360fdb0d08a041807cedede80c216abdab90a67a8fc2a6bdea47a60955f;5;0xC000;30720;118;512;1;0;1;12;1289295;629
7563e4ba9703384e.dll;30720;ed6d3160c0d0fdc74f26722cc6378d2aa3438c32c43260355a6d3a8e25d84423;31232;5f848c71350c80fcc4ebf56c1d3a54fc9b2ece5a82acda58014ef906468a3e3b;5;0xC000;30720;130;512;1;0;1;12;1289924;629
7563e4ba9703384f.dll;30208;0cb6949768b5c392b96b56531c39a3d6a38506372d5a61d1e4f870b4d492ca11;30720;578c01974d3751ef7915b1e688210cfe2ce6b4dfe260615621139a10d130b7ff;5;0xC000;30208;196;512;2;0;2;13;1290553;639
757d7c78a66674ff.dll;31232;4ae486df54cb626d9f7b587b76ab22ca8dea4e428c20a4b5c9d50a0dcf91a909;31744;2e9c73e29a3adc0fd945707b0e6838bd6341f3261fec0e4dde8cf5fe8ebcf9d0;5;0xC000;31232;40;512;1;0;1;12;1291192;629
75913923aeed5c0f.dll;31744;5a58389481c78999bd76abae285ee411c2541f53844982203d537cdf2b86017b;32256;353edae38d5e4b305d22e5656e1f1e5057ccc2f38c49a94c52514af3b9532c43;5;0xC000;31744;220;512;2;0;2;13;1291821;639
7592cc5c307b9a30.dll;34816;ebf80f30f26bcd873b6acb7646e148d7f98f6b26a00d3835356e79155856c6a8;35328;6efdb45f59488c4a0b2f3d98399b373e66e88552555ab326f00dceab8cc87f75;5;0xD000;34816;93;512;2;0;2;13;1292460;639
7593712a03790022.dll;31744;ed0f2f45d5cf01f9e02be7ef17bc9ce490b93bff8a7c00a38659d1127a3bef2b;32256;a72d9601710865c0fc60aee49a5b73d2a1433759ca4e9d601444f31bd6e1a2de;5;0xC000;31744;144;512;1;0;1;12;1293099;629
75952b9c27a3b5f5.dll;30720;c056f011ce9fc48d83eb130d65ed5033d6fe374e6a0706b05157f57ae2111c6b;31232;555a63e349d638cef9226ea7be2a0f4c19f2887a33b0f83545f9c08eaf0bfec1;5;0xC000;30720;125;512;1;0;1;12;1293728;629
75a13df34f81cea3.dll;32256;56a02e9b09a4c630c57a7b912a828a93b5614ade96f20b4a46b98a39f1071a95;32768;3013146fe2346ca52dc77ea7f65d7796f4440414229a16bb32cb2b3c3222cce2;5;0xC000;32256;42;512;1;0;1;12;1294357;629
75c8d08a6df38dfc.dll;31232;09aaa832d580c83a5aa908dabe19919001ef49e1411a37a2be028d203a9bc78a;31744;df671d62c35cf2102fbf6125466d4e1d23872e7f284dab0c12bea0cc4ca3cdf0;5;0xC000;31232;232;512;3;0;3;14;1294986;649
75d1f5b9a90a9f3f.dll;31744;83737e814ad5d9fa938c52300ea0f6e9dd89a6a1e6a58c8d60b06ef20ad50bce;32256;988f65d3fcf9b002d57543421ac32a05f88602684c9b11dc0d1e51a041b55e29;5;0xC000;31744;153;512;2;0;2;13;1295635;639
7604d1ed5750e2d1.dll;33792;ea10336679ffdf30d836930d1a92bb710d5da29a2fa9389a4a4f179a4ca938b3;34304;73f7d2d63617c3a61c936465dd5cbab2a62626a84e77adeff362b08e52d3fa91;5;0xD000;33792;88;512;2;0;2;13;1296274;639
760ccbf68a21f3e2.dll;35328;ebdb33682238bdce9a3ecd47a33a664dc5906943c9fdcfe64c0548b72b95f0f8;35840;44e79e90d5ab5ac1cabce1fa93451e486e342e4e7bafcf74043a2f573e8d39c3;5;0xD000;35328;428;512;7;0;7;18;1296913;690
761515219ed40ca2.dll;30208;af8b329b4ff632c972910009de440180e6653e0cfddb06ee256e745fc823d8e8;30720;e1100e1c7ad3cf4e8b3dc945add1b796d3fc1cc49aeaa6d82cb17336b1aa1699;5;0xC000;30208;130;512;1;0;1;12;1297603;629
761be6c311d01311.dll;28672;3fe08df42a3b00e75a14586b2f37f4af18e2f1611579d34f4f802d94daaa8595;29184;1eeade37da24839ad2100fa5e0240a7f840c54781030761569fb73c029a6c9ee;5;0xC000;28672;47;512;1;0;1;12;1298232;629
7638f816fd05a615.dll;31232;4fb0b8978ac039f6492c22ad4ebe9ea0a546082e56ceccc1574cb2a5f6f124bc;31744;edb60363da5ea8833783eda2118835c9c2938b998e4546d5ed45b0607c136108;5;0xC000;31232;253;512;3;0;3;14;1298861;649
764577a8f7833ff0.dll;40960;74ee5b84489bea408b3cbdc05a4487890dee7e95023fd8974c5afaacec1705cb;41472;7969b07e5f01ca2a128c2735ce2f6b622a58042939032d8a75b5a4ab70cf616b;5;0xE000;40960;246;512;3;0;3;14;1299510;649
76551341dcf0c24b.dll;139776;056623e8591b6fc74c08fcda39bf05cfda5d1bf5ab5df1038843969dbb508b00;140288;e7e810d7b03fd22f8dcd619289d39fd0d1efb16c30314fca9111de0b3f694ed9;5;0x26000;139776;58;512;2;0;2;13;1300159;643
7672bae9a85f177b.dll;30208;3e90b5633fee266a36f80adb4eb9593f01b132d704d0d5af5778c6fe6362cbb1;30720;52411b19f1d237dbba0d39dd84d92e6d8f5b520a508db402dd0098dca6a09a35;5;0xC000;30208;192;512;2;0;2;13;1300802;639
76b232316cf5589d.dll;40960;0d1f67ce048209c2797a1504753aad53f2189bcdef797391331f78eda42221dd;41472;bf5af3da6586555fddb1908818db12e7b2f417050ead3052614c4c8002f632d5;5;0xE000;40960;74;512;2;0;2;13;1301441;639
76e92e2175bc3bed.dll;37888;e7f102923f81160162c9f21dd01cfcfa06ad9554bd386221ffd687aefda1ebe8;38400;a7ccbfc45c443048d0f9c74b354b77ab9d1fd23ccad5bbdd21f9c7677b051b5f;5;0xD000;37888;81;512;2;0;2;13;1302080;639
76f0226a1ebc5bf2.dll;30208;6b1cfa45f07243f11b4575750dd6df4b4cd3a72baa998e761d13a1ec877fb523;30720;d94c95ce0155b384eea604bef9e15d31dc5195f4ba2090714019e6b60dd3959b;5;0xC000;30208;91;512;1;0;1;12;1302719;629
76f1a6d5c1d92ed3.dll;33280;79c5177be15d0e1c3ef3ba6017dd938e17bc26d2160d3c2eb78f192b4bb93376;33792;d59ef81cdd6fa3edfd472e442167d840eda72f460c84b07844534aa344ccab22;5;0xC000;33280;72;512;1;0;1;12;1303348;629
76fad1b7b7b3426a.dll;30208;d92aa6a33ab23c3eff681aa68444ec5cfcc95549b41dd1f37096cd7fdc0c2553;30720;014ab1a068cbc85cd8cfefd08ad5b62e0a5b8ea7fbe915cfd9315b406b44197f;5;0xC000;30208;56;512;1;0;1;12;1303977;629
76fad1b7b7b3426b.dll;30208;6852130eae76859cce8337f3e7706fcc937380c3c0638ecf940d800cf628b853;30720;6edf3c864c5f07c91c5ff8aa20eb73f4be6a6280c653bc62bcb2141b8f3f17ac;5;0xC000;30208;25;512;1;0;1;12;1304606;629
76fad1b7b7b3426c.dll;30208;dfeb7b4d512e731984751a650a832d76c78eca8f9a3d52b1114d45ff30f570a8;30720;83ed8f541ab20768a32b4d5b04ce51c22db068ef43dfc15604c29ab508fa3532;5;0xC000;30208;42;512;1;0;1;12;1305235;629
76fad1b7b7b3426d.dll;30208;beb99744df2dbb227aec4a8eaa0de56e07399fade8d40581660e19883fa4ff18;30720;09d2ac3eb2c4df00019a72ebb30c2cdd051d8ff986885d1d3c8b92c56f8ec94c;5;0xC000;30208;62;512;1;0;1;12;1305864;629
76fad1b7b7b3426f.dll;30208;379f0a73cf43a5af20db970601da599e0024c336917d29dfacfbc5c380611d24;30720;f93eecc18d86aaa7a4d3713326b3ec366f5bffd9c4ac2e6335c970cebde26bc4;5;0xC000;30208;68;512;1;0;1;12;1306493;629
76ff4d42155b80c3.dll;30720;8e597ad7ee819f3a8defd803079a42d72e9a43974e57fa77328f47ee00ee01ed;31232;a9375a62ff5391419deebc291995ac639dc051ea8a9ed63fd1daf70be815615c;5;0xC000;30720;22;512;1;0;1;12;1307122;629
772db9012e11d432.dll;31232;f87e33dfc0826d592ed3f35847db77ed45ecd8d7107c236df8ed7f287dc3c182;31744;f2f446586b7018a5652fe197445645e468d82930ceefdc664885884d28679332;5;0xC000;31232;172;512;2;0;2;13;1307751;639
774a50bf58d78685.dll;30720;b381e094a99b986c9a8c9554b248f30e2cd35a064865b1e505dc3966447225db;31232;4a40a32ac1415c1d589bf09cdbe819798ac538ffdb80bb05ef630eff4dc506c3;5;0xC000;30720;140;512;2;0;2;13;1308390;639
774a50bf58d78686.dll;30720;ce6b93b8e16f5bfc1661c0a7128fe1dfab091bcaf0246af0ad4f1e391150c667;31232;d76028801aa39b2eea785a2c0c3b9c6b379896fc622858490f70d0428572560d;5;0xC000;30720;158;512;2;0;2;13;1309029;639
774a50bf58d78687.dll;30720;ca1e0eb725ed811c420162749f8898f921c76152c5892373abe2b3399fd36f73;31232;6e5b24ded5d7735d6e3461053af176fade59e646d5a8fccd9db6e13ea5b24615;5;0xC000;30720;169;512;2;0;2;13;1309668;639
774eda28eb9b4283.dll;30208;6b6d50f8fa12ec1d4555a2de84a5b96453427a346b9620494f75f6e09364c855;30720;7b09edd26d364a55484bc72e8ac1a0b103928461631723f8c401fb350342e6fb;5;0xC000;30208;177;512;2;0;2;13;1310307;639
77711dcea5f213af.dll;32256;15d6b5d0e4c51e4d12fde5841c05461b20f21b7565ac5853dc7a1394fe99d675;32768;fd069b5caefdec763be32040c0fd5d2930cb01f1817c285c14253633d3378ec0;5;0xC000;32256;16;512;1;0;1;12;1310946;629
777eb556f019a118.dll;31744;9c3558b6aa8ccf2c7f4a3bf919935d7777cb734c087e8b870445b8e19184e663;32256;835496e2e14a7c62bf08e1ba1a70eb307a61353c13477bc71bf7407f32d90651;5;0xC000;31744;140;512;2;0;2;13;1311575;639
77872c5815a221e6.dll;31744;f38e86d703966505e355299152856c61de11a91bf56145d112e65395ca56ea9c;32256;2e3c07aad3438fc9c0ab69d598966da80a12f92ca223cff994425dfc325cf980;5;0xC000;31744;261;512;3;0;3;14;1312214;650
779b076588552c1d.dll;29184;124fa6cf576c135311423fe36c93b9e0529f4603e7237b3239f059cfdc33012f;29696;a0a40a517bd10b1214555925c5947eb671da36f6a886542152cb5d8704ada8b5;5;0xC000;29184;24;512;1;0;1;12;1312864;629
77bac70b3afe2cd7.dll;32256;f45c19656a33cdbafa70be309aec9b4bf312fdc37ef7e5507a6e3f4f8d1a28f7;32768;31965d20a94cc16f4ae59b61bc41cb5e861f4c416667f824391ee45270b89363;5;0xC000;32256;24;512;1;0;1;12;1313493;629
77d426dab6db42cc.dll;35840;f9b6305480d92f1432c5cf56c35e4c80219524dc0aedb508303fd2e1afa741ff;36352;63d813ce50ab16bc8a8f0114a56f7822834d26e278fc0ccbc6135163f26d750a;5;0xD000;35840;91;512;2;0;2;13;1314122;639
77d6638fa0a44120.dll;37888;ed9c8bfcfd489594086c46d8f1514b60795073753b30af2a4558d5d1eaa5d66c;38912;2f1cab0a3bf5981841047a760698f81b015ed1e988d33c758896f5cdedf1b657;5;0xD000;37888;836;1024;9;0;9;20;1314761;1222
77edd64378bf2a28.dll;30720;0aae9cda3f65a8a9c6d75710c2c118428009ab10ed90e13c73dc560956553dd1;31232;efe4d1d8f490eeb03acc5923d2f22d216bf6c199b0c6a4331cb4ed614d942439;5;0xC000;30720;110;512;2;0;2;13;1315983;639
77edd64378bf2a29.dll;30208;1e5add1fd573c0c0d23c372422bbc8e3492df59a3d2981f9a474bc9bef10ed64;30720;4961b8fd733e2f326b4e18aeb5636db8432689b28cbc6a4075e5d2931f81811b;5;0xC000;30208;73;512;1;0;1;12;1316622;629
77edd64378bf2a2b.dll;29696;159d824f888b60a99021f053db933decfa4df56bb62915174392beb413862862;30208;f7313f045a7227d11d011d2241a976738076e8a3e98646b33c16c1cc4c1a95d5;5;0xC000;29696;74;512;1;0;1;12;1317251;629
77f80627025065f7.dll;31232;6ea80814d800750594c34c38fca61eabc455799010f8fc90e1b24e258d26700f;31744;427b5f3479d6c52ba254237f591f54d46e8500b2bcae10634d21e7d8d35dc104;5;0xC000;31232;129;512;3;0;3;14;1317880;649
780717fcd172d98a.dll;34816;26a7a7e3cf5f38149265d878bf3a697b0f2c148fce4325a0adf3b61acf2ac7b9;35328;bd98b135e456d8d04f6306686cbdd2aff4fd62a722b2ef115428a110ae766d3b;5;0xD000;34816;94;512;1;0;1;12;1318529;629
7808102f65621fa3.dll;28672;a01a471c33f7b3f71ce93984552577d74ac231699b32ddf4bd862e076f306d65;29184;c13d2b461aaf68c67ab1c935586661f11923b11ea29567591299df76bbba973a;5;0xC000;28672;52;512;1;0;1;12;1319158;629
780d9337bb9d375b.dll;30720;8dca57d3f416f946723c5c1df9e1a42f6251cb77e8cf7f07be5a04f4ea2288bb;31232;0631e0a09a4db0860f2515f914b8644f61c884c869812caf708da0443a349e54;5;0xC000;30720;138;512;2;0;2;13;1319787;639
783e44a5acba1eb2.dll;31744;0c50f194f75a6b8c867d5f726e4750014c75370efdab9738e99cb91c36abcb3a;32256;c99522fffee05b71ec44c53322764e720423538bde078aa8efd64e050a62c7ca;5;0xC000;31744;249;512;4;0;4;15;1320426;659
7840ab83ae75d045.dll;45568;ac019519a52901442054b8cdd3571f275a35fad3937d67b38d27a685f635e8e1;46080;5d89868d2301e4f724c86354e2191659dea760c7606edd41481577a76dd938d2;5;0xF000;45568;434;512;8;0;8;19;1321085;701
7849525c1e2c67ec.dll;30720;a15687a630f28d2c713553a27d041d00533e56cb01a15a4ffcefba773e8ccfa8;31232;0b0dd727e35295f0199a04eb57ca3b74f3b06eab5dbcc862c62ae53f37672fff;5;0xC000;30720;157;512;2;0;2;13;1321786;639
7866180279204f65.dll;28672;2b297090e4ecac8a68eded85e984ab148ac00732bfd1dc1f9c15a980a6e5cd29;29184;6c6eb240c7a157d5c443d190d37e449a4b8c630cc44838c349a9169e00c4e530;5;0xC000;28672;79;512;1;0;1;12;1322425;629
7870a5e248ff97d5.dll;32256;51d2b1ae8c38d9534d8b5cdbafb385938b318f875e71cd3772f2bd1d6e807e10;32768;5bd7d1bd028e2643355fa9fefb166913b93e8b2763be3cece5fa1e7b43127950;5;0xC000;32256;50;512;1;0;1;12;1323054;629
78756b2cb8f77d7f.dll;38912;fa10a42e081a400daa0ca180753f3802386fdc96552cd0e67efc9a435a0e063d;39936;baf53b16af7981d052f87096d5579548b60f6f6be4420e4afd4eecb73c0bd090;5;0xE000;38912;689;1024;12;0;12;23;1323683;1252
7875a1eb98264215.dll;31744;f5089da6d3b8b6c59bf35d9c54fea3eae64461b84685f23d6beac490253cd302;32256;de260fe961eef7e3341bd86b4f72af864a707fe4023d89e537d7c8ad5be17e7b;5;0xC000;31744;170;512;4;0;4;15;1324935;659
7879cbd95af30245.dll;41984;bc608c9117ee405c56284929ef5f513160384b5eaa581652155d2ca97551825a;42496;b38ee4064757cd5e213284db49f825119853c747823e22c5b903634883a90684;5;0xE000;41984;265;512;6;0;6;17;1325594;680
789a897eac04b2ba.dll;37888;93471a2dd6c0994579619031322cf14910799afcdf28138bb06cf681b51b3c1f;38400;6a6abd3fb54c8df978d80ea26f841b7a1017329b18fff123ff3930505dd4173e;5;0xD000;37888;68;512;3;0;3;14;1326274;649
78a91d60a06c267f.dll;37888;ed1bf0315dc1f8003f02b1e498e499879648056e0ecd3d910cacd3f448ee78c3;38400;7680ab934ed0d928d0a02508dc057313c3f4ba0e7341419240374cc7d6ef7c59;5;0xD000;37888;123;512;2;0;2;13;1326923;639
78aa8006a4811793.dll;33792;aef93bf9bac5c2ac160c1b390b05e1360cffe083ae7136bb7cc72a297632805f;34816;6f481dcdbf68e95ef8ea70bffe67bbc77a9b314e3e095a80e5b6dc81336b4da0;5;0xC000;33792;595;1024;7;0;7;18;1327562;1202
78c538de85794199.dll;37888;f9b88fe180a043bffa0768de335a266e8f32ee0aa2ee8b89aa194e717f372b59;38400;2301827cad8b23cb39ccf115c463ada6b8e003bb631b8d7288f2480393592cb8;5;0xD000;37888;97;512;3;0;3;14;1328764;649
78c98b92886e8e74.dll;33280;24f8cf02084d7aed20b2f24a3095012678e0af30adfa1cd1a85f2b96f71ec45f;33792;81d137b4d5eac969a55fb9b9b3a0233dc549f1aeeef3e75ea3cb9797a68741cf;5;0xC000;33280;247;512;6;0;6;17;1329413;679
78cf02bfb7118dd4.dll;30720;2db81d1058af6da6e315818137ac88aa2d50f4cde2941eb4dd80d9977f498fc2;31232;51c4fa81e95f2fd0ad3c70959585820413a3db61cc701dff0f4dc1907a9fabf9;5;0xC000;30720;90;512;1;0;1;12;1330092;629
78cf02bfb7118dd5.dll;30720;a8b84ae3d47fe8608cac976cfff45a7606bd0a4374add8fe09124ceea0bd8364;31232;5589bcce894e0be81a7e67fe395ccb1d599b5ab242b1eba55ef9f8e2a50abde1;5;0xC000;30720;79;512;1;0;1;12;1330721;629
78cf02bfb7118dd7.dll;30720;4caa5a94e3de1d979bd657427ded0464a0e55198715651bc1e5ee6dd0ac67469;31232;daba74d190e2f5d5f689cd8104ad4ac1b0fcafcbec0da25703411ce9d4060af3;5;0xC000;30720;192;512;2;0;2;13;1331350;639
78d993251104c4e2.dll;30208;e73cc79af58c74591b9839b6c4ae9b576189664aaeee556b4ad2d405a3b03f85;30720;2c281b47c5229e1b5ae0d8937da896ec1343f8860f9c180c98fd56196f99c492;5;0xC000;30208;111;512;2;0;2;13;1331989;639
78ea14707db9570b.dll;32256;c5b55f194d7644b9890b74ab5f38d89d9b7e4fff868f321791347309a9036142;32768;092cff55d65db7f3adfeb33fbe8183a60667240acb01595befb0fd54cbf89133;5;0xC000;32256;78;512;2;0;2;13;1332628;639
78f3b62efad71bb1.dll;67584;8cfdf2fb17ca8f2ee0f818f98f236131bceed1edfe8d1758630dc2448c4a840a;68096;485c8c7ae510621f48149769016ce79b02153164e4baf6131ffb127929843158;5;0x14000;67584;56;512;1;0;2;13;1333267;642
7902dbc3a56f8213.dll;101888;a8b85f5ecc0a8b6d9ece3dbb32f26d6cdc0f61d3f714afe5f9ae1e1fba43492c;102400;76ede3bd6da5854eb470d16ba59ff8e734379c243ce2eceaf89b9ca6395a92ff;5;0x1D000;101888;191;512;7;0;7;18;1333909;694
790aade42d4523bb.dll;31232;1d3685b2c590863e0190d03289582f7682909290c6e38c017933c7d99b844127;31744;c0a3e75f32adbf6e0130ae3c49ad9b89b61fb2e2a379d331e8a2f7af7f09cfb8;5;0xC000;31232;69;512;2;0;2;13;1334603;639
791d3f667165c7bd.dll;40448;94904f8d22862d7e8c6059cc10dc72980145d591f4a6f3459194e148d0ebb520;40960;06b5859f8845717df4e27f112d45a0c2707ca2e9dcb9d93df8b6689714391486;5;0xE000;40448;489;512;8;0;8;19;1335242;700
792be57b4899f88d.dll;32256;9bc6d35e856d2292a87fe80c589d9fd327fe614761444e72063abfcf01805673;32768;9f21ca853d30e8bf13d0737529d2abb719a7770c93241789eba33039e86aaacc;5;0xC000;32256;50;512;1;0;1;12;1335942;629
793d67ad70846bc7.dll;32768;16a6c5650dc0a4bd7def34e26e901394583fdfd0a4e5b56e6f6f78628dcdb275;33280;7517f471578b3c6a7de28ecb470cb42d5881abae7ae2ffd67a791a6935d7cb19;5;0xC000;32768;480;512;5;0;5;16;1336571;670
7944d13661af69a5.dll;28672;cdf78735be27f84d643a3c1aae91c0dc1cf94d863d13e46c0750b7d967aaeff5;29184;56965d001cdf53ca52ab07523980ee6db02042d11d016bfe89d97b7f7ebd1a4a;5;0xC000;28672;32;512;1;0;1;12;1337241;629
794f793bb650dc79.dll;30720;5668d82f66430c421bf6a91679cc6c9e40217accf480f2bd351de248e8d5645f;31232;2749c52742c86e727ea830c841e2e9d77f15930ccacc71ecb995fd58045a68af;5;0xC000;30720;111;512;2;0;2;13;1337870;639
796b99cf65121aa3.dll;33792;735a8a9fe9177060139b1437c6b985cfdcc9e74f9565e884e87ad286c6fe0a2d;34304;2d4d5f338749c1aa92453de878202fba05d7e410bde972296e0021faed66e527;5;0xD000;33792;206;512;3;0;3;14;1338509;649
7970243d78500587.dll;32256;2f7c92901d99ed9ab49d635fa4ff53b5e5b43757fe694609e4cf8af87f74b369;32768;e9a2cf933bd7dd770a14714d269ffdb451b97bfe7140278a2e375da7086465f0;5;0xC000;32256;35;512;1;0;1;12;1339158;629
79993fded294e1b8.dll;31744;0c27a47885e161e01f9cf388a6a992c97f6dcceb9e309cc0dd6ee9cb21cad0e1;32256;6460e60102472f7e6f26f9b41d20f760ab531b8d4e0f2986eb0d28dd072e29b0;5;0xC000;31744;174;512;4;0;4;15;1339787;659
79abc8d519a98eee.dll;31744;e1036e7888be73d645c7b7670238c66590f77918e39d67bf246dd8aa363cb201;32256;b3e8fe8e355fd9de5a472a82e1db2a88ac04e48894a4ccb85f0a9dd2dcc5e96b;5;0xC000;31744;133;512;1;0;1;12;1340446;629
79bf41923455118a.dll;30720;e4ebbb55bbca4f9e53e9ba3ee5d70f3bb90fc55fe54cf0be60d2d533de83fd65;31232;9b34f8fff284fa3571b1ff1bffbc82dffc4ddbcb3a178d9f4d91e2c01afe0caf;5;0xC000;30720;243;512;2;0;2;13;1341075;639
79fe667f4bd80315.dll;30208;40c4b281437bf9e8781dda073a5da36e076f7fad714c46969aa3680a95e1b997;30720;bcd382a99f993a682729b2b6ad906425556f5abb3a66a4c8435da27072228372;5;0xC000;30208;192;512;2;0;2;13;1341714;639
79ff4c8eb6aa0fcc.dll;30208;dc8011f6cb9cdbdee815be4dc2d046f521d1bbbb37a14e1c03d6b7f5d8f736a3;30720;3345d7600e210d93c0bcafd854cce0aaf05a96dbb669c5dde47d1e13ae86019b;5;0xC000;30208;75;512;2;0;2;13;1342353;639
7a1f5592268ad134.dll;33792;a6fa6260d5f54ce159bd0d465b3080f2bdd13fe619a5f9c8df1dada50f8e317e;34304;cd7639afc1e510d1362973c6640d724e3ead821e07a65cb62cfc069f436f3bec;5;0xD000;33792;129;512;2;0;2;13;1342992;639
7a2a591dc8c3c31d.dll;33280;a5bb142a22dfa10f2d82233d995af3ba863401a53ec9e599d11368ebf9de0ac8;33792;b07b442444582b887bed41427dd9cd4f1e5c23eff5a708fce48e13dd1d76e7fe;5;0xC000;33280;25;512;1;0;1;12;1343631;629
7a2a591dc8c3c31e.dll;33280;de46fb50ee9902939a5eb0ac255687e2c0cdffdfe1ed085dc4a0ca3b1b3967fd;33792;63c7524450337b4283c38b58ab37d618536af47fda64608124f297893da24a5d;5;0xC000;33280;65;512;1;0;1;12;1344260;629
7a2a591dc8c3c31f.dll;33280;b1f364eb56cb4b7b2e469c2aa60102f4c60b63b0fe5fa08a83a873fc11214bb6;33792;fd0e14ce02ff21ae14a3ceeeb79ab7854a9230aeb47406dd75938bb70c6e2807;5;0xC000;33280;26;512;1;0;1;12;1344889;629
7a2bcfeeb1c007ec.dll;30208;f79274be911a923ed9fb503fbc2589dc9223e38b230436ce6cf40a94e0fe5c63;30720;51a2096300ae649a1fc1e18f1915103ec97b9f23095b0936bd9b1e6af814563f;5;0xC000;30208;141;512;2;0;2;13;1345518;639
7a4b6b289f9adc9d.dll;30720;fa2c5be6d235a571a9497b8c737b444160ca35205dbf24f8fe79c6138a3dc04d;31232;18e37082ee067b9e95faff6ea22d0d65e7d8c04a4620530b75f24573071e85a4;5;0xC000;30720;167;512;2;0;2;13;1346157;639
7a4b6b289f9adc9e.dll;30208;33c9968fb37f46b52e38fd9156fd102c04b65066087fc6aa2c1579303a92d5ac;30720;9f92ac678fd7b62bc9516a441c74243210c5c7dffc3a82590c5bd36872730765;5;0xC000;30208;64;512;1;0;1;12;1346796;629
7a4b6b289f9adc9f.dll;30208;21320b053571aef823ba52e24e2d341fee4b2430943bc98938b3df193658bb54;30720;ff061dc5c4c498f669b19be76b8f365a2e9b63d64e3618133ddef98a44523593;5;0xC000;30208;145;512;2;0;2;13;1347425;639
7a782a2d72b77258.dll;30208;b31f041bf4a4a11946bfb07f4e68288723e98b9b1dd6baa18e3b11b711b1b1a7;30720;8efe2969b3793dd8584acc536ad6ebdfe01eaf9cda7e104b243e2698ae96f6c6;5;0xC000;30208;44;512;1;0;1;12;1348064;629
7ab3bea3699b1a7e.dll;30208;c207516f6c015423bcfa19ebe476d5ed1565f70713c30915320e139cb6728416;30720;896fbeffd1c5641c35f5c47f56fe291836b0a563c8c3d1cf258f3f972d5eb247;5;0xC000;30208;84;512;2;0;2;13;1348693;639
7aba76d196573ce6.dll;33280;0859625a39ff8c46fbe8df6805bde17d1e6ccb783a5af529a31c386d54c94c0d;34304;fcbb28a0a0eecc90c64e30fe12ec82671cd82c413db29d1438024cc37d80a184;5;0xC000;33280;555;1024;4;0;4;15;1349332;1172
7ad7a724e18197e1.dll;30720;749c4bcc4d0ae4813cebabf30822a47f230d114122cb860f86d2c7ed511af6fe;31232;f62cfe39f380cc87722f8599f014d9acebef913bb2e352592608b946f7b21e22;5;0xC000;30720;177;512;2;0;2;13;1350504;639
7b11398d58d0578d.dll;73728;5a1765de8cc111758d9beb888374a4847eb62f0eb758ac82ba12fb5d02132090;74240;5a2d5c4a5a4b172c6667f5c53c7029dcd162c4609cf116a2d00446fef7f66e78;5;0x16000;73728;173;512;5;0;5;16;1351143;671
7b13df24d386c8b2.dll;31232;dc8cfc8d6c2efaf0c877e9fb17eeeac2a33293b5b1e555f44a4f65ef328833ef;31744;c30c460295f2845c86af9f81310a079f3060cbe54294325656cc821ba33ef47f;5;0xC000;31232;182;512;3;0;3;14;1351814;649
7b2a7d38c1fd7658.dll;30208;62a3e38b19012a65294a5e4f9383528f09a8c531e60708279015ed148aeaec20;30720;1ee4b37a29f174922c386a4e912db4366e119177195b18b96b2448df92d80359;5;0xC000;30208;80;512;1;0;1;12;1352463;629
7b3b8cda6fc4f5cc.dll;31232;d349b90bbe394bbc1a500ca8108f9f6b202dd411652f1c06e21d32f14e7ba473;31744;105fed0bed3fb518497b9a1a654a7d728c319e3e962e9c58a3f1c2f0c8603748;5;0xC000;31232;323;512;3;0;3;14;1353092;650
7b3d5bd8dd837985.dll;31232;89722ae1dddcef3d159e45d5f86af1e00c4a3c10d58543cabc169a7e3d4c023f;31744;4967a6f25e303a04d5ea1e66b1fe5112c2fe30c31caf14e3db753e3e2f442d64;5;0xC000;31232;27;512;1;0;1;12;1353742;629
7b3d5bd8dd837986.dll;31232;80d67d2d8bd8089286c1bea47596c7386aa0b5e09735292d483755cd3a0390e0;31744;a68808fed4104ac59c5de458889c746946c5fdcf3f81bcce45b9e0c4f3279cf6;5;0xC000;31232;26;512;1;0;1;12;1354371;629
7b3d5bd8dd837987.dll;31232;20192ab4b7794d6a64f9a65df5a958aa6e28af3ea2f8ad372a3c0a413d6e4d10;31744;b5165e3c20cbefff63b44f16c875e514daad715f83ea80abf7933e679eadbf03;5;0xC000;31232;37;512;1;0;1;12;1355000;629
7b460cccf01bb2a7.dll;30208;f4e155857411adb321a10b8484834754345ec4c9530c02638577e72706581866;30720;6fccba1e2f550427bb08429bc4087fc341bb74f239fdd86221cd4176f3bc199b;5;0xC000;30208;71;512;1;0;1;12;1355629;629
7b5862af5f6db02a.dll;35328;80ae801cb9e4cec9c36abe4cff057d59bcee263602d12a1002e7acc58f9242a9;36352;6ef666d88ed945d56130e0d59d6b718dc9c58a341f7055adb634e20525a9b35f;5;0xD000;35328;564;1024;6;0;6;17;1356258;1192
7b73abef30543e44.dll;31232;ddd71c1be2e39bf54b3f9e945470e161d3bcb4b66562aed149c168e61cbebf38;31744;4244542ce081018c000d4efa94b49f15abb00a6b0764ed1648f9372bd11acad9;5;0xC000;31232;156;512;3;0;3;14;1357450;649
7b73de4685ce9099.dll;46080;1f08ee1224a88f86078f0c6d10e903a28c974504932e846d9089605e484b4cf7;46592;eba1b5126a3ca6bed20b0000e2f9ba48a04bcbacc5c180c3663b868572d7486d;5;0xF000;46080;147;512;3;0;3;14;1358099;650
7b73de4685ce909b.dll;45056;23266d5a6e82b49564aa0c815aab7ef0bcc729709b36ac5794a3345394773874;45568;be4855b2ce93c8c37c80706c8d2d679b0bc0b9854a2c0895f14dfcf63784c71f;5;0xF000;45056;145;512;2;0;2;13;1358749;640
7b767f227c5bc2ba.dll;34304;3344d0fa007456180ad1b76d091385ac907453406c8ddccf18d3dd3f39beb885;34816;377b38c04013cbd29ab93731814078c9b84c20239ad3c5968c79425dbf64dfaf;5;0xD000;34304;80;512;2;0;2;13;1359389;639
7b98c1855eeadf99.dll;30208;ed1ec9f15ab638842060d742f43bc38545e8aba375042efb0946b8e48bc02c68;30720;6b82199ee35f01af1322f1c2ba8c34c1d0bce9928b718a1df5c0222465bce261;5;0xC000;30208;59;512;1;0;1;12;1360028;629
7b98c1855eeadf9a.dll;29696;57bce9b14501898e958d1d4b5d28fbf00bb95f510a712c5c873fe13a30d7a1ad;30208;2b8403a2ae8c5e99eb63f57dbf6509fdb812b0ea17d129005490859b094833bc;5;0xC000;29696;57;512;1;0;1;12;1360657;629
7b98c1855eeadf9b.dll;29696;ed2bf440d10f51ece9736e1a7e0993f8f143f5545bab6b36d5000f66af68b272;30208;d1a3197ba639172b9c2d9532acb52e0a1361006b2d1655976b99349262593ee7;5;0xC000;29696;73;512;1;0;1;12;1361286;629
7b98c1855eeadf9c.dll;29696;3cc2a56a40ccd6eb38ae2ae97bb48cd7f7cd2c869c0ffc08a92274a36234bfa3;30208;af2692b4589737734134775373d15371d945a24c52380d4f79d2e022dbc93081;5;0xC000;29696;52;512;1;0;1;12;1361915;629
7ba71764db4a4207.dll;29696;7e285e29838b4398fe87080d195b08f620e8da64f2902c59b6da1fbb0394ca78;30208;4bcc710ae00669101d5e6d4e2cbdda56b10575cbe2b99299124ef0987087c3e8;5;0xC000;29696;29;512;1;0;1;12;1362544;629
7bae66457fa286ce.dll;35328;62cdf30b4e9e08fdf913da484c0f56249838b0181f588b7f9a66989fc77189ec;35840;e2f36711425207a4448e1a0244dd5ac8138d489705bb495e9963eff29ea22ab5;5;0xD000;35328;144;512;3;0;3;14;1363173;649
7bcfd91cd3b42fb2.dll;38912;6bf6d0409fb355e914494830e5af447b453862c0c79512b1d70d36f6744b2234;39424;ffe848c8bcbcdcd1570cbbdd1b8545d50fedd9283d982d876324674aa90c23e4;5;0xE000;38912;101;512;2;0;2;13;1363822;639
7bda3e0d439d326f.dll;33280;a810f9133d835a0d23b4cb63500c68a85c78030efeae0ac167f0c6e080a96574;33792;0d642a14f3173c4888f4de1c48ef1997ddef486035527dd298cc34e727a9e759;5;0xD000;33280;250;512;5;0;5;16;1364461;669
7be53ab1034136a4.dll;30208;30ec2c14f98ada989b75b0dc3b0f635f965c5d76e6b3d366c80b0329c26526d9;30720;c51697fd27b29bb804e92a3a866055d1c30ceb437b6da029d5caadaadda7bee8;5;0xC000;30208;22;512;1;0;1;12;1365130;629
7bedccd4e792386d.dll;31744;918d5a069b2984154232618d91a26342a278d9817e1622cd6d4299ba49ea33f0;32256;fbe6f9bf607aee3acf17ba10b415b5fc3276127a0a564d37fc2bb65e10dc9f80;5;0xC000;31744;247;512;4;0;4;15;1365759;659
7bff1bc252a49500.dll;31232;d5838db0bbe4dd387528d4be35614c5a1c647ed0ffd8a3fb195ff4d617c40e3a;31744;a84c8f7ffca0e0cf0d560d9dd98cf0bdf849955183eb5ad61ffd920254631d26;5;0xC000;31232;212;512;3;0;3;14;1366418;649
7bffc7cb5c490ee2.dll;35328;cae79f1616c1a5e875e286437342c93d865b97aff2722e407904c1e9428a2a0b;35840;59acbb1da4a4a29103d1e393dd2a7dd732d7d7c909cec4bc71a0eec0c3a0acc9;5;0xD000;35328;43;512;1;0;1;12;1367067;629
7bffc7cb5c490ee3.dll;35328;a60a0d9f678fd6243e66d962fa048fa19128e642c96b6bb911533be7eec33434;35840;fe0bb1b303f5ea3f2b7ec50a31c989d5eb52148413ecbbc62bd42fd1b61a873d;5;0xD000;35328;61;512;1;0;1;12;1367696;629
7bffc7cb5c490ee4.dll;35328;baf544df65b5967cc03c1ee5b0485f9158b7939b2b786ec0ec5af82e4c081027;35840;671a703e675130315573ce345eeeb189ba23a0e1ea7b83b442a1f8ed8d467984;5;0xD000;35328;26;512;1;0;1;12;1368325;629
7bffc7cb5c490ee7.dll;35328;3839025d5d2af5faaa51f83027c7a3fcb1c2f6c1ee263c5df3b80b0185d988c0;35840;166dd2b74b25d9479f467c74ad0ed69edc7248093659dec15f947cb655cb475e;5;0xD000;35328;59;512;1;0;1;12;1368954;629
7c0de68c7ce0735e.dll;30720;a30a647f3825befac031d91c5e92c8a5559a2d2bce1968dc1ed73e10128ba64b;31232;a6d63193720f0419d675dc0920323b458a31fe5b2ddb7e03849c3b1d3d4cb517;5;0xC000;30720;90;512;2;0;2;13;1369583;639
7c1df9e6d90f48e3.dll;32256;e6bf757b54effb77c795d30665e9cd762b9c4c7aa278ffa9ca688920eaa807a9;32768;a241d6a0a18c1fbf5ce38440e45bdef9868cbcce69836267377f130170200ae2;5;0xC000;32256;28;512;1;0;1;12;1370222;629
7c1dfa6b345fd385.dll;30208;28e8294e8afa818c56e61cfe6bd2f8bc9b51fea5d1954e75a018aacef04a7b80;30720;0e45e360fbfdc067d3351c64d1157d236a2412f99ec0b123291e1734446a9ce7;5;0xC000;30208;152;512;2;0;2;13;1370851;639
7c203f1f75b6ee09.dll;32256;351dba4acaf57492b832b3c72a46def1427c3850ad730029f7d87a073c7ce450;32768;a23b57d21437abc10507cad6a12a078570cec9ce4542601446ef6c631e176dd1;5;0xC000;32256;55;512;1;0;1;12;1371490;629
7c20d37238a485fc.dll;30720;0cb108be904b2c6ee09e6164ea1a91fa9e06a8492f3dd7a2b396ccdf86231cba;31232;158af02a302887c5ecfb6fac60129a33e9f0e83a5bae44800544aca7fd80abe3;5;0xC000;30720;364;512;2;0;2;13;1372119;640
7c26a2ab86a728e4.dll;30720;cd4e3dd271130676060b062ea4b98a2c30110922996969ebc9f6e1b49b8f4599;31232;259e8ad36a27ca59babb0aa1f28635f0e70bec05c1183b3a8414abdb108b44b0;5;0xC000;30720;130;512;2;0;2;13;1372759;639
7c2efd7e86460f2e.dll;32256;31b6fe532242e81dfd1b6a4716e3a2c564c45075285277c6df538367eddef8f6;32768;6a927d954eda94c60821ad59b7d86a5d6096b0737ff0c2783948e93c3c061dad;5;0xC000;32256;305;512;4;0;4;15;1373398;660
7c553f53fa3895bd.dll;37376;ca24f3f17cd6a08b789c32ee9fe271cfbb66c8c9ff2a54ef2fa62c6302b88598;37888;bfe39c880a37ddd1304a41473b6321c30ec3294f4c89a26648f63edb9578ad50;5;0xD000;37376;119;512;3;0;3;14;1374058;649
7c6a6db29400b07f.dll;34304;388adf50e0fe1be126a3adf8fbaae34ee2472d2648d8b5be32cc4fa08f4f6eb8;34816;046f551877db17e655325a26bffb5bddbc5ceb8e0bf6131de35314fed73002b4;5;0xD000;34304;235;512;2;0;2;13;1374707;639
7c72cdabf039d9cb.dll;28672;a2719166066701b0410bb850c15d7f4774921cf52799b746b12b978303ac4004;29184;08e23fa0e1e286f3e68c6796d68899f2c901b91f8fc16469ebac59d1c77a5711;5;0xC000;28672;29;512;1;0;1;12;1375346;629
7c8891e6a60c7a5d.dll;42496;ee41c4fe5dd4b401a0fc6f56d534b4c7d7c04c1e45099598e3744d5470e0ad4b;43008;8f0d122feb019add904e6b095c4d0427a9bc10379173e5ffbd4691e13eae054f;5;0xE000;42496;390;512;10;0;10;21;1375975;720
7c92a8404ea20d2d.dll;43520;5ae1c0c2790af476f3484a77728e548546a06c5b114a39433233cded509ea031;44032;2c35c69bb2725404368a81a866cab9ad3e7ef0db78bb23cb6c60aaabd6ab3fc9;5;0xF000;43520;73;512;1;0;1;12;1376695;630
7c92a8404ea20d2e.dll;43520;c08de65548c5ff9d2ac25b41ac220285559e3828675af51445cf1ef693d6cab8;44032;be31f1584d2d658af6bf7edfeb0c4b456e32650bdc8f5a814b559038be5cae37;5;0xF000;43520;85;512;1;0;1;12;1377325;630
7cafa3945cd01b27.dll;30208;6b065f83b6ade85b4a5bfe6abcd12dddaf451b99d76cd2341a0ea4264c3bbb79;30720;80c4b4e8a08311ed5fde07b14d5e3d0f2011e99ed4178aa79b273926185686dd;5;0xC000;30208;19;512;1;0;1;12;1377955;629
7cb85eddc7cf07ef.dll;34304;2ca9a2535e095dd7a00a53b2696d5a56d1bcbdbb35dd1c4e8b8d86d4531b70eb;34816;163d6eddb4ea1eea1e6f1fbf9661d25fa5d63236a22da2f44a41c1b3f0e9ff61;5;0xD000;34304;104;512;2;0;2;13;1378584;639
7cc45e8a26a500f2.dll;35328;e1794e28616a954d81c72a50ceb0611a454f754347a6f1247bb6f03394a95fc3;35840;1c54a6d96fb087c186327f88b40d13721d06629e58aac1b33b9feee92557ca35;5;0xD000;35328;144;512;2;0;2;13;1379223;639
7cc786529d553cd2.dll;45056;2a528481a251d5741a5a9aae70c055c68b8e4a6f2dd0ff9e4dac24e037e1dfe7;46080;03e95a9dd44dbc509429d46d02d9422615c6998e31923a9b755b2d8d277ae329;5;0xF000;45056;752;1024;13;0;13;24;1379862;1263
7ccac9cb008bac77.dll;32256;e3df11f0fb0762e5182dc6d1112d8ef499d6adbd72ff0f8da2bcf760ab9e3a70;32768;15750debd6a4fb5bac3f90b5ddb10f8abe2cfeece6a066211d36ee8fcece4887;5;0xC000;32256;71;512;1;0;1;12;1381125;629
7cd7549e2cb902e1.dll;34304;4b493cb06c9c9600388bd7863888830d5a6a05edece287ebf776c6ab213a1329;34816;eb2fc0538389cf50a37137ad6f2fa712d96b8a5123060ba43d5decbbb68f8418;5;0xD000;34304;30;512;1;1;1;12;1381754;629
7cf37e991e7a705c.dll;30720;ff16cfc0ad6c5176c5f8f30bd972a9141b8c6a39d28d4c7dbf54cbe72bba9e88;31232;37311b889adcfd67b223ecb072ea0d1c7b2b4041d53e3ddef53a1a02c9c8c615;5;0xC000;30720;172;512;1;0;1;12;1382383;629
7d29f368ecd9fd89.dll;39424;78ba323b8daf8ec9b7eaeb6b59470a4a05e206997e14a0e4cf96fdf0ec63dba9;39936;b317f5453be6e1b29da45dca74414f30545eb8358e451216e81db6f1ed80312f;5;0xE000;39424;326;512;7;0;7;18;1383012;690
7d2e2422c314fb26.dll;43520;f6027e44e22b4ad8f9726bb91f5bbaed9334b1d0c0a63bb288d6dc386e59ccb6;44032;84b68ce2ad2c2c255494b320e32718c6f0110910e5fd0c4c4d36d40c1021f5eb;5;0xF000;43520;324;512;7;0;7;18;1383702;691
7d3776dde0363779.dll;37376;523ba45f04a5411231e53bed229d010b353aff101d993718229dd90a2c013c04;37888;e59690729ea654e16c2973a89f80d1f6b03513981381dcb60f66e0683b3deb6f;5;0xD000;37376;384;512;5;0;5;16;1384393;670
7d3862661a3eb9c9.dll;29696;acdbd3c883e86985f3f3d1db238f47d2b987d98049ecce5fd3d84bf20a5f6f81;30208;266f7e8cd9851b953c44d42dc962a56c5921bbc0525c890f523b2e570ef8debe;5;0xC000;29696;18;512;1;0;1;12;1385063;629
7d3e19d6cd66dd04.dll;31232;6c0dd2878346c659b115e16ba7c30ec04b62b9d608c8bf8e9cdacc61adf8b683;31744;1bd38f2dde9eae8ac2a86c8731d8058b9aa12a09df4f9a8e33e83a51e3965c38;5;0xC000;31232;194;512;4;0;4;15;1385692;659
7d46b97fd96927bb.dll;32256;ce6c09b17da3e8dc37d8cf347650e03a3aebe25dfa2c77562a018d2a2bdd8052;32768;36da6352b5a38d8a761fc098389d6f0c3fdb3bdd318dd6be43154dfe233c6f00;5;0xC000;32256;25;512;1;0;1;12;1386351;629
7d47a0b98e077a59.dll;36352;61896a80b8792a1968a6087f3ee8bfeae0c2ad32e7c2d43040c96a299cfd0c53;36864;777d4aca70e784b183a7f5c8a83068605cdb873b00cef6f15b67c53d62bfb42e;5;0xD000;36352;94;512;3;0;3;14;1386980;649
7d47a0b98e077a5a.dll;36352;ca1472dd0016d4d1b5ba024cc0dfeae0896cc5f6f35f413af83b5062d847b119;36864;29ddb4903faf06b94a27b8406725da28f1f0ca9dbcff1ae5a85c3ed01b7ed3ad;5;0xD000;36352;88;512;3;0;3;14;1387629;649
7d47a0b98e077a5b.dll;36352;b338df0ac45a53689cf5f3927e636ddcbddb9770f6c4136cf3bd08437fa3a32f;36864;d85aa25bbad37fdd74f230dc768561f83f8c809171e60db8f95440a6f7a83170;5;0xD000;36352;74;512;3;0;3;14;1388278;649
7d54d5b36e8856b0.dll;34816;d7bf80e4821ec503627441a741737d99cdb2d849514cbdf2a178d14b3d1f445b;35328;655ae448f3b5946f0364cc9f375f767f6ebfb812f38f24103c220a6b2fdc71b8;5;0xD000;34816;274;512;7;0;7;18;1388927;690
7d5c4ef39065102c.dll;36864;086bdc6686ad431bb438cb248daa91110e8a2b9a24ea573ba5e9151a2d501600;37376;f6f8962bfef985b49ff660a0619b4eeed061489b8b2dd372cadb8ee0e0386643;5;0xD000;36864;191;512;7;0;7;18;1389617;689
7d92e8202c935dd0.dll;31232;7261b1b102d096f55081b22ad1e568f18ee4f7f1279b4c4c2f812ed30e2a4527;31744;a0b203095a14abda4552d790e7dddafade3947148cc4440e6ae6b2e506a6ad41;5;0xC000;31232;46;512;1;0;1;12;1390306;629
7d92e8202c935dd1.dll;31232;cfc43ac4221ea623bd512ddb5788fc98af2f3786bac3494f8a87b9376831ad59;31744;25d3d755c35815ee8b6e2f02d91e1695fead9161c042f59d28a87f152846d6cd;5;0xC000;31232;27;512;1;0;1;12;1390935;629
7d92e8202c935dd3.dll;31232;0fac2e69f67675ccfb2d135b367d6280ecc9766b8a9d5748ad556b032bca3988;31744;487a4b8aca76146cb18c583ab8d43359caf14c84a49c6d077aa2f8d1c0c5dbb6;5;0xC000;31232;28;512;1;0;1;12;1391564;629
7db1f2e6e950ef47.dll;34816;f65b9cf88ba38ed1c7885a32b1bdf3f1d5e70a766e55b5e3cd121cc160f51309;35328;bdcb945df74fa59a167e22d856927854a8971d50b6559124039215243eb70823;5;0xD000;34816;314;512;5;0;5;16;1392193;670
7db9c66388dcce4f.dll;34304;2d62f3507220be24ac95757261272c6cab7b82444998046c50ea20e23ee84253;34816;ca9fbbd5d6f028113db139c201acf531112031287d6491b10db94730241df551;5;0xD000;34304;111;512;3;0;3;14;1392863;649
7dcdf54893220942.dll;39936;aa181b615b4e6cdc1f7cca1c21a1d3d78c3fa1b2d3a2820665ee3cec88c15f70;40448;f90d9929105a5d2c5be669d3a505124a5d52b488606dbea4da35c7d382d57447;5;0xE000;39936;194;512;3;0;3;14;1393512;649
7dd8918c74931eac.dll;30208;bde4fb55eede79de6edef825e1d988f82a7c899af71e61b9cb1c22d4063e8768;30720;e2f87ab8f851543850987f1e43dfce17ccab2d69794c30d5849caae3adddf278;5;0xC000;30208;125;512;2;0;2;13;1394161;639
7e0c9f6af1be0d2c.dll;34304;08f6a427127f866046c411dfd6dd13a6c9a649fab9e8f850191aec3fb8940013;34816;e37148b1a4ae9ef7c79a294a9076e163e7d719ca54c17de8963d3be078aa181d;5;0xD000;34304;171;512;2;0;2;13;1394800;639
7e26a2c5c99a3b53.dll;32256;ff9156f254ad10613c30bda671b931b8a741d939e1dd40dfdce469f78bbf6dd5;32768;b80c5c82753f1a4e712526351be414fe7f26611f497dcf7aa79b94232883f320;5;0xC000;32256;342;512;3;0;3;14;1395439;650
7e37e96b23614dbd.dll;30720;b8463a177741522aead90d4a0bebfc301fbae1a6b39c0d7f517b9a5dc1fc6497;31232;332cee875ba7f8aa57a48d3a3931657f4819ed183d7886da7a07357c8cc7c661;5;0xC000;30720;233;512;2;0;2;13;1396089;639
7e37e96b23614dbe.dll;30720;f39d6b9a39a015e35f08b8101fafac8d60bc40823bb53b474f9e9a13f56e2c99;31232;8dbed66c11865ae49f788a97fcac827b9e147dfe82a25380c734b6e39d37774d;5;0xC000;30720;211;512;2;0;2;13;1396728;639
7e37e96b23614dbf.dll;30720;9e639cf86561ed1109ffac0d90e6f0f09aa4cdf903666fb0456d7ec0f625843f;31232;f58aaa83386db1330a06e2a864dea3434c1f2e21734e4ef5352534ceff1663a8;5;0xC000;30720;180;512;2;0;2;13;1397367;639
7e49bc5c62e3ebdc.dll;31232;753f2130ba3c913071fa0216385ccde35e696ff0bd1ebd9a2aead8780bd75a86;31744;14071857682547b56aa1fc5b11bdfa2ba11bdfbb90570982216f55b0501227e7;5;0xC000;31232;272;512;3;0;3;14;1398006;650
7e49bc5c62e3ebdd.dll;31232;05c17bd2547d7b943d40a3bb196b4266c3914e0589b855f6f37d0beac4bd094a;31744;43a1e9237f81c2abecb7e824b5460fcc21fc3dec27f9aa8d96aae393d86533bf;5;0xC000;31232;285;512;3;0;3;14;1398656;650
7e49bc5c62e3ebdf.dll;30720;b2deb5949d6403fbd70ba3a0f2713d002c1ddb7402be1e5a696614b62dac16f3;31232;338093805df942eca7017832a13aa2a2f8c43c2974605cac7e5a39b4ce67f43c;5;0xC000;30720;204;512;2;0;2;13;1399306;639
7e56e829b80f4eb8.dll;30208;51ce71be7a68ba4804591b6dfb36c1208399eea6ed3b5dafccefc65be0299d18;30720;c4eabac8ed4a8a5406ddbf195c61ddab1be258e71c42a041d6530edb60b8efb6;5;0xC000;30208;42;512;1;0;1;12;1399945;629
7e56e829b80f4eb9.dll;30208;b092300363d1e707e8ef4527448eb4eeb6c24a118c399f9b96a0475a33170f93;30720;79e2a3fb8446495a8babd0f88cde5eaf1cf426641c9a9f964a41e95c599e9bec;5;0xC000;30208;31;512;1;0;1;12;1400574;629
7e56e829b80f4ebb.dll;30208;e63fb3632df27641a08278b931d4df945d075b154832271193cb244aa424f510;30720;d0af67fab4975af8c0909f83226d00c55062e7a40a40f40d11baa62c8cfa87b6;5;0xC000;30208;47;512;1;0;1;12;1401203;629
7e834514d22ac455.dll;36352;fd58719f7e64bd96ea7565a18b0829200a3fa9c650d967dbdcbc6230e10c243d;36864;36a8e92ec161d2b027118f62a5a08b7b82a52cc9be3fc0a23243052cd6864616;5;0xD000;36352;39;512;1;0;1;12;1401832;629
7e842a0b27e285db.dll;32256;0dc4c52495305935c7af72a346b57282892c8a5a59e36e5489249810baee39ea;32768;b7e449525634fb848ba47ea38d6a050fc1697284f7610402dc296bcc17aec3cf;5;0xC000;32256;77;512;1;0;1;12;1402461;629
7e8ba0493e1535c6.dll;31232;d1462a85ad3d0a904aa56c4e9c2bfc4ee61e08e428759eda506028814d6ee7e0;31744;6ccd2521b5f93e2406c2697646b696327713f603b24193810cba5e7a012ee69d;5;0xC000;31232;172;512;4;0;4;15;1403090;659
7e8d5e49bee1e4b9.dll;29184;374d5fe92dc9ad72d0d983a90532dc350b6331ea5f1c6d5a9a96ac3c1adc904a;29696;0f60a0acd59163eee770e8266c08453c648b5601f8a4269f0da884a776122810;5;0xC000;29184;133;512;1;0;1;12;1403749;629
7ea8445299acdda4.dll;45568;1d017768b03bb67f1cc65ea8e0e2e8078057f447a76005cf9936698c5b33fdcf;46080;386e31c1f725f6c04794792ce25e6660d15b1e6f8ebd5482829f822ca1d7dc80;5;0xF000;45568;125;512;3;0;3;14;1404378;650
7ea8445299acdda5.dll;47104;c156a60058cc7eeceb543cb7c68865b35ce293684a311af3844ff3533ead79cc;47616;7e68caaa51407c978a57b9258871074886889a11ed587c1e2617291bed77cd2a;5;0xF000;47104;334;512;5;0;5;16;1405028;671
7ea8445299acdda7.dll;45568;d84adbd3be46869dda00569142ef27e0b8a87b4c24a14584aeb99c17379b61ac;46080;b1b58d0855c00c73cb4583ce6212eab84a6f2297262a9072ab42848359c085b8;5;0xF000;45568;160;512;3;0;3;14;1405699;650
7eb0b44aab9de7bf.dll;35840;d1a884aa14751259a1cd9d58b887ee3de55b4d4c77ead011a74d2fdf12f7395b;36352;1f5bb761ab94cbcad86ba3d773699bf842843c0c809e5141324634d5f5465787;5;0xD000;35840;168;512;2;0;2;13;1406349;639
7eb2d8a4ee5bf5f4.dll;31744;65a152d92d36f4c26dfc7116afc8309de595d83783da5a3ced3e63947faccdb4;32256;7991e5b0d24a262cbd409a128a062d928957d19e87d958caae44a31f7de62dd0;5;0xC000;31744;128;512;3;1;3;14;1406988;649
7eb2d8a4ee5bf5f5.dll;37888;4933ea28e299b96f786a57f2ea6fe01250c5f6dabe955415277ea151644534df;38400;03240552a2ee93d2ef17726a651af697c3b679ff8d78256405f332ce99498cf6;5;0xD000;37888;252;512;6;0;6;17;1407637;679
7eb2d8a4ee5bf5f7.dll;29696;a94800b8adc3bff4a47e06a69fd17faaf737362854d2c91eac2b4f1db21316ba;30208;f8d389993b5ea3def28832683e15a341f0a8dff9b4ac8fc91bd6885d1f5873ff;5;0xC000;29696;20;512;1;0;1;12;1408316;629
7ed527ab8a3187e4.dll;32256;51599c113b725bb9860aad056d64970edf09f14cf412df494f4bc12e90310228;32768;ba907e0885a6feb241a37e3cda2a0e51269ae4c38db0313b2616d1e69988cd52;5;0xC000;32256;66;512;2;0;2;13;1408945;639
7ee12d9a4dd6eb53.dll;32256;19d4999d414dd9428723b9a26fbfa05463ce480d0e12ff0684d90f54e1daee8f;32768;8d3c94c7ac49fc7f83fc6e611df620f88581386b4d32a612dfa7c7957e536f22;5;0xC000;32256;50;512;1;0;1;12;1409584;629
7ef84820b01a2417.dll;29696;08441f774031371aab913323754af349480bb405a5a3b5667e8552cdc8cd948e;30208;9acc226f2c4eff97f8b18ab312cd89b9c0ffbc2271994f31c94854fce73c9779;5;0xC000;29696;36;512;2;0;2;13;1410213;639
7efd24ff89030885.dll;29696;ff99a278621d21b17a8f637f1403aa98a7766fb48c6d26c92b7fd6e1b5a79791;30208;e366b0659e7c9027c7d172f6fda12824b7757312a2fb42725335695287e9d91b;5;0xC000;29696;50;512;1;0;1;12;1410852;629
7f0a2b0549d2df89.dll;31744;104036478782e97ff8dbffe835defe867f4fafadd319015ea869c1a1da37eb50;32256;614e9158651fa75fcfa577a583e2330e10c7f6785ddf570499aa58e52412ece5;5;0xC000;31744;361;512;2;0;2;13;1411481;640
7f4a7a9e06bb6f65.dll;29696;792f4d48ba007b81bc264a949c5d48d0cb4fdc0f79b5c7bef15cdba86b99f5ff;30208;cf3b3eb368cb7b92fd7ca496d163107bf40d37478bfcadbd94e8b2e3afd2f393;5;0xC000;29696;79;512;1;0;1;12;1412121;629
7f5fc777c9c32719.dll;34816;f62667d59b57fc953334e5b7f448ce3915d7c42cad42679cca1132801b5f8da3;35328;ab3ed2ffbf24bcdc1f7607161f14b1aee57a21c474443e2c4524db544749bcb1;5;0xD000;34816;146;512;1;0;1;12;1412750;629
7f799dcff72b395d.dll;32768;5ed6e6601354814efd41be116e6a16de89bf591e2980113cb81169cd85607302;33280;daa8acb86dc020df902e6988bf16fc88a7641ec7cfb99e5664c4da499cbb6bb5;5;0xC000;32768;32;512;1;0;1;12;1413379;629
7f7f25306d8b9cdf.dll;31744;a9ce81923255da9ff23e74ecfc5df7729f53ca5c4fecbbf24b00843e17745dc9;32256;bd14679c9fa79431ea5a8dac76a6a616b38f9815a2070668fbc687cddac36a96;5;0xC000;31744;62;512;1;0;1;12;1414008;629
7f8272cce82a4de6.dll;31232;37384b806ef56a7b32dc714d6337b1dc5f4b9ffb1e214120de042778dff01eb0;31744;d8a7cf5d0d7a9d25ef5068e66ab07ba9e6e786c146aba7a546fbfe732a6c0e94;5;0xC000;31232;254;512;3;0;3;14;1414637;649
7f8423301c8c6fd3.dll;40960;e20aaab0edcee8b66e1394b99496c417c2b63c017f5c33a8561d057532d956b1;41472;2ae69919d7ef7c518a04dbcd0254a5cf03d797f9cdb3faca272b6d193f61f4b2;5;0xE000;40960;238;512;4;0;4;15;1415286;659
7f87f5ac6cebde44.dll;33792;d27dd125d43b3196e0ece677c77e2f4be4e4f62eefa50b30bae829554b98e57a;34304;38f3e107a4df605ec02be286b7c78c672220da9ab0aaca5c8041110acfc57f76;5;0xD000;33792;85;512;3;0;3;14;1415945;649
7f8878ded63054e6.dll;30208;e75f38dc890f82e6035e83fcddf6d0a6f58010ba92ad7e524b00d4fa72ff93e4;30720;4d440080ed195a8022921eb607ff93ab111a60127b4f5941fe6602368a15388b;5;0xC000;30208;69;512;1;0;1;12;1416594;629
7f89438d7e58c635.dll;30208;3b15a9c951782ff6f435ec1d4ffbd91c19eece60b776b4196cb36695e0c5a949;30720;b34dc4d90ff80ad0b0ace250f0ef8807c4be44805ea4e803a94caf33f9b7fe02;5;0xC000;30208;136;512;1;0;1;12;1417223;629
7f89438d7e58c636.dll;30208;86557ad9981638a11f346c31201d1cc1e353d999b7e8b582f1b03fc3f6873a96;30720;aa0b085c36bffc7092ffa8a3f26a26a30af9996e0891928c10d42f60f7551bb0;5;0xC000;30208;122;512;1;0;1;12;1417852;629
7f89438d7e58c637.dll;30208;37c80d0951a3b27de0489a2c6e7dfe22a921e97365a6ba873b1ce657191f178c;30720;4b506bc3183017e7e28585b214d3737b9df33a8104ab34a2292d5b41f43b8f2e;5;0xC000;30208;177;512;1;0;1;12;1418481;629
7f8e4e19142448da.dll;33792;182883c8735bb2206ce9b35caa56232d2a5b17096360b302707b8b99d6a2e732;34304;f6e0b9db003cbdca3558fbc932edbf11f4a37c65576544538a5da00f506b3b8e;5;0xD000;33792;51;512;1;0;1;12;1419110;629
7f8e787d1499f24a.dll;33792;97c216a62b87aedc76241c024f6f27415aa5b00f14fa6089bc3904d68b95c09d;34304;abdadcc1081a79f14dac1001d00f42237253f54c9128af894a59eb5179df3359;5;0xD000;33792;87;512;2;0;2;13;1419739;639
7f9fef5fe19dbc31.dll;31232;b95791b065488df1ea8382b85b6408a77efe92a897483cb7c6d55285d8bdf9f3;31744;fda1f8016b01181d41835274e27f932bbdff812464e8260e4bfaacd1c5459f21;5;0xC000;31232;40;512;1;0;1;12;1420378;629
7f9fef5fe19dbc32.dll;31232;3450c396a469ab1850a08dc2b3b9a97fd4481db9dff53e3081423cc30c6c3339;31744;d8cb52be316cf78d6631518b1467741061f2875c97fcdc771b52ccd355f8f803;5;0xC000;31232;44;512;1;0;1;12;1421007;629
7f9fef5fe19dbc33.dll;31232;ce7e4d24fe284933436dbbf48f91fb22ec234fd07985f4de9d0f63d2a836e904;31744;f501c38d0df5f3e2bbe95bc8ccf29b22bb93186480e45880a803f5c63f76b7b9;5;0xC000;31232;55;512;1;0;1;12;1421636;629
7f9fef5fe19dbc34.dll;31232;aa653b2b19306b2ff5abc6ecf78abe34c4569874c74e5930333180e8ebf4c941;31744;e3993ee7e0241573b1bead3693f5747ed8333abd43fe76f93f3247d419228d0f;5;0xC000;31232;38;512;1;0;1;12;1422265;629
7fa8669382281854.dll;30720;ddbb9cba8dd66004c3c97dc6803ba0581fdd4521f9511605688ac5e4ed3bf3ed;31232;588fa0fd01c0d03c012f49f28d9ec29e0f130ee0c951c26d8215fc8016448062;5;0xC000;30720;168;512;3;0;3;14;1422894;649
7fb03865bcaa57ac.dll;32256;f04e393e18ef5f38306be376c9cc98c8d582cb8035c0df3b63db3baf87bacc98;32768;f1e6d9de7332ea1c48489115850ac211c5158f5944e31b05b30af29d8e7198c2;5;0xC000;32256;192;512;3;0;3;14;1423543;649
7fb03865bcaa57ad.dll;32256;7d85587ec8f9933d8da1b16fe537ce4ab43586bef5518422c08c8f9766e9ad66;32768;9bf9e07d2f09c3647afcad4c54ca710c5e276aea726dfb6eff3ba7437abf4780;5;0xC000;32256;209;512;3;0;3;14;1424192;649
7fb03865bcaa57af.dll;31744;47f5e8645f89db3f34e6b827eeb8a843286618c0370ea8f4b10f68d52311d4be;32256;20cf6ca1aeb953150df8fb6f5f39c1ef2c6a2ab33001559acfe80f70a536a55b;5;0xC000;31744;209;512;2;0;2;13;1424841;639
7fb7fb100930904c.dll;33280;6ca512958b868747eb23cf3213ce709e48466f5d18c768c06ef21d431c387ae8;33792;aa8c21d1fb08c49e031ed93df037adff38a5f79deecfa87dc203f1f0e75f4975;5;0xC000;33280;23;512;1;0;1;12;1425480;629
7fb7fb100930904d.dll;33280;73934c22448bf13a12dc02ea3d4e2149e339b299839f74e9e0251d012da15b25;33792;d0b27bd6fcc02ac48af8e6797bc86cfc9128c549e5f8924e0019c36556fc2e68;5;0xC000;33280;67;512;1;0;1;12;1426109;629
7fb7fb100930904f.dll;33792;9773107cf77d7a6b6c4a192df86eee77e696bc4bee48fa59f1931f659ec09eb9;34304;efffa5244589fe380617430807635874fe5a8757e5373eb2fe2200a5ca3dd1a3;5;0xD000;33792;42;512;1;1;1;12;1426738;629
7fc12a456800caa9.dll;31744;4f10a2b3be17d8dcd25fecb58d670bc1d00f9e15363b25769acd7cbe3eaa7c92;32256;6adab32819215cafef37c5d7a94495f4901b2aeaf3c56440bca53630d217d06e;5;0xC000;31744;150;512;3;0;3;14;1427367;649
7fc916ca59a61680.dll;31232;0477f9a30a6e3be33a6133711d246ddab12d4e0caefeb445b1cb4fea47769fad;31744;2c6b466886e05c607cf35288350a1ad07f304b2f47ffbec097cfdb972c4055c6;5;0xC000;31232;201;512;4;0;4;15;1428016;659
7fd921c0a3a46340.dll;30208;a6875123b3c46b03ef6e3115df87f2f48f7c06f322b5a78090bac3e6148ac5be;30720;00ccb4d9946a1bd0c6edace150affc99e4fc6579ec322bf394744edef6efd71c;5;0xC000;30208;19;512;1;0;1;12;1428675;629
7fd921c0a3a46341.dll;30208;2de5b5bba2c5e3e3f3ceea429f51d51e6ae5d7fbb69a1131d93367a81a84f1de;30720;2caf215b7bf970278c82d9515d1f9d9952a252ae52633d1de180d74b1028c6f2;5;0xC000;30208;28;512;1;0;1;12;1429304;629
7fd921c0a3a46342.dll;30208;4a2edd1bcaabb9fc84cf310221c50ad8a94b6c71197b2fc502eb798fdae34946;30720;624ee786ec8aae8f68a49435221690d47757559e37a2ddd1ed46b1e8c6ede9c9;5;0xC000;30208;17;512;1;0;1;12;1429933;629
7fd921c0a3a46343.dll;30208;f31408e1a6052d7715a593fe26b10d69f1da37f6cdcc85ef647b88084cc0c8d1;30720;ee2951d99a77d1416ab3876a12694d6693935e9491c45a5d89bc5c3923018f4a;5;0xC000;30208;22;512;1;0;1;12;1430562;629
7fd921c0a3a46345.dll;30208;6eaf22f248d60129da70c8b967975f7276e6a4492dae799333409fbb9423ccfe;30720;29f0c8282665b5c22c58c4f384e860fa59095583a33304db5f5b5c27cb4e7dc6;5;0xC000;30208;24;512;1;0;1;12;1431191;629
7fd921c0a3a46346.dll;30208;164667711c68df75caba5e6a8c6fb781852282253cda8186aa7dc74c9cef500c;30720;1461415e8a4d3249c01cb8b9f9d826a03c72b2f71c9c4e6a775f8c9da0a3fdf4;5;0xC000;30208;27;512;1;0;1;12;1431820;629
7fd921c0a3a46347.dll;30208;ee01e9c06001502494b87d97e689977d9a871b214d6921e04bca7ad6ab3c0c9b;30720;00ace38dc0e43d59ea46d8c0ed94cb00b0bdb7f6b1ead2d68f87890373b3720f;5;0xC000;30208;18;512;1;0;1;12;1432449;629
7fd921c0a3a4634c.dll;30208;1f187ec43890b42da7aaf078301e302417a00b27334615128a672948cea3b451;30720;dc6b79fd0edafee9c3c7add04a1dcd5d51a4499da9778cb34f0d68a63549de4f;5;0xC000;30208;23;512;1;0;1;12;1433078;629
7fd921c0a3a4634d.dll;30208;439f132ebb2d3f49cf06bf4bdd26e574cb2b42d38dbc53aa1914a6b0ec6158f0;30720;c13c7e98ebc051ff71deb5ee62e2e50a6084fb40fece508a763efac3b80cd624;5;0xC000;30208;22;512;1;0;1;12;1433707;629
7fe333aebde7821c.dll;30208;eb833c38f9063b018b1f23e1dc15bfa65fc661c48fad5eb144721420ebd69af1;30720;d02164909cdd3d94e2acdb95fdc9d231e3198110db6e55b09782c0c3c01ba6a9;5;0xC000;30208;91;512;1;0;1;12;1434336;629
7ffeb350c6da3e2e.dll;30208;d2c0e4bac0fcb92cb07f75607b9294e8d46bc243d06bcc63c3e0c9781d3b2360;30720;fc3ea826b498326c4be1c4b77f349306648d56c8049d9d3e2cc97022921cfdf8;5;0xC000;30208;76;512;1;0;1;12;1434965;629
80072d49e0b82812.dll;35328;844f1d9828adb9725a5bcc56bf0edcd1371ac4031334bee85d034c77a8efb4a2;35840;3d1fc498eba8c14302ff7346bdd8c8a50ca4ed5630c97f972f14ad7c2460dd92;5;0xD000;35328;33;512;1;0;1;12;1435594;629
800b305251c412e9.dll;30720;1a82ba6add66e3d7cb439881919299e764f8e7c022f192333146d3dfe85128e9;31232;cc5353b7ba7f7e3518967210f9e7cc949958dec68273fe9164453ac9648fbaa5;5;0xC000;30720;127;512;1;0;1;12;1436223;629
800b305251c412ea.dll;30208;faf07213b3d3ab7a1c127a5cf21730df80cb63f497ae9554b15f9ebc1c9eb2d3;30720;f0013a70bea4e5a2dcf9f6763f5575131385b87539203f958c819a5f15bac844;5;0xC000;30208;108;512;1;0;1;12;1436852;629
800b305251c412eb.dll;30208;353523826e55ad07f2232d7724cff23ca6d1dd2a182b7451b2a16471cdffdce4;30720;9f219db13b1c211b41d4f70b00eb8d1806b3c00b707912850bc8f12c6bb5be8f;5;0xC000;30208;94;512;1;0;1;12;1437481;629
800b305251c412ec.dll;30208;67a67449020bf575eed248bbf78b3fcd61aca9da37c7801d144a27767cf17692;30720;25a709bd22e31cf95f2393a706d46e4a5fe03695b66d64bfdb1bdd81be2e8a29;5;0xC000;30208;87;512;1;0;1;12;1438110;629
800b305251c412ed.dll;33280;0aafd6ecf945c5123bcd4642b313db1efed729ca1192a23539cd19abd7350b3d;33792;3207368fc45ce96b0c70ac9bc8b603ea141fd8a346e8873163b1eef5013390ab;5;0xC000;33280;61;512;1;0;1;12;1438739;629
80482caadd19790b.dll;34816;b8ce6b0861bae75d06d32486984890e2992ba3d1fd2c4c1015d5d66a7784a66c;35328;ad96de247c4b8899873920fe403fa7e3cdde359639a09dbcdf7800c964d3e1b4;5;0xD000;34816;124;512;3;0;3;14;1439368;649
805b8d88e2436be1.dll;40448;075759d7887127f29afba5a4e56643e0062646d1dcb0680cc37a0bc8ebc6c2a5;40960;d2f60f3c8fdbc0191a63a90ee5628e1bdf5b9511e478c19b358add035b2895bd;5;0xE000;40448;332;512;11;0;11;22;1440017;730
807d9c88d4ff5160.dll;30208;785e7c1f9bb1ec0dee5598ee3ddf142df08cec376bf3ef9d8e1f5a76a5c4420c;30720;e388f3469aa858a3044572a844b52b45b1fc2f6f72bb631270a1e4696a3db2e4;5;0xC000;30208;38;512;1;0;1;12;1440747;629
8093fa10eb496929.dll;32256;a380050a09be256476a24b9536738c5e569f2a6e1cb6a2ec74ba2fe63076cb7f;32768;5559ca95d8291619f4794a52883ecfab525e74335fda32e34037be4ed3e87055;5;0xC000;32256;60;512;1;0;1;12;1441376;629
809f15116b0c79a6.dll;39424;c3b0364dfdb3641fa6a53e3910f8c24842e010ca790e22ea30de0698e473a5ba;39936;5929b5ae58f822c26fc6a3be75d53d93e4801eed96ecd4b702bb6bf103d282fa;5;0xE000;39424;190;512;3;0;3;14;1442005;649
80a6391065a47b1e.dll;39936;a11c561adfe516a91abea9b6d87178236cd105dfea1e0e6ad90242fa1a7045b2;40448;355ea9117094fe7f4148bcdc5f0a4b4e6dc743d01329ff9778572856c1fcb22b;5;0xE000;39936;264;512;5;0;5;16;1442654;670
80d30cc1febc4b22.dll;31232;fed9902aef9eb74db9c49de2feff7c2756bc6c6f765de1baf7cb2db907f6e83d;31744;d35997cf5ba214623706f6074520d67b5bbffa864ccbf41b904aaf71e00a5ede;5;0xC000;31232;37;512;1;0;1;12;1443324;629
80d9681e3cb65e06.dll;31744;34e94c35bafd6638ca831a43d844512453a2d3dedff8eeedfcfcffc2790ef4ce;32256;c8930dacb04e597b3dc96e21f38fb6fe1336888d44b41ea215de00c7e69876fa;5;0xC000;31744;244;512;3;0;3;14;1443953;649
80dd500e44f870ad.dll;30208;d6cb557d9f78c035a5ed7b77332c313c4cacafe7b95c6cce6d686e3dbc6ff857;30720;3c5627ec55e37117d27e84f1006e29e2048209b9c5a6b4a8a0ddf5a3ae32b1c6;5;0xC000;30208;85;512;1;0;1;12;1444602;629
80de8f30d74a2e35.dll;30208;828ca869ab9952d8bf76cc666297ea364c5d3493c20c917c8ad23ee44e6a199f;30720;63f464763480b7659102a5dfa308465db1511fd963de8c23834cfc7f9a6a5849;5;0xC000;30208;101;512;2;0;2;13;1445231;639
80dfbfd2c61dcedb.dll;30720;484d3dcabe2aa7fb2e16ad0c9a7dfa5c85ffe4dc0d671ee96d823c896375d5d3;31232;c65dfdc5a3b6429018a251bbce6596bf38f87d3edf33e376bf1e8e3069daf039;5;0xC000;30720;66;512;1;0;1;12;1445870;629
80f5d6142a85c9a6.dll;32768;ecacda51d2719796f67f4a2df123f17f993832c8ba93daf35798c02f688cc774;33280;35588c75d85b3fc718daf96b951d5678e00c8fb44dc3b8eafa030ce9a394c221;5;0xC000;32768;326;512;6;0;6;17;1446499;680
811ef28bcfe03f30.dll;32768;d36e99162f46dfdb3adf05f80b4e6648c9e155b79ad6a11c654a3d88a7bf0313;33280;48d97c01622edd5b6430c9dc8f109747f355fabae547588c7b39ff38de6ac765;5;0xC000;32768;54;512;2;0;2;13;1447179;639
812262e7e66c6fa5.dll;30208;269710e481477fab33af87e8c62f9617420c7c024029d49a7c5736ccdb943103;30720;2b19c6bf9721ef99ef51749ab512c8be0ff9e92657b367175ac171272ece5989;5;0xC000;30208;73;512;1;0;1;12;1447818;629
813eb6fcce9c9fe8.dll;30720;6d8240f603256b4a1dacf88a38da07afeead096f37c8ccaa2e643d89816dcaff;31232;f96beb8cbab464969455b842ba65e7f42e4c8e995f24fa44fdc126e99b8c0552;5;0xC000;30720;171;512;3;0;3;14;1448447;649
8148ffb7089c978c.dll;31232;d9e511d41bb74628a6dd65848f8ee2a81b61bbdf47b4c36ef5eac11fcb34d1f3;31744;3dbfa460dfd8dbaa0a33956cbec2da3c1e425282c1889eeb686af0b76d1b6e00;5;0xC000;31232;235;512;3;0;3;14;1449096;649
815cabc7484bb85f.dll;32256;c99386a50b3a1343b34af293c91cc6233daa564c2ef776147eff4ec76ab383ec;32768;f5416757d0615150f5e932f06a463ebade6a43398135b90a453d1a54ac641488;5;0xC000;32256;31;512;1;0;1;12;1449745;629
817919f4531523d8.dll;30720;2644271519b9865597b448baa909c809e4a28ab1ca177655ef0afdef905a329b;31232;bbd992149208be6b7f1185d74da7ecb2cc38ff21a302f1a38820248990df9f08;5;0xC000;30720;125;512;2;0;2;13;1450374;639
8179a3c0c64fce25.dll;29696;3366d26bddffceafa255775d179381946f5b00caa83436d4dfc9478c6e36d96f;30208;8ec415b9a8d12510d96e61bd5c279b98fd67ac9423530b2e87c27e950ad3191d;5;0xC000;29696;60;512;1;0;1;12;1451013;629
817cb0ed1e63e8a4.dll;30720;89a6c941202d4d2e65a2f064d2bbd24e21c1da2e10f2713f41b2b69c1846eb12;31232;6bed6810764567e83003fd8d78a309fd82493e2cdcc30901de5cf678bafe34ef;5;0xC000;30720;124;512;2;0;2;13;1451642;639
8180a3c265dd0f7a.dll;31232;25711840ccbb921bdd8fc4daa069bd8aca97a6ae694aae6aa9ecba6e341b77a6;31744;72590ab106773277474ac23d9a0d61cce46745a6e5c500c60be371502089345c;5;0xC000;31232;125;512;2;0;2;13;1452281;639
818a3d2ddb51766b.dll;29696;5540c5a3f8c83da431b4ce9528d6d7051862134d9c6fce637cb9ab32b7302180;30208;687ad27bc34cafd7cbbacc1c94314c3f165b3ba789994c5ee5320988a6ed6343;5;0xC000;29696;75;512;1;0;1;12;1452920;629
81914e530e477278.dll;34304;86160f4314c920baeaeb1aaaa79bfac88c7ac29fa8bdb2452a03c62586d4ce8b;34816;788dd1581bdfa56a235f6b30a7b74e3652ece6e9adda16c63ba965354c812932;5;0xD000;34304;34;512;2;0;2;13;1453549;639
81914e530e47727d.dll;33280;4d4a790ad29839d3afe418bb4f697efcf8b4818d6e3da6b619e5ac12dc8be78a;33792;74b13d58d92ffced8b5091a7a661d8075bff297a252e4873207d0565409f00d0;5;0xC000;33280;34;512;1;0;1;12;1454188;629
81914e530e47727e.dll;33280;194ef92c67d577bf142eae5d48a8a6e9460670a158d92aeb811322a37687f843;33792;02a8c1025274ebc226e2e686e67b6e58769694d06da070c4908aa4727ef487fa;5;0xC000;33280;36;512;1;0;1;12;1454817;629
81914e530e47727f.dll;34816;b7abd718fb0f49babae50a1b1c5f4a85b57eef218acfaf69ec7bc69bc57b8fa3;35328;677a2b9bbaa3d952a8664df82e87d06cbe863e34890980bb3e8ba9d7e87fc9eb;5;0xD000;34816;43;512;2;0;2;13;1455446;639
81a1b41d17e76970.dll;33280;bc794ca2306a3986693527530dc1ad00d497c1f3e71440579e8e36f79fc7ee94;33792;887f5e6e30a8d7f94d3455bc1a47fd148a1f1644f55a135eea11a65fcd73a9a0;5;0xC000;33280;62;512;1;0;1;12;1456085;629
81b22696c632e42c.dll;34816;85b3329484b1d4d4baaa75750d16cb062847c391fe7c52e2dae05e8c6cb39f2e;35328;9640f8fe875bcc9910e1ab6abcef7a67c228eb7715a8f6c2a2b010cf95b0fc27;5;0xD000;34816;103;512;3;0;3;14;1456714;649
81bc8f6819ba9447.dll;33280;0709f65fc51f88ca4c8bd6c7ea43454e7befb63aa4502918af218d0b46cf8997;34304;bc9ccbce97bdb9dc3dbff329f01dbd082be4a3b0e34bb63666ea5e344f0f7fd5;5;0xC000;33280;531;1024;5;0;5;16;1457363;1182
81d958f7dbb25aea.dll;30208;a62a8759edfdb0d78c1e5883f5e797b834385154b08f0cbbb26e8c9c0e49d0c4;30720;8257715114d73bd75b489e0897464b24a8d8f7e647d41fe2aae147ab5b18d1d5;5;0xC000;30208;60;512;1;0;1;12;1458545;629
81e8023709deb94d.dll;38400;cf1f79f7a91509cd88ec01f691c46e5440ef8760b24ac3fa3a0c41bc20a97de6;38912;2fdd948c3ebfe44b2b720b5fb8b2c171ba4e03fc356f3d678f719b938e8fe09f;5;0xD000;38400;166;512;5;0;5;16;1459174;669
81f1d7617e0c38e9.dll;34816;c400d55f2df5b04b9e66883c6f9d9e94ffa214f18bf9a82e6dca0962653f46dc;35328;8dcf45473ecc59fc342cc2f6879332333cf044533eaf1123b1be52925607d3d6;5;0xD000;34816;130;512;2;0;2;13;1459843;639
81f9c93daa5da6bd.dll;30208;529b84f39c8da777b25c80202074bab9097b244323dbf69b0e7ae9b4556a478d;30720;204be696b3b67114a26b49e1115ee0133d4c680281783e12d9d10cd66f278e3a;5;0xC000;30208;147;512;2;0;2;13;1460482;639
81ffb187a5c6be71.dll;33280;bd3c670a6791a2d7e3be6e08fcca9682bf76119609b5ac572add3c0b5c366471;33792;f1b0e35ada2ae4e94ff24786e9843287bcd037e00d44e097ebf535d103baa748;5;0xC000;33280;30;512;1;0;1;12;1461121;629
822014d226452a66.dll;44544;ee98745fc76f283bb59aac418a635524e5a1ae5b91f6e21245960c6f83c92d00;45568;92022889b52b02030ea9a2c3ddac2431998b16bc9d82485ef91ff35f116806b1;5;0xF000;44544;868;1024;14;0;14;25;1461750;1272
824bb65e66fa55db.dll;37376;aa1a2c6cf9f5abb7daceed8273fed5a1cc9e51faf5709ea1a47e08e9e20678bb;37888;db85c3e20e0fb9a44d829222783cae2a765272eb86e5f8b60ef684fe0c581a82;5;0xD000;37376;399;512;7;0;7;18;1463022;690
825cf0ddc424e994.dll;30720;23f801a838063113621f9721b609f104b3b48397ec1fec7b3a9fff4bdc35e3bd;31232;cb41c8e2f325f93abd44a13a8673b68fda5593dd2a6c90aa92490ae7c41d7848;5;0xC000;30720;85;512;2;0;2;13;1463712;639
82609b1f6c39e7e1.dll;36352;749224569ddfcf1f07456f93910b24efe9fd186f52984f24dcff697bd93a9533;36864;a1df0e67ad6cad94ebb07ad5390f944a27ddaff6c475b726dc70a86fcea5411f;5;0xD000;36352;149;512;4;0;4;15;1464351;659
8276b7c3c9d39d32.dll;32768;c3ea1b7171bd9f93dd325067e449627b025e56412a74c18d34e29b55207d133a;33280;4dcd958eacb86835d68181e8c518baef6ee0bb42cb3e68852c880604c1b2a557;5;0xC000;32768;284;512;4;0;4;15;1465010;660
827a9ad5b61fbaf8.dll;30208;23a3df15988ddbb0092976887fa8b9a7337ebe2a14eda873dd3a3f66e7be29df;30720;9168072e5be4d03ebd3b8d5d55d23811c98fd9d1901af53439e5d9451b157625;5;0xC000;30208;201;512;3;0;3;14;1465670;649
82881ff82aaedd2c.dll;40960;80dc715eb000ee3f0ee22604fca9f51dee8e130d52cde4b888b36f4d7033604f;41472;60c0137af9cd7fd3fb6af01423e667096cf969685e114bd6780773045ab181cf;5;0xE000;40960;155;512;2;0;2;13;1466319;639
82a3fbacc75290d5.dll;29696;3bc7905ffadb61825e93eb52648783bbc2e68f863a80fc8b931630c78249ef6c;30208;6ba1834aed16ce64e09cdf808cce5487e5333f4679d8afb872b9c40a8324d8a9;5;0xC000;29696;61;512;1;0;1;12;1466958;629
82a735f707e3c8c2.dll;38400;3b5ed2da9c36a563cc9a6fb9109cf0a1065b4f05afcb21a76eb7dd860f564fd5;38912;fe415806dcbf267201f9cb1c358191e86805ff4d69115958cf7b02ddfb9981b5;5;0xD000;38400;146;512;2;0;2;13;1467587;639
82a8acdef837b285.dll;29184;95ca3748a3c6734e99e8df198a8285d6c7dcae8ab84ee53481512b5f310117fc;29696;215a3cc9eb813c380e8559c40f0d84ad7a68e51f76653735f4110a43048622ff;5;0xC000;29184;123;512;1;0;1;12;1468226;629
82bcbee73292c3f9.dll;30720;f03253537a73a5f2f04a811c885deca9bc9dc316d394457fbc805d0d026aaf4a;31232;be68b4f76bdbe867c0e8adb60bf51039328fe614f36f798b203c2ca07aed8431;5;0xC000;30720;235;512;3;0;3;14;1468855;649
82d587bd7a621760.dll;36352;0058d942470df59b765e28e3217abcaca9893213340110748885c8cd7b3a26d1;36864;dbec847db17ee65a35e326100ab03a91e5a83d20a16558b4e66642204f80e4cd;5;0xD000;36352;85;512;2;0;2;13;1469504;639
82d680b8f5c13833.dll;34304;85e0b5f9f11762a0e1f31dda0bd9fbac4284c13684bb9467a9d914aa1f7bd584;34816;9a4fd489a953bc758535ef6aa2c8703722c1d38cf2d02466116c5c2619434292;5;0xD000;34304;48;512;2;0;2;13;1470143;639
82efd43c7a148cf8.dll;31232;cc6a90b0483b80b153cfab09c9cca91c7c5c0a90a44f6c18c6422c6522df1375;31744;e95e113da528322ace8577e8c2b937edbf49d702881d6a06e58c272c4089997b;5;0xC000;31232;32;512;1;0;1;12;1470782;629
82efd43c7a148cf9.dll;31232;67d3819809d97ee60a4d0a40160202ab20c1b6ffa2616722edf92b0b4dda3e8f;31744;84d57efd280621d2f69784944295786d46adefad6808741ec47a8896a5909af0;5;0xC000;31232;32;512;1;0;1;12;1471411;629
82efd43c7a148cfb.dll;31232;7c8cd37c098b581463a572160e560f8785b89228aea315e5701ed08cd335bdee;31744;caf5a9c9205f668d29be94f8d8446a7f9b5dc27406372278aad864f31c592065;5;0xC000;31232;31;512;1;0;1;12;1472040;629
82f848b63497dae0.dll;30208;b6c50a7df61b2ecc6512d83f6c6519d5bcfe0685927087389ad7759f03ff452f;30720;88b2a11af41b7227bf5b10063cfbca1e15c12cf0b9184847f70513e625d5b9f9;5;0xC000;30208;101;512;1;0;1;12;1472669;629
82f848b63497dae1.dll;30208;bff86b89269cd8172f45d7b39015195016473eb83f8e95dad995c49c8fa2410a;30720;e82b0d9403db2a5f97a582ec09f091d7c1a9e23e22767e1cd7db6ecb57ed6395;5;0xC000;30208;135;512;1;0;1;12;1473298;629
82f848b63497dae3.dll;30208;90ff32a7771839d28bb25132c3218bc2762205548549cd3f6eacf4908c6ffbf0;30720;b58276f1b0178a8b2a3a213a13da9da13da2669d99d83c3c3184f4eb94f6315b;5;0xC000;30208;90;512;1;0;1;12;1473927;629
8301d87e65442f95.dll;30208;cfe4838bba509e6a2a2dfd6d8a15a0260afd6b6ceb17286200460f24b8af6e4a;30720;fd9ad647b8e1e06d88ef89d31f56a5fccf1d3cb992a76bcb76330809d205a637;5;0xC000;30208;61;512;1;0;1;12;1474556;629
8301d87e65442f96.dll;30208;95ba1e5fb5a03ea0b1a3f646f8771eb6dfdbc65d60ce1a25d96cd74ae513b800;30720;feb162bb552fe7e0cd9251c2e11a54ec37273770ce5aa608e49ce9aea984d7a5;5;0xC000;30208;77;512;1;0;1;12;1475185;629
8301d87e65442f97.dll;31232;8b50681a59791abc35ca7a20226be0850c97dadd9bb398fee5fe25b469071fc9;31744;69cafb21d058efed0369b5244b931c517942881adad5ae94b3c96c4e16981e06;5;0xC000;31232;123;512;2;1;2;13;1475814;639
8312b1abb98a2f0b.dll;28672;60b85a4d912331d4e6b7ee4bd85bdd4cdc27b3170a08e27880cf84aac14373f2;29184;fc6f2772811cb3090b0e7ec0acdf100c3d123d8cf5ac139d65e110dad7b24995;5;0xC000;28672;29;512;1;0;1;12;1476453;629
831463ee2bfb56c0.dll;36352;0cf5e8a6c4402c31891b54f4c895dc9b391bf3552af025fffbb13c70da30f120;37376;bb6d57006439169067627d16aa373bdfba3df2edb09017f5479b549457e5847b;5;0xD000;36352;755;1024;10;0;10;21;1477082;1232
833e2a4e4164d018.dll;30208;cf614199154f887b1ee83cb69ef945da2d7460dc31bcb79a8f08d384ca6a4e88;30720;95710ed3efb44ca9a579e0f38a190d681b526534c8b9654bfdff95438527cbd9;5;0xC000;30208;106;512;2;0;2;13;1478314;639
833e2a4e4164d01b.dll;30208;c89c40fce4419b7213ee87bbda5e3a5448c63647ce62aae065a4927da10db054;30720;f64c9d7590785fd1d42cb0306584831c477a530bb8f6679677e018aba0903ed9;5;0xC000;30208;122;512;2;0;2;13;1478953;639
8350af3ced6ad0bd.dll;33792;f2bd6632212fdd23b3d69dc9fcc509e03d9531cef96fd010cb9e10761e3f3419;34304;c9677d78e43f35aac2575459e51b322244955cc8e091bd60743801b62d4a95e4;5;0xC000;33792;205;512;3;0;3;14;1479592;649
8398c1ddc08bdc0e.dll;30208;2d791cc575738c4e4890cc3574d1e44d784e8df375cc6f3914eafbc02c078d72;30720;f7d6eb1fa8c8ddf6f0d74df849037b90cdec2c1207d821512c81a2d82868765c;5;0xC000;30208;53;512;1;0;1;12;1480241;629
8398dbedc0c0503c.dll;31232;43c5b4356b265140bea2ef636256e572648976a2a6521d97ff094b3189bba44d;31744;676d14adb428504901c7dfd55ab543765df67d98f76a56a0ed50cabc70806e01;5;0xC000;31232;272;512;4;0;4;15;1480870;660
83aa7c30cf266ec1.dll;28672;28f80de4b1384fd3304264c780d0eee8b260bf4c0e39615142cce366c520538e;29184;27f4eb56cf6196e370fb6982ff740178fb5ceef8d968501b52c561285e42d149;5;0xC000;28672;82;512;1;0;1;12;1481530;629
83c853f6ceca6ca4.dll;38912;0f4837239436e556796028058aed8070726daaa1d2637c9017b867b70c6f6dec;39424;355aa8e547566a317fbf27505d69e9cd480bc99b23d6077a4cc3bcfb384e58bb;5;0xE000;38912;259;512;4;0;4;15;1482159;660
83cc2237f5b3cef1.dll;33792;0a11560a5bbcb04da278352041332f88dc9cceeefa4c9c9f7d2c25d2bb18eb3a;34304;cf4a69f1664486b30c194094df030d2dc15d5aeb407de67c66acb17a8e6bfada;5;0xD000;33792;265;512;5;0;5;16;1482819;670
83de5a6c1e4e3c1f.dll;37376;9e9ea59d90ca6ec1260bc0a4004d43b3e573d36db11fc0c2141cac996e8f706f;37888;d4c476e7046a03d3cf747c024f2e9631f5e9d0686dcabf5c07b0cf3aeaab0135;5;0xD000;37376;102;512;4;0;4;15;1483489;659
840b1a0718f5a127.dll;271360;038b16fe00df95530a2d00b042b645f24d0c0b7bfd32b6789874ec03cd7eb5d7;271872;98c5d7b18d1dbd2942651a8826938ca93a04fc3b0a4a2306e9c98ab6c82198e8;5;0x46000;271360;160;512;6;0;6;17;1484148;687
843ab0ca40a6d400.dll;29696;683fab54e746cc3b8b01deb1c8e3eff466045171f1fcc50c6738c6c81d4985c5;30208;123b2452c56b882c94d7a74b03d1bff56d5be31b5465bb0d7577f848f8a1eb31;5;0xC000;29696;51;512;1;0;1;12;1484835;629
843aeeb0ce1ec2e9.dll;30208;f6b591c778b2b12ad83b71e85d27edd76351ab263a65f9ae88df8e49d4ab78c4;30720;a93df9f997e678d5db648e14a921fa49731e2f964851f3ad8aaadd80399c1925;5;0xC000;30208;61;512;1;0;1;12;1485464;629
843af8b6c303c6e7.dll;30208;41341efb15ce297a1e252a518fc3ddfb5f7a0df935d01d4445d2cb0f8fb4d4a3;30720;f0bb94891c361074f454cee3d40b85b05609d424ae5a13f838c21e53399f76b0;5;0xC000;30208;68;512;1;0;1;12;1486093;629
8442d01d81c341dc.dll;30208;f2d4606c7f6a2bbda84b0905b295d1e3bf2dab5879f85e7f01ecbed5fd052ee9;30720;68dd74478f4cac7243a76b87ca3d3ccbba8eb1693a5e80d1c5c37b9799f41336;5;0xC000;30208;91;512;2;0;2;13;1486722;639
846ab75ad9dd0831.dll;32256;3aad0b8440970ca34fff90a1e2a181d92386d2b16c920e4c855fd4b0ef4c7b82;32768;76cafd8658d559879fdb9ad572b35668e7f779eb8808fd9596e3f253018fe00f;5;0xC000;32256;37;512;1;0;1;12;1487361;629
84750bd03a53cdd0.dll;32256;b852f948f71f26f45a0bfb2d23d339c3cf3f35461870f2cbdbb55fd2189647ff;32768;638fa1f5eec646412a8c0e6d22a1e178a0d790fc6366dfd189bc2047f1d3484a;5;0xC000;32256;290;512;4;0;4;15;1487990;660
847f2ec9a66398ec.dll;30720;3e488806aa30e36d9bce1c582347b5f69a3f6d404c8b3d637f75f9b7a940ef8c;31232;9ef2360afe6706389f0c37136a4034838083d74be695cc645df7e79c6b8a9062;5;0xC000;30720;144;512;2;0;2;13;1488650;639
847f2ec9a66398ed.dll;30720;3d761f5325e6d80b63742606875c5d0330b3c22be8ff92676194d0774ef8dfc9;31232;f91cb1232c8d90a0510e248d2c683e7936b0a9c8e29d6afbb9d4fe4b6c11b6de;5;0xC000;30720;130;512;2;0;2;13;1489289;639
847f2ec9a66398ef.dll;30208;27704f9febe0d98a63242a7b02b5e1fbdce2ac032c9ffe6523eeb9b91a0038d0;30720;077629d29c41028c50dfbab74643cd4ca6af6da9fb7e30b87053c10379d8d7af;5;0xC000;30208;205;512;2;0;2;13;1489928;639
8487872a5f5d3541.dll;37376;f2524788a6f47982476d2c3bb0f31971e3ed0991b82b73d3e709062e1afcc515;37888;da4a0933927a99308dd1cb6a282a8a3d391d6db4295d34b4e01a36dbbecc1a45;5;0xD000;37376;177;512;4;0;4;15;1490567;659
84bbd520fb9d9883.dll;28672;d905f7bca4e176c6f359706dd3605c64c00e5ede4e02a77ee76d406e7ad3453d;29184;525bc35373fd93031b22b5660c8368b553320431c7139c60c75afb5e3884abbe;5;0xC000;28672;41;512;1;0;1;12;1491226;629
84d0da3b65ccc2c1.dll;35328;934d0af4fbf8a677bd701d6cf6c9aa83afd9810977171c2ab38a25958eb7c613;35840;63da53fa1059a549b6a0b272afa2c9558cd046061bdc8a569d4f10bdea8388a1;5;0xD000;35328;154;512;3;0;3;14;1491855;649
84f2818a2a5f6870.dll;30720;17ffccd0f982bd0c4334edc865e4cfb468c56111d44138bd16feda94628825dc;31232;1c26a13dcbd92f3550caf0425d48b8d8c076ba047e82b52997a47a9113d8234e;5;0xC000;30720;94;512;2;0;2;13;1492504;639
84f38c61b7b28f9f.dll;32256;f84e61825c442984163de8d717545ba88f416459fb4a137b67830618b36e1c16;32768;c9434d62428c94686a9984601f42236488d7f471f7b78dc3ec17cad33a2ee53c;5;0xC000;32256;379;512;5;0;5;16;1493143;670
8504f0da8bd362c0.dll;31232;482be185d58b4fd5fccad2b8ae9720d2db58199c1ca27d2e4f34a44775281ecc;31744;7c6e1c721e5fb4bcab74767e04993495dddee219eab09e13cbefdd380f33a5c1;5;0xC000;31232;190;512;3;0;3;14;1493813;649
850af18692a5fcae.dll;31232;33d60dc4c28eddbc40a3f97f9e416beff4a09ad805e6edfab6e14406b376a8e6;31744;c348a4bdc1f0de8d77bb462626a6a08fa16fd56f69744766c68aef56929a8587;5;0xC000;31232;138;512;2;0;2;13;1494462;639
851ffa87949f5d3a.dll;34816;64cc001bc2c9060ad340703d2e8b8c37692facea67b18243697415e0ffd7578b;35328;37f57fcbed550446c58831f0e0f5e4882daae45a0e5d4da9ac38f9b3da434670;5;0xD000;34816;111;512;2;0;2;13;1495101;639
8539377c8d910136.dll;33280;13ba0d5c6f9cd69d17d4736dd41c1d60a69d7d2e649e6cd1149fee8657f10268;33792;85d9ddca38438c1055502d0c7194569aa2b8b208c535566e6f57bfd472930c01;5;0xC000;33280;55;512;1;0;1;12;1495740;629
854f3295e4b5cf62.dll;35840;6e096d318cd1c8ca62184fead818116ce9367c8d4a07288e5d1168ee77ede617;36352;e9f50c908d97fbb3db875548e0eecfaa3188a7780ad3b189d9b9fa9f04922c2e;5;0xD000;35840;60;512;2;0;2;13;1496369;639
85685f705a77af04.dll;30720;7bb59fbee08090cf5459d75c3251a646f8cff0d5993c3e3691c17e7484f366e9;31232;15ab61ba80fe04efd2396bc39cbd55a3bf56667b9897b2650304ffe1f3c0d27a;5;0xC000;30720;28;512;1;0;1;12;1497008;629
8593450e75bfb92a.dll;32768;85bf8f47274788bb3cc0e1d6e3565faffe712bc8be0ddc46227e8ab869ab59b3;33280;dc953e5ccdbd8560d26e86aee1183934829f086991e4c5f36b8f83162194a1b2;5;0xC000;32768;56;512;2;0;2;13;1497637;639
85936f2a13492670.dll;29696;911f560475a969d39e9017b91a3a7818dfe626840ac1406ef5a411c8e2e69da4;30208;ec452b415b3c32d61506d90ecc3eebc13f6d1eb5675a9ae688e693e3997653e2;5;0xC000;29696;84;512;1;0;1;12;1498276;629
859496351f1c4c82.dll;30208;0016583026d5a717952b90dd5f2f98d7a141dc94872754802445d9fa46f838a2;30720;2db397262a372d171d09460d581ffa983a9e5588b7bf843237d19c8abc3ea8bb;5;0xC000;30208;126;512;2;0;2;13;1498905;639
85a5e68d7adfd947.dll;32256;42809651f1abef559132d4190ce6f4307e2962e5f14c838ac5b90dbe17024e7f;32768;cc458b912fc123e576851271bdd89be538a02a6fe3866f9c55ad0b2d5dfd144a;5;0xC000;32256;31;512;1;0;1;12;1499544;629
85a6e6f9612983ea.dll;35328;e909ffccb9102df7e59db11e76a42e42d9cacd47a7d75fb46b4ec597731fd995;35840;d5e89076b2af56f1eabb0030c1a8a9eb1f3b1f2cc8abcad1b357693ed7693249;5;0xD000;35328;236;512;3;0;3;14;1500173;649
85aa8bdd8aba6bf5.dll;39936;541634307304bf4643576620d9b600d2aaa087af103e94890f2cbbdb7aaebd27;40448;39aae945b80e7bf223675dbadb81b16326353925e5ff9bdc6c1765c055e2b733;5;0xE000;39936;177;512;3;0;3;14;1500822;649
85ab17116f4892f4.dll;30208;3f8c5e12352fe8d8990eb8caea410e507c1d11cf54a926c18e4b4f0e31ce23f5;30720;f5616be72aad5594ed2167c6969689b06e1d6504dfd84d34ead695e0dc376f7b;5;0xC000;30208;174;512;1;0;1;12;1501471;629
85ab17116f4892f5.dll;30208;d1fffbb7cfe116f8a4c7e9a2cb3697a26dfae5adcdecf1cb9a40c3dfd84939dd;30720;ec524825729edd3bd0f795ea0af821b155487257eae47f118d1c94aae25ef817;5;0xC000;30208;156;512;1;0;1;12;1502100;629
85ab17116f4892f7.dll;30208;854f5347e96fda0996b0f6c15e134c0ae8cb12236c2e9167f34f556ba559e9af;30720;e6b5adcfb8509bf719f4a167baf24cd1374b02edbcab9eea7c09c4f54c674b3f;5;0xC000;30208;145;512;1;0;1;12;1502729;629
85cb2691fd7ba490.dll;30720;3fb348db96461b926282e939eb62e998c7f3c6a59dfce92771e01da5bec1f71f;31232;22747d644502526f340b786fbdfa65b4dcbc953f7a49c5c41544836f0e54908b;5;0xC000;30720;14;512;1;0;1;12;1503358;629
85da329277d75e69.dll;35328;280b06af1583d78e1c5b19e9e71dd0775214bdd9c5b17cb9ee309c41e833359d;35840;6b55414721b5cce380b54f0ce934791d67b86b1ea5e57e935e772890065d68b0;5;0xD000;35328;290;512;5;0;5;16;1503987;670
85e6aeb884e6e8a6.dll;31232;08bfa75a2f2e77df5ad38fedb8254e43f5d86bbd968b9edeafba7922474de483;31744;5bcb4b0a52bcdcf3475b0242850d084de5b748cf73fa3c1448e9eb315a9aca57;5;0xC000;31232;65;512;1;0;1;12;1504657;629
85fa3addab139b58.dll;30208;d736687bedb1847b63e07751cd34a63e7567de9e8a241a348c29c93161750508;30720;123061ee5045835873eef07ae87ee8135816eb749fa805dce041b3bb9d554d7d;5;0xC000;30208;117;512;2;0;2;13;1505286;639
860e655a01c7c6ec.dll;40448;315dc0c6d2bada1d3f5121eafc45329fbebc9531050b550022d347817306be7d;40960;d4184215d4cc118b511d3a1c3b44ebf19c0a73d308d11ad4352febf03c518302;5;0xE000;40448;329;512;6;0;6;17;1505925;680
8643a6c42d702c55.dll;31744;552c55b3d8ef6fe24828b11808aaad233e90989ef33a30c4368afeacbafcf3c9;32256;4b4e8bedae0e778beb754995bb510e85b144d4501c3d850da46afcd47a046f27;5;0xC000;31744;140;512;1;0;1;12;1506605;629
864c100472de26d1.dll;30208;04d1db6b537f11a078b4402fd26781a75522ae0e919401b7a56432c8668d0a67;30720;d5577fec7fbb43b6ae589e3ebca0a29060773ddbf1177dc120aa83ab283fdfed;5;0xC000;30208;86;512;1;0;1;12;1507234;629
867ba8b5e8aeb3c0.dll;37888;76e0988eb1f1bd595251da4bea2820ec7de4ea9bfd44f7201375105371784c23;38912;3d598d3932a2281b1581670d5a115001592d64711ef0be82378cc6de2112ef92;5;0xD000;37888;609;1024;12;0;12;23;1507863;1252
86ad4a3f25fcb6a1.dll;28672;9c31764a678cdf4e9ea29b9b298d6e08ccfefb4b85fae290bf3cb7e562479e22;29184;61875f0d089f2bb691a71e767d8ae172ee080d5fa6b4b8c74410de16b0b8f08e;5;0xC000;28672;79;512;1;0;1;12;1509115;629
86ad4a3f25fcb6a2.dll;28672;7d4b07f3e338dbc9cfb44f0da2685f4bb0ecda91bc484b0b6e4cfc2c09b9bfe7;29184;e4919ffeba5c6bfb7591e67f7772ac694a7bf876b8c713f7be05a58cd1118f0a;5;0xC000;28672;79;512;1;0;1;12;1509744;629
86ae76e535f5f5d3.dll;29184;9456aba9f4ecc47b7a4094d342c672a04eb70bf43549f0e242b4c4d5662cc5c4;29696;1bdd7acada56a80b98d66f2b0fc318aabaa24bf3e34ede3347522efba57e8bba;5;0xC000;29184;208;512;2;0;2;13;1510373;639
86b19d37cd33b661.dll;31232;dc3ebd025f68987a94b9012fa7988a01c6328dd046527e9c17923c94a28b0bd6;31744;0064f90292e097cedb044ed6a32ed6418e233384df02472d1488ddeaa04fd13b;5;0xC000;31232;123;512;2;0;2;13;1511012;639
86b19d37cd33b662.dll;31232;00f9d30cffd8279f1f4de20c44b3d116ad20fe97152a6e8f266817d7742c8304;31744;998d676fbc0819e1ad5a8b21d8f29b4ca7162787b53149d8a7a911836a879f1d;5;0xC000;31232;69;512;1;0;1;12;1511651;629
86b19d37cd33b663.dll;31232;655d64da497d3bcfe469795415156d7f4b21033fda7d0412f85256fb0406e9c4;31744;276df9b0d423b9e8ab011605597b613f8e0e980e134f40506c0f635c4d01df9a;5;0xC000;31232;116;512;1;0;1;12;1512280;629
86d712792040d401.dll;28672;ce486b8c96487e3a517120adae5e8920e537d4b3c9bb1876eb306c37b1212c90;29184;60bffe0711cdf31af1a21b3c04c6367f13da0ecd885459cd979ec887afe7385b;5;0xC000;28672;95;512;1;0;1;12;1512909;629
86d7a0589a867778.dll;34816;0612b34dba8a93c617cc930bd35794e832d831d07ab2495b95a56a98d2623dbe;35328;08658a1e2de0860ff772fcaa80343f19ff2a800f0da61142164ae9a1e6702227;5;0xD000;34816;471;512;6;0;6;17;1513538;680
86f232eb79416533.dll;38912;79dd7b8c39e7c6cfe04ed43767414cd4fa96f1063b9811f53cc978d401481c56;39424;f29f6824227b9376ff790ab1c21ff08a16172b1a99c72f1da5edda9fedf5c1ec;5;0xE000;38912;58;512;2;0;2;13;1514218;639
870f39bc847f9c7b.dll;42496;a83d45a5ad3dcfc5edbdf3cbf41237a425416d49b0dec9ce1428f944a194e278;43520;59d4b4df8ab72a397c1c94d58adf4f1597411e83e8b0aa93aafd8570f8a19603;5;0xE000;42496;697;1024;8;0;8;19;1514857;1212
8719077ea0ba192d.dll;35328;c7154f26b7a68b7f0c8651056c935c1c352091878032f74520a8874dea5e4b0b;36352;0d1267dbdacafad2dec2207263cc489bb342ce043aeaf0136905fa83a7a13f67;5;0xD000;35328;557;1024;6;0;6;17;1516069;1192
875419fc7fa1a93e.dll;30720;4a05152f045e42bdeead23c5f3becf75b91dabfa3bce9decb486363e38330024;31232;ef8b93153ae15cd003b1a261ad3374aeadd0e883f1698c86a1fe13baea55a633;5;0xC000;30720;179;512;2;0;2;13;1517261;639
878b06cebff08a94.dll;37376;78f277f742db734a4e55b748e5b644fe289eb6248aff66faa2c8931d37e89cb1;37888;44e38519b939fed070fdd72e38d83e0bdf9762000c83ad4b049e9b7e27e01d4b;5;0xD000;37376;291;512;4;0;4;15;1517900;660
87ccae0868d537e4.dll;30720;4f67a3aba42d44f690959c89364b51d104f8f41d1246c1f84439448bc1333dec;31232;3799db0117a9f671f5d14d45b892a20e8147aca6634e7e10cd40d5bacc14aab7;5;0xC000;30720;127;512;2;0;2;13;1518560;639
87e6dc2e75f3d12b.dll;31232;872331bbdb5760f0013ac31fe27cbd3b3fbcba17433ebc5ec40b6b26e3f8da0a;31744;e16fa6d0c6379c95257c2c6f84f79cfed9be6ca7457cd7fcfd040967929f8756;5;0xC000;31232;400;512;3;0;3;14;1519199;650
87f12f7265bdf1fe.dll;30720;f47332381439e3625b3f09664881105f0437121ff4f3ecd3314ecc9a164f113d;31232;14b323e4d0d69485fff2a1bd806732f0ae1b844778f6ef0e0e2efa867e0e4d02;5;0xC000;30720;131;512;1;0;1;12;1519849;629
88139cbcbea052f5.dll;36352;d5ec1545648613d048fc4a0ae9dd4de39b4f0f35a7fe65af25a04825f14ade99;36864;42b18d093ccd3c6085de13f5b2d64e94c3f7bb449058e5799f8f296ce0e51a08;5;0xD000;36352;196;512;4;0;4;15;1520478;659
881a3841377929a1.dll;30208;f1c39cd84f0098b24f219b290033b4f983cfb0153d5379624a0f49176b37d330;30720;f8ed1f4029784f0b0a60458fecf704d42d540f28d83ef1983dcbc03a98045b94;5;0xC000;30208;125;512;2;0;2;13;1521137;639
882fff124793fead.dll;28672;0fa9ce29bc8754c90f60ab241ec0c8db1003287f90d7f3b8ac73e15cdf04b529;29184;440d4e6d62b7e25d53d9fd1ce54a600f4f66bb73a72bdc16f6b7290eb0f35fba;5;0xC000;28672;40;512;1;0;1;12;1521776;629
88555093398f95bc.dll;30720;226e89dc6c769336d679b86351cd39b5e8fafb1942f9720048a4f592de1764a1;31232;ded48cce1d92a9b40642dfe7556b4821111914897e3fe0b3a1df46900f577bd6;5;0xC000;30720;119;512;1;0;1;12;1522405;629
8860c3a443b34678.dll;32768;7e1d6b33d6534130fe5cfb6c6776016fefeca733e0f2ad74e53c841da7e6519f;33280;9aa8e389f40b1428b061eff3e4a629c17fed12eedca57c4d4e14dccd0454a512;5;0xC000;32768;89;512;2;0;2;13;1523034;639
88636f33d85a326c.dll;30208;81efbc644d516de3801aa996cdb73d365bea7f34b910644612429f69fef718b7;30720;3d8a048b229cebf380565f682ac74a73e84ef8254868ef368c3697394e7b604d;5;0xC000;30208;172;512;2;0;2;13;1523673;639
887079a7e82daac4.dll;31232;587382e90c8dd4aeba8e9171e426eb0ec78b9c64effd3b91ec252c65bfdd0932;31744;ef76f030658f58907b1e8ef29429bb54aea9eb45a4297780ed2804782277a2f0;5;0xC000;31232;201;512;2;0;2;13;1524312;639
88759773e9fc5e59.dll;30208;b01c49fcf2b67d97ce0a3bffc875316268b5f1c5700b4dab4eda97add3ad2778;30720;c795d4d8a716a67102a23ce8a099e3ab7ee256e8819f7d0e75c5c32452d97c2e;5;0xC000;30208;90;512;1;0;1;12;1524951;629
88759773e9fc5e5a.dll;30208;c33103381eaa565053501f5b972da3b70ba4fdf1981d398a0842a6369648f8f5;30720;f1291c06f5e5881f1934191cc4d55c375a2015c9d6e9ba8181ec8682e400c6b7;5;0xC000;30208;79;512;1;0;1;12;1525580;629
889e4dd4b8392173.dll;37888;643cf7cfe2a3f9a3a388bc39a21ac06e6f21f87aef558c87e78fa4cfb4d45318;38400;d06f2b86ece8d105966a36cc056c03f3e9f5158c50b608a16fa66f6fac8795e5;5;0xD000;37888;188;512;5;0;5;16;1526209;669
88adbfc7e7e84500.dll;32768;8b889877e144c47577c0758d29a95493001c2c1a9c4c39ecb9927309f8bec2cb;33280;5b0cc971b9bba62a30430bc1e0fd81fd5510374a56407200e3a69036f287ac21;5;0xC000;32768;161;512;2;0;2;13;1526878;639
88b9ea98d9fe5b1a.dll;33280;3ed6886b27db24882a347cbe66298d46e7da7598b8c57a5645414b539525e954;33792;1da61a8be208176a89c130c5ff0ebdc60e7ca4a0e0b752a7b82937d305a46d4e;5;0xC000;33280;163;512;3;0;3;14;1527517;649
88be2f803d040b2f.dll;30208;e652050c12a001dbeff1899f8b143abb00e7556d6ec76ccd66ef12dc818c82c2;30720;3c16f2efe9c1ccf97a161ff65261846d7c3304e70e33789b3b423b78bd284976;5;0xC000;30208;169;512;2;0;2;13;1528166;639
88d5926e68fce084.dll;32256;77375a513bc0fef35c5a6f261fb65c5190c598f5e993ea38f36372e916588881;33280;07130e57829400f79863901d90058b443b5e1155f0ed64f9b9c31bb7711c100b;5;0xC000;32256;638;1024;5;0;5;16;1528805;1182
88fe14282646caa5.dll;30208;a1b86b498fec0db1f41560f3b0133c919a95449875541f95169fb68b65971326;30720;6e52929d1aa9c9808b0ae05a60587589679d67fa3ad7424882295c1e3a1c2dd2;5;0xC000;30208;211;512;3;0;3;14;1529987;649
890420180e8ae56d.dll;49152;279820ee46c45f37256721e39e5525b0ad6eb742a1eed5a5ce48b303ba1f8ee5;50176;8b1b400eba66d68121c46d71884e00ec8709128994b638bacf0c34db94370287;5;0x10000;49152;840;1024;16;0;16;27;1530636;1292
890a13f53d82965b.dll;32768;35494dd7e67e3d36b90c6e52d0eb690c9cdbf1046d66cf8017f8d54aa7782816;33280;7c07204e48776aea4bb1c3b8695c1c06e24bfcf2de5114965375c90e9986f74a;5;0xC000;32768;38;512;1;0;1;12;1531928;629
891a15c011e225d3.dll;37888;6cde1320ae665745d2872143a91d1d4c8ed3e1112eaa8a4616bff2552faf65e3;38400;6df766c0206180f589f0b8863cb0df30f5242144e627b4c49e77b26c2f938e88;5;0xD000;37888;144;512;2;0;2;13;1532557;639
892673adcaf2543b.dll;32256;fb48b0a37db4a615b51993a14d308cb14d1658b28feaaf49e74e3aaf5344327f;32768;7e58379ecf9890d36a7341e5887de330a13ba089939b2159152de1a2c8b08014;5;0xC000;32256;39;512;2;0;2;13;1533196;639
89342b9f368a0184.dll;38912;c566d3d57938a00071ba342c8507809e6c8b78563d4d56e93f8038775f1223e2;39424;e5ff5e509541705d3c618fa0c7a7f12cab7994d826e44a9276b9beb6ef2d3f03;5;0xE000;38912;149;512;3;0;3;14;1533835;649
897bc54e92e69ee8.dll;30208;4a87f58c2868f2c49142e8e94c8279fd6ed24fa4ab7b4b19675298aa81ebf6e9;30720;5867e4caa939e3fdd777bb38ddaa1c2b4a787313135196e3a79cbc23a5405406;5;0xC000;30208;198;512;2;0;2;13;1534484;639
89a2a472d0355f02.dll;30720;3777d16914dc930cdad3efed0448ce0f6a3c5f44a6f6e5edee6dda10cf6f167f;31232;ca2525f1afcae9c7fcae258e803de7434593180e165c11fc3adc961bf1381457;5;0xC000;30720;108;512;2;0;2;13;1535123;639
89ba6763e8c7f265.dll;28672;14da84006fee4805143b1c0447777d3c1390c86a4adc0d12eb86a601caefb084;29184;f0e738ad1da7d0989c24c20dae33ea2fce568677948305ce31916feef1299d21;5;0xC000;28672;83;512;2;0;2;13;1535762;639
89c6a2641aa56c14.dll;37888;59c0f417231f1b8b2d17ea599f5d9debbbc8248c7ea12582423a68914bc75da3;38400;9b95476189e91138f8b029925d419eca38a4d87522ae03d93df2a13c16b5f8ac;5;0xD000;37888;232;512;4;0;4;15;1536401;659
89cc20c4eea727c5.dll;32256;1a670edd2fad58033ed42c403bc9ca98e88924ab55ce5f9c3ca7bf885b7c3aee;32768;2207cd59e590b44d0e9ada7eff8c8fb7a6e27c282fbb9a695c6f9bac29caea3b;5;0xC000;32256;25;512;1;0;1;12;1537060;629
89cc4fbcff0432de.dll;31232;cc89b1ad26e0b4d1d2305bdd69118fc64623dac2b464b1080c69ffc13dbe6724;31744;61d5a90ebe9356a9c850359fc95ea2c23aad367a1f7492acf7eda7b85079448a;5;0xC000;31232;182;512;2;0;2;13;1537689;639
89d3a979fbad9dc6.dll;31232;ab6b11ff7a1b8c2a301e4370db06e486427b87ed1930866a94be40ae881f6f25;31744;3855b47fe82a40d7314fea6b670b96fbc16112628c2546969e2ff9dad3c8b477;5;0xC000;31232;414;512;4;0;4;15;1538328;660
8a0776ef6d5d49b8.dll;30208;e558ce9d1f43aefdab86946e3c35de946f493f06511a13495882410bc0919f64;30720;4b474fef6928e463072be424d4fe9d907c993c67dbd7f243180b5491a41d2354;5;0xC000;30208;219;512;2;0;2;13;1538988;639
8a119efbb67325e1.dll;30720;f6b81375c063811083de277d7723154976206b3742cac0caf7a7f52e4ee2899a;31232;53aa55f0286aa02c2db9bfebdf305261fb3c640481878a4bd8ca2c3ad3cb6649;5;0xC000;30720;138;512;1;0;1;12;1539627;629
8a11ecf0d79aa446.dll;37376;d643e126d093d02f2baec10a60c342094775ef63ffc51db982a9045edac88884;37888;8336ba30d12b3894b923b5a0cbc6393bd7076047e192d949fccc694a3381521e;5;0xD000;37376;76;512;2;0;2;13;1540256;639
8a3283a4e2976a52.dll;31232;493caaa04ac45f41701ec4a2cb53f85d4c90308c5ff2e6f002c8d438a5085cde;31744;5a4b440e9d179e47836eaea6dabd25883465ce15f673d5e92c3a755123aaf8cf;5;0xC000;31232;137;512;3;0;3;14;1540895;649
8a3f0637204b27c2.dll;30208;7196b9b689d8178a121a3d880acdc7ab95490326e0d900ba1c926a217f836a86;30720;5785b4bfff2d467c196ec420b9f87a0285bd977fc586686b9b63fa89c64185dc;5;0xC000;30208;57;512;1;0;1;12;1541544;629
8a4579adaa344b5e.dll;31744;ef6478ae3a11244271875c4028d1f89d80d79c67a0263f60d82ede260e63bd37;32256;b49dbc3ae90d1f2102e35f82a4aef41cd977f305598dcf9d96dd551d1eeec8c0;5;0xC000;31744;71;512;1;0;1;12;1542173;629
8a4860f63fb85a39.dll;30208;6c69ac8235e6c75dd1dcf7538968e39043e4b98c276fddf4e1690fdfd62a69a6;30720;98c567f5c5da793098e054040b3584abd50c92be46e1e5b98b88c5b896c8b059;5;0xC000;30208;94;512;1;0;1;12;1542802;629
8a4b53bc60c55d83.dll;30208;6c5475052eef3dcfad6bc7c1e0b123508be99780a7e0614f175eb527040d07e3;30720;f9f5a18f0bf4f9acf406002e74ab887ac63915766642f9bcf1421298ef489ef6;5;0xC000;30208;153;512;2;0;2;13;1543431;639
8a6a4fff292324b2.dll;36864;4adce5d1a06cda2b05c32ba2838fb94617ab1da82af90dabaf31ff444bd5d578;37376;8e28d1460cc05d4f119c10fe5b0160000807289703f0b0c5be52a2f04247bed6;5;0xD000;36864;135;512;2;0;2;13;1544070;639
8a70500ff924396b.dll;28672;0fca825d1760bd97717515106e78ffacb8ec7eaf72fc91355c5e079f3b002b71;29184;c308acabcb82fecc454236da363da8e99e7db183154971d2d777ce7e48e66b18;5;0xC000;28672;75;512;2;0;2;13;1544709;639
8a9dddaab9ea7e9c.dll;32256;8be384c207f5e240332008dbf04443057f1d5db32c5032c48bedf176b274b33f;32768;f2d6a7a9da494984412e2c4d24086077a15e914d67a91f70abe5ba964e4366f8;5;0xC000;32256;303;512;4;0;4;15;1545348;660
8a9ebaf1221fcb67.dll;35840;5dbdb8411e8e4b3a15cc1d52bc882f5368b2fcc7b7d668298de3a7c73386187e;36352;d066be5f6bfbea9ad7a7678bb5232d01056b1fe07943430d8ba532e4c20b3e2c;5;0xD000;35840;170;512;3;0;3;14;1546008;649
8ab1694a0629cb9d.dll;346624;404909b25f496a914ca04cf6da1e858ec09bb23ea2bfe33deaa7e0dbe49820b0;347136;8a2c5479f140d8071a107595ea0c3aa5bed6c456bb5821aa7f986e97c1eff67c;5;0x58000;346624;283;512;12;0;12;23;1546657;754
8abccfce2e14e5d8.dll;34816;993e0e94e1fc79fd73209a31897e310549cf706f95ed02a6d9e141c3cec16310;35328;0095876abe634ef1eeb1387b44b7037a9cd32ff7fb428c7e34882566715af12f;5;0xD000;34816;462;512;7;0;7;18;1547411;690
8add5549137b4241.dll;33280;06ec736c93cca4dcf526aeb0b23360285de56e30ee3e870e2a059452b8c268a3;33792;8b3606917734b8fcc5f83a036c00a985a06bf33e932d71b69852e0f30b91bff5;5;0xC000;33280;273;512;6;0;6;17;1548101;680
8ae8d675071e5498.dll;29184;8f2eb424fefa035cdaa1ec0d406f1fdd4f4bdb59ff44e839d1e6e80ad9c8879e;29696;37f4c54921e43f18b8c5a387714a990948d686995461713ff752c61e9b7e97b6;5;0xC000;29184;36;512;1;0;1;12;1548781;629
8aed3d10436432d5.dll;35328;68baf7acca3ff344bb79ff1305c3dd878938d3a4576268f042291bfc52a6de4c;35840;5e6442343790e36ee19083434a0b6e598021186c032563205b2245f71b9a1350;5;0xD000;35328;173;512;3;0;3;14;1549410;649
8b22ff47f462a7df.dll;30208;c45974521e56100cb2f41009dfab09305f3a0d4908cd92b97db6e609e1e518b7;30720;a2612ea63aaffa872c802fd289e29f5e35070fda4a95510a6fcb8a64e2eab2a3;5;0xC000;30208;75;512;2;0;2;13;1550059;639
8b4f9f091e63b369.dll;40448;aa529f07f8d2c7d375cc1089f1359c30234688e7d90cb47deab48289eecd20af;40960;f3b42989fc2d8227fa14f4a20445598abe7e97744998ae8d561d5e25dea178ac;5;0xE000;40448;257;512;4;0;4;15;1550698;660
8b72fff45da519e7.dll;32256;d44b80a015e712ae768d051f65ac2d5b8c18f7d4183411e549b00a14ae89579d;32768;6a62e37f8cc4dc0dc08fcaf18941f835b8d6b6a19fa18c46e66b5d7f4f5de30e;5;0xC000;32256;45;512;1;0;1;12;1551358;629
8b83b34b8ae62512.dll;30208;a53590e043c04a0b747ca0643481d7efc0c7a30145aee8f7dabf4a72998bca71;30720;667898b9f9edb1cd78f9c4aad3f61e97b4fcb85a192721a7ce88d0909edf8118;5;0xC000;30208;38;512;1;0;1;12;1551987;629
8b9ae23b9a7db0f2.dll;30720;0fffa575ce1958869aba49df1a6848ce77419664044d884f0d6de07cae7c467a;31232;36ecf40a5689cbee2ced3cfdf70e923d35c520e03b49ff4725bee0752a7be61d;5;0xC000;30720;57;512;1;0;1;12;1552616;629
8ba36dd63f69dc4e.dll;31232;f9726a5d4c4af8e03760acdfe3fc0aa9a20924b2ff17ffaf89cc0e8b4e95606a;31744;7a69a3a7c569cfe8a440ffa55de5ef6bc8cdda4c07d7e171df7555aae45fa976;5;0xC000;31232;272;512;2;0;2;13;1553245;640
8bb34bdff3c931bf.dll;61952;59e0c1ed8372b64c1405b25b4f53f7fde4fd1617381ebcce33eed5a623b65d18;62976;88eceb05b314859d44fadd52732fcc42c6be89b58cd9a77dacc5a9258c3650c7;5;0x13000;61952;821;1024;30;0;30;41;1553885;1433
8bbb05129c5fe1ea.dll;29696;1b4a337ed173d08ad563ab6499098b16f1358a4aab8bb56aa13ecebf491d8b99;29696;1b4a337ed173d08ad563ab6499098b16f1358a4aab8bb56aa13ecebf491d8b99;5;;;0;0;0;1;0;0;1555318;4
8bbfd603ed9414bc.dll;30720;bc1057f9714f3e24990727f3c173bb8b63e115617abe06e07be8616b870618e6;31232;6e3bb2e489875d42fccbc842bf11e53cde51ceba4090e52761bf4e09eedc821d;5;0xC000;30720;152;512;2;0;2;13;1555322;639
8bbfd603ed9414bd.dll;30208;68b454c8caedea147656fdb97bea33c186fb160a87357512f93f0c7bf672c921;30720;f87137dbd07eaaaf24e7473a0d85be1a873a6a6a2b00b393d6405d1a6d3008b0;5;0xC000;30208;82;512;1;0;1;12;1555961;629
8bbfd603ed9414bf.dll;30720;ae91a2502f48e0ebc7c293ff8ccc858cffa4d89563fd1b44eae0115ace8c44bf;31232;8f3885862708ae3847b42eac0c198c55e6ffc047f11a2a4e8d6f582553c225a3;5;0xC000;30720;145;512;2;0;2;13;1556590;639
8bdede2fbde4f676.dll;34304;fb6aec011fd014d8a1ca3f1109b662457344dbad129ca082465d94e57c673a6b;34816;aa1d2eeb12fb779fee8f437a3ace2645ec1cfe65bbe84322a5324c1614372de5;5;0xD000;34304;100;512;2;0;2;13;1557229;639
8c01222e413b708b.dll;31232;b56cc8eac91a32395354ba8c06f75cd686b5b0948d9f0b8ae8f1fc637d956a26;31744;aec14412103e617cd6a6aea45bbe5e03f6f502c90ee7de3bf23dfe6cb9563d3e;5;0xC000;31232;279;512;3;0;3;14;1557868;650
8c09e94223f817ae.dll;33280;a875532fd3dbd7cfe22afe0f31cd843fd5f68e664231d205ad9ae4adfaf20e8d;33792;126130ca884e44009527171d52321792a8679dceef5112a697096f80d75e04df;5;0xC000;33280;53;512;1;0;1;12;1558518;629
8c2e1bf79f4a6745.dll;35328;05f4cbc4b445b05d128c904b8cc1090c188956dd28fb862720a1756e75ccbe4a;35840;b780fe29c4b20f82a393fafd052a43c22f6af4b794ca73b916cc9e782b81c600;5;0xD000;35328;501;512;7;0;7;18;1559147;690
8c2e1bf79f4a6746.dll;32256;ee0778d3ee8242a8e8276173c94efac85c01277befd42ab14d8c7ea7c7b8f0f4;32768;63c8dcaf1c31c78183f6615ee81e84814c8117ccf45a3a06a4ce5e0587410e63;5;0xC000;32256;280;512;4;0;4;15;1559837;660
8c3c0f68ac142635.dll;32768;8611170bc0cda4358e25a1dcedeae156fb1bdc3639a63bfce9c9a28479a951fc;33280;26e378f39868c3914a3d066e84897bf7ff2a0fd9a7908506ff00a14b8a2917b5;5;0xC000;32768;39;512;1;0;1;12;1560497;629
8c56493b40315424.dll;47616;f56e16004a5c56118467dbe4fafe52e5cbff72a1e0d2cfa6857cd3a7d32171ca;48640;3e3a600eedf3cee30cf7a10fd8bb98f6d3a431b2f31a2559e6e439fcd91a9794;5;0xF000;47616;599;1024;11;0;11;22;1561126;1243
8c8181b3b2c31384.dll;30208;dd7de091fe43aa02ab5ee53dcba06372aa6c450d115ba6b5a64b84b15253a39a;30720;610c3ae1d7014ae5e29180b5a72a10fbcc8cf1e3488c153147c7d2f211b1e3aa;5;0xC000;30208;163;512;3;0;3;14;1562369;649
8c9041702758b501.dll;38912;5840cb6a83540092924e87bf14facca9ad51b96ede497a40a2d5295ce5b5633e;39424;7c170fea15f72551d64ba9fec26b388d2452ea9a2e7128ff4de5cf2758012184;5;0xE000;38912;129;512;2;0;2;13;1563018;639
8cab19a5835fddc5.dll;32768;cfbb666e53a3859850d7f1e887294ef2e9670cfbd168b06a58aa11d099db082c;33280;5be8ff1019de0c0c87312d5df6e4516b055ff8ac7096eb9c975575e83afd57e2;5;0xC000;32768;194;512;4;0;4;15;1563657;659
8cb1f1f64a619f4e.dll;30208;515ded77fafbc2104277a6a756808714ce15eb2932c55601296d9babb01aa1a8;30720;4cb5171facefa0da07a94329d97234d206b8db8f85a823efb301a8da253629c6;5;0xC000;30208;39;512;1;0;1;12;1564316;629
8cb695eac33fbabf.dll;37376;50fd5946f6458a706be91056a25428d94d94200f8eb8c98eea9c6229a43ed2c0;37888;84442076597819b00a6b3d3957a183d91ca5056d41f7adb91bd3f4111f843c4a;5;0xD000;37376;509;512;4;0;4;15;1564945;660
8ccbd24275f35737.dll;34304;2ac0ac1b6a87f22117590c050106dc3a48c2732908923eb5d1a7d4df71c883eb;34816;7fd3f48d6d1739bf745692cbb0a2742a17dbedf8cca79dae4d7165ff9a143427;5;0xD000;34304;72;512;2;0;2;13;1565605;639
8ce79b8874e6220a.dll;30208;c0cc62dbcf9133d9d846b8a68e8e014a386872e6e9dd09659446b7146f1ad553;30720;5ea6829a8a76b8547985ae1df0f8b690ee04477e03215bb89267b4c30718c59e;5;0xC000;30208;264;512;2;0;2;13;1566244;640
8ce79ccad71b4c9c.dll;31744;23031055e5b8f955fa695be7c12be918c81c62993272205ef0cf7786149407e7;32256;552e17f5c34e6293457fde87c666064a4fa34ce0e2b32798fcaaff1eefc544ad;5;0xC000;31744;178;512;3;0;3;14;1566884;649
8ce79ccad71b4c9f.dll;31744;e558facc77eb1914e6be5fa8bdbe500f8dfd73def46eeb1b535ecab06c14c89b;32256;a82f91f4214b9c6957574d957275c2c439f5877ca11fffb8ccd3d4c75d56ee79;5;0xC000;31744;76;512;2;0;2;13;1567533;639
8cf0bbab35fa352c.dll;31744;b922465182edbaa3c6666d9bdbe8ebbcdd5871467bc60740c28d3d6ceb3bca3f;32256;d1c9f8696a1cace33ce3e45e153d059a6023b9a1cc67934d0d4ae6f8b2e42613;5;0xC000;31744;118;512;1;0;1;12;1568172;629
8cf0bbab35fa352d.dll;31232;6896e7d731a92f138d97581f7e1bf7b313961cc16716a7519a730a57ce8e3380;31744;c450b6307d20838dd9ea4bfccd6e635ad4027a8f14f4f24c69eba1fcaaedf2f3;5;0xC000;31232;203;512;2;0;2;13;1568801;639
8cf0bbab35fa352f.dll;31232;3acd1d42b9a6b2c0dffb9cd0431a47d3f5f833a954f3652835bb3fd2c5fb5f2b;31744;afaa860bdd53f0e342ce925b3b513fb9b0db516464c81da72fde02ba53aa34c7;5;0xC000;31232;240;512;2;0;2;13;1569440;639
8d02d37437a7ab71.dll;30208;03b4f60a4f458691045c0f6d40bb6a52934f8f6baaa42f57923f5794d5da869e;30720;b5e3ec46400b364f0feba2c1c0dea81e6ff60ac1a7a4521a81470a5ef5b069ae;5;0xC000;30208;70;512;1;0;1;12;1570079;629
8d0e0f4e832d8ba1.dll;36352;cfe74e77d97fc778535077d5f097efb1aa105a050f93c79900b2a09e5c80e9d3;36864;8851059e92865040e9f533acf620cc8c76026eefdb975da08a8f4cfaaea0ef1f;5;0xD000;36352;87;512;4;0;4;15;1570708;659
8d2490d96428beee.dll;29696;d291e29b63b66dfc2af332178867e73a765511ae056c6e58c0756e84206ffb90;30208;1686afd80fd36d52a9b60dd92471c430db228315b7a1bc0513257b250a72be4d;5;0xC000;29696;49;512;1;0;1;12;1571367;629
8d3154d8b14d22c0.dll;36352;6f2421849fc9d20bde094e093a2d423577f5679c7138a73ec75e21a8f6a15497;36864;de135ab73334912dded670cb847c0631b7001410ece831ed1594305e7868355c;5;0xD000;36352;73;512;3;0;3;14;1571996;649
8d501d63fc020ab9.dll;34816;99e09ca7d0ad2758a81c0a389f32fee234ccf3e4fd466bddde42a13de58b1206;35328;566d6b0756c759230261264dea3340e31b98337f890b68894c2baeccd3e1ed8d;5;0xD000;34816;126;512;2;0;2;13;1572645;639
8d798cb17e68fed3.dll;30720;6275f6923bbb93b763c94f399a713d2a4267283d5a59752d2f8a1435d4877793;31232;968c35352bf45ad0679966caaef9d3d0eeaf761e405582ff6a585b9d20e2f726;5;0xC000;30720;144;512;2;0;2;13;1573284;639
8d7e4c4ca5dcecce.dll;30208;ba3901f9470d77e93f7d3465a9d1a1e1947aa0040443ff6d996363952bd203c7;30720;29b3d98290707082ff954d4b92bc0ca8218805d4bd82a3856e273aeee78eb7b6;5;0xC000;30208;68;512;1;0;1;12;1573923;629
8d8002e20db1f63a.dll;28672;6c2e6a3ba2780c11bed4661c39f929fb19e34b5d7571750c3de5f7ac91438a13;29184;35a421f6a3ad7245ac45a84ce33bd49514aaaa521199d524c5409d8c75642ea9;5;0xC000;28672;70;512;1;0;1;12;1574552;629
8d8206ce96dd3efc.dll;37888;9baccb3f5816d6e21a1a3eed95e16b222afb5a57f0fff9100d27113b1c67e235;38400;f1851747f10420e76b4b55df6b6e139c4f46fe2add70ee396cd9568827dcffaf;5;0xD000;37888;252;512;4;0;4;15;1575181;659
8d851fd63087c9d5.dll;30208;f35f3bb3e0b1e3071f2ea84e9c498e2f1dadd482bb66cde9cea0e956b86512ea;30720;8c134c541dfca3bc0d1d68f124ea2210f509ec4d61dc73429012559e158459a4;5;0xC000;30208;26;512;1;0;1;12;1575840;629
8d92f4330c5153b4.dll;30208;4b9d83b9a50b39840f1e85eeb40c1c3791c12433d5b3e1d985d2ee1720554a71;30720;475b1cb7a3ebd0df74283fe7335f80fe2c2fc321df5eb21dc82715ed55a53be6;5;0xC000;30208;45;512;1;0;1;12;1576469;629
8dad4df394d7137b.dll;36352;1fe3a621a6cf03608b4faa8435bff631df6c6e9d552779c967ee17c0c2e36f32;36864;d1113dbd7d66c806db73ba24ae129052109b6bc5d1d925dbf72ee93d26fec31e;5;0xD000;36352;45;512;1;0;1;12;1577098;629
8dc4bf2b0c233e9c.dll;37376;1c192ab0b2dd1e2ee2b7c9724cf69c3a3452daa74cd11687cebf8d6dfbf377c8;37888;c64c27e40b0b0c912629e95e854a9eef9616b07d48e99345d7e6a79e0be9f86f;5;0xD000;37376;79;512;1;0;1;12;1577727;629
8dcfa86488dc53ad.dll;33792;7d4bb1ce75c0366ad352ff25f3482222250b92c3a9ed9e3aa3906222962db4b9;34304;eccec783b47a74b5230980e8d0aefb5ba593057f6fbf07df9ed12e15ea6e93a4;5;0xC000;33792;56;512;1;0;1;12;1578356;629
8ddee4edf3039009.dll;32768;d5dc957a8aa62f63a72a4a6b1510e771c98fd7bc8f014a28b026508b75888045;33280;87b51ec3230486a37a707ccade93f99e4e6a326cdcdef426b0d09c363ae7c0ee;5;0xC000;32768;104;512;2;0;2;13;1578985;639
8de1dcef3e63b1bd.dll;30720;693ef14959ad2de77402e61988da82c0b54b6316a1b90fca0661d8f4da4c6fe6;31232;0ece0ccc3c93cbd40b4bb8bc92e29a67086c3a7f70a8cb06cfb7de63fdad5f78;5;0xC000;30720;146;512;2;0;2;13;1579624;639
8dec8bc30a49d579.dll;33792;6fb8ba801f0e10fb7cf7cf8f3831858715eff4cb2d26860aaa3b34398d6736e6;34304;db909489c0fad31a8c5cc32ffa2f3917f7fdee014461730bc86ecceba0153ba4;5;0xD000;33792;67;512;1;0;1;12;1580263;629
8e1d105d3878625d.dll;34304;e98cb8448fb7c9f348b521aac9f2e14e1b3d8f07295cda7d4c28e681a29edb5c;34816;2b0cf1775d29f32412aba278bf4f4b4e4686ffe0e44c85fc4fce1866943fc7df;5;0xD000;34304;270;512;4;0;4;15;1580892;660
8e34e9e5629faca0.dll;34304;20cdcb2d851ffa0cbf2c7f4a0926aa2fd9638a0404791e9eccc64ddf1312f003;34816;4e8a7b8268ed24aadbdc727fae9bfed83554354aabf7a39baca9ec0286c4f4f3;5;0xD000;34304;96;512;2;0;2;13;1581552;639
8e34e9e5629faca2.dll;34816;c8510f511c044b03acfde6b8a2f08a04fca20d67e624b2b573e0d860419b447b;35328;ca1df3e96259766b4f64577500b4916702ee8372dd635d1279755b0842a57da7;5;0xD000;34816;47;512;2;0;2;13;1582191;639
8e34e9e5629faca3.dll;33280;87ce439433358f71be9fa2ba8f00e6e3b819e6c8a4fe1f4a63f2d8b572f4e40a;33792;57d5d8fcd95cb4a50970e0c3365ab9502698f63c485e703399ed927aa85723ab;5;0xC000;33280;42;512;1;0;1;12;1582830;629
8e34e9e5629faca4.dll;30208;74d15c92ede9a7334994ec159b3f0de11ca2d9efd3c2d70c9b2abdcf15426b88;30720;87b83205016c59c9158715af52c6880a75d337d9c161c7ef9e03ce181b1a91da;5;0xC000;30208;37;512;1;0;1;12;1583459;629
8e34e9e5629faca5.dll;30208;48cc97134a079a21d9817039e8f1f2149dd596fd89c559afe84788b86dfebdab;30720;be1534a569e491ec24a6f83fe354f961596aed02f78193b4592d79e3c3f6d950;5;0xC000;30208;44;512;1;0;1;12;1584088;629
8e34e9e5629faca7.dll;30720;bb73f8376dc31af51ca1c5c089a534b821259d3c04be6e53d63b086e33a8ed4d;31232;0fe407915fac252e3098e904ffa181f603f0fba0bd3322dff61a63ec7a990c02;5;0xC000;30720;88;512;2;0;2;13;1584717;639
8e5b77c94d65be57.dll;31744;ba1e48ae9da26d45c78225ea26a6acd222429e40ad1933a3478559fd9694153c;32256;35137db5139a7f0a3be14de77e73c7750ae416432095ff31c1157300d1ce3fd0;5;0xC000;31744;233;512;2;0;2;13;1585356;639
8e9a264670e5a5ef.dll;39424;4a65966682cd4e45a8540e3769311679cbcdc058a92cc709554e49df57154add;39936;f4fd78a33bd61cfc426a00743a3fe641a37a046b2dba542b9f8619d0a635089c;5;0xE000;39424;93;512;3;0;3;14;1585995;649
8ec0b1e9992c3d67.dll;30208;6aa4974a3d8d1c48036a3e71c7f55616b642b82d4411cd6a2f7d03383a82d0cd;30720;efbc568784708496f0e289b90c1271eef2d582cc4bb4928de92650f19ed240a4;5;0xC000;30208;45;512;1;0;1;12;1586644;629
8edaa931cd680bc7.dll;32256;8cd6b65793186ca902e1b46121baaa633687bb65a79226953cbf7a0e83fa6f70;32768;468ae953b4f0ae3dad0e7c6acb90588b0c8c7c665edd3dfee637d0d7a847237c;5;0xC000;32256;348;512;6;0;6;17;1587273;680
8edb94ff73eae55f.dll;41472;56ffe7e9d5e7b7032136648a30307ebd5fc2f0e87812b54422942144f973b2d7;41984;eadbc18e577b77ec60aec0e2f998048989286134cdf1a617d851dfa3ceb2d9bf;5;0xE000;41472;482;512;5;0;5;16;1587953;670
8efd1396fc7a2706.dll;34304;771ee425f0bc6d72cbf4696df656d920fe5560ff809b4389e503df87d76e9902;34816;639dc956337844da672d8fd4f6f789c003150517a9f837bdabf9c41ed26ea516;5;0xD000;34304;57;512;2;0;2;13;1588623;639
8f04e8b856e28c0e.dll;30208;1b6be136421e1b3d3552ba79862bad001aa024e6e85c5689573ce657461415c1;30720;2b8971d2c2cc339c29b30984972dfdda122d097a56ed019a891c580233e55c04;5;0xC000;30208;166;512;1;0;1;12;1589262;629
8f09f9d15e6ce9c7.dll;31744;6686658865e466b1fbd984a85db2811d2016d659c1871a5d89e182ac01985587;32256;a921141fe240f6649799d72d40fb26c3e3d460159b6c3fb6c6abbebdc4d071c1;5;0xC000;31744;235;512;4;0;4;15;1589891;659
8f1cb9d0800cc59e.dll;31232;6f7e9d9da5626124058d1f5172485f165c915aeacc91103e9b40b32ccbbe371b;31744;f75c204d78fbd5f37c86b59d687a0306b833b5836cd43fed50363ad4bccd5885;5;0xC000;31232;221;512;3;0;3;14;1590550;649
8f1cb9d0851ccc9e.dll;33280;d348fe2ddd18c33db61a60498cdaffa2dbdc7e115a267283cf0409b268abca8f;33792;2cee4879650fabe76a766003d45d62454999184ee1d9d68a260ef8e92d5a0962;5;0xC000;33280;492;512;5;0;5;16;1591199;670
8f1f7350a3e07edb.dll;28672;69296cb907007561a7efbb71f2c05cbcbbb03b99529f3a7920c029ff6ff9257c;29184;5d729d7b5b2cbf8a4cc409801a0816320236cc42b5bb297278c6df356d2163f4;5;0xC000;28672;50;512;1;0;1;12;1591869;629
8f35491d907865fd.dll;37888;d48df4f6f842e17e509d371b10307a952eee4561b0db4d56c6a46a7c68c39b49;38400;42337c8372c9226e7ee4430f6828625100986ed7dc4422d89fb5ca298e1297c9;5;0xD000;37888;334;512;7;0;7;18;1592498;690
8f4023b88e0aa332.dll;30720;91ecc131bfa93e5cb3c57cdb9641c1b01387cf08a12e065b780f4a23d5acbbbc;31232;43e701debefeef8b46f2568ab42b3b05161b592387f7d757d5ae3db57aa16297;5;0xC000;30720;312;512;3;0;3;14;1593188;650
8f67ada01e1b4422.dll;29696;7d74718107fae6d881e509fb887e26ebacf99577b4bf62350b5dfaa1d92575d9;30208;c89677c2edcc81142c77ab464c96038cb9177412060c39876ef29f4807272568;5;0xC000;29696;53;512;1;0;1;12;1593838;629
8f82549e9ca69029.dll;39936;8284a5136f3997100232b4b1c49a3e0b5902622297d4e15ddd7a69e1ff3de340;40960;72945229ec2ef9b7d6abc72ff42c6b9eeea4d8a32c4fb2aceb5020feeed533f2;5;0xE000;39936;513;1024;7;0;7;18;1594467;1202
8fadc951b16cfda0.dll;30208;d1f858514fd9de9b857f070d13aff1d6444a4f6659e34918fdc09994f210d595;30720;4cdcd3e662a71391ce4512a2c915f09dbd7260499cdc7d4598dcd24ddf94f26e;5;0xC000;30208;115;512;1;0;1;12;1595669;629
8fc78ffd1bdb7b36.dll;30720;353847e6c6d56690950869547a975e51dba75c1d338d2d921e305c2044dfe67b;31232;e950fc1e76522cb3a7371b3f3f68d5ab1d0bb8fde04006eea335ca3ebef50d68;5;0xC000;30720;80;512;2;0;2;13;1596298;639
8fe70db4e4ec0d55.dll;30208;a554c6ed04d1e16db4c1e92ad57a1f7caae90d2c6dc7a52332e59496e934a276;30720;e7ee4ca48fea5a28168006d9f468d0202948a6d4ffbf3716089898f21ef8d1d0;5;0xC000;30208;136;512;2;0;2;13;1596937;639
8ff4a96d9bfe3916.dll;30208;b2358e9669df3f59a346f69552890374424274caa2c69e37461a9c4b3f67876c;30720;c979779bae618845a2fc28304a12b62cb463e92894be35738977c0b1f89bbc6b;5;0xC000;30208;194;512;2;0;2;13;1597576;639
8ff7ea97242be107.dll;31232;84e100cad9c07203b2e73b5cf36f6d8d02eac7c799d6f2af3f1ecf9aa0d93ed1;31744;3990fbc6339d3cacd33616060090652695bfc79043bc05e6bd2b775591f21031;5;0xC000;31232;40;512;2;0;2;13;1598215;639
8ffb25835c917ae0.dll;29696;8e0de41474996e82f44ce694dc120691ca53da96dd78b8e826200cf08de1c3b2;30208;62d4c3eac7be23ad27246fe0f17ca0c263d19718e3156b9c35a77c31f7634e7c;5;0xC000;29696;58;512;1;0;1;12;1598854;629
900eca3584eebf4a.dll;34304;ac094fb9e5b3886aa32b2fd0f9d2d1cd1e81d02fa90150433bc746edff8f4eef;34816;6fcecc3b436050e6933ae6420493a97288854399ebd0ee4151ae9f3cbe57563c;5;0xD000;34304;37;512;1;0;1;12;1599483;629
901a1abbc8d53537.dll;34816;7787d2b292748d0376ec58badcdf2553c497643daab52bc700d0af5d3561dcde;35328;a3e09282d2b96a3b908b43f1bb7928ff3595e2ab0aa913244ee40dec07147559;5;0xD000;34816;268;512;4;0;4;15;1600112;660
90295b39e3e9f1e2.dll;35840;bd55ff13d44f926266fe678f2d1520b1dc825b6211ad56285ec6305812d7f4bb;36352;2e57245f803efb1befe997afb91095e26fa06e473e0b660be8191001d0192ec7;5;0xD000;35840;281;512;3;0;3;14;1600772;650
903213e6ca9b79b1.dll;35328;09556be40243cfd6f5ac60906a8a4dc610c7ce237c52ce40761f53a290f2a011;35840;937a052a1766a8ff8d8c39a95a0dff1311f02a0c843eb4c568fe8c15afddd460;5;0xD000;35328;152;512;3;0;3;14;1601422;649
90393e38a33c01fd.dll;30208;387136136a12a6dd6dbcd8f54e8f2b5bc86147088aba9d42c4a571146f54e3ed;30720;d1923af3b4452cea66fdb9a6517f1b1230d621dc98484b6b43dfd4e58f41f514;5;0xC000;30208;136;512;1;0;1;12;1602071;629
90393e38a33c01fe.dll;30208;cfbbe405c030bebbaf2a74f997b771c9588690b5fc68638c62b9900f1b303e90;30720;3393e4b16bed52c32fa5a7353ae68074fe4807e2007af0a7ff3559127e13b06a;5;0xC000;30208;153;512;1;0;1;12;1602700;629
90393e38a33c01ff.dll;30208;706e2aa3d41242eb84087e618c36f6537cc584664023ca5f0ffcacda92600fde;30720;08f669d384d9602f55012d9830ca824f72d1163b71c0d1af87986a081148a8a3;5;0xC000;30208;179;512;1;0;1;12;1603329;629
903de3737ebb0429.dll;177152;906d78a3911aedc02b63efc27780a56d1bd5cd4c00ebf6aa52e3582e2f0add63;177664;3cedd7be9503cb86129bd9da580a42dfeaf22cbcf712ef118069b5408cba3080;5;0x2E000;177152;341;512;10;0;10;21;1603958;729
90544f0a79daa485.dll;29696;8a5254207ab135908f68b5a73943a586da15608740ec7a580008b020137573f0;30208;6bae1398df16f38a66cdcf706e63f2b0f5cc6d47f0091b8d92951e70a82a7cd7;5;0xC000;29696;63;512;1;0;1;12;1604687;629
90544f0a79daa486.dll;29696;8fce88e5e34adc4a6252c1cf8ca000164fa3d6b98f09797f01e8e046caab0759;30208;eb77260d6eca63d75d526c8e33662111158c6413a48967c2c989891223cb3a30;5;0xC000;29696;17;512;1;0;1;12;1605316;629
905e28b058d23cae.dll;30208;cf90f2f351cbacaaa1b4899d122bda22de3f4831bae2cd48da0f4fcd7e41acaa;30720;e6c07758b91da9f6f9cc137661b120d038652a8728e6145ea5d7ffc609e65fba;5;0xC000;30208;78;512;1;0;1;12;1605945;629
90676acac92f9592.dll;29696;b62accf03d6a9a996ee9581d3f60e803627a0846ececf285d11e58ccce0f3495;30208;28f4a374a53bca65b1c13e3ba844de6ebfa77d3150768249b91d204e7073aa79;5;0xC000;29696;45;512;1;0;1;12;1606574;629
90676acac92f9594.dll;29696;3ad504190c8818090b89a136b1a298d5df3623b40aecc7fe7fc52e0f605a0c84;30208;b58d746f25fc49ff10a3bf7840f5b6c735f0af0b3d759370578571ac34875944;5;0xC000;29696;60;512;1;0;1;12;1607203;629
90676acac92f9595.dll;30208;41923dcab3d41007323132dc5e850a10261bd79ee3c3d5d95d7e58dfcfedc839;30720;bf90773ec8980d20f3529824e211e5fa7dd4a1a775c7b2149152ba8043fc33ab;5;0xC000;30208;61;512;2;0;2;13;1607832;639
90676acac92f9597.dll;30208;70e2ba9072dd0fe7c9f112c6a3b6870177f7dde0449252700043f4b647e9b305;30720;cc332db5b0fac92af67dda2413442cfa59f2a4f3d8f9fa49f8cb79928845c594;5;0xC000;30208;78;512;2;0;2;13;1608471;639
9082dd69dccc05bc.dll;30208;e8b6711b8c51579e0120ee905b3cf4cf166e17c7ed44cff7e7ce7ed920178d24;30720;3d512761a670d64845f01390615322d2959a29d6834646c65755019be2c53452;5;0xC000;30208;99;512;2;0;2;13;1609110;639
9082dd69dccc05bd.dll;30208;39359cf9c218663e9521e086d5bbb65c589aed105343a3cff6419523d9419381;30720;793db705a3eebd16cbb2a9e37335d9f35e5d0715448fd4d265800b4761d0fab6;5;0xC000;30208;91;512;1;0;1;12;1609749;629
9082dd69dccc05bf.dll;31232;730dafaf94ad672d7b0752f84b6cc176721e39179d04bbdc5cd80bc8140c3d11;31744;3ce0113fcc4cd76bc73c002afdcfdfbe5fdbcd4612ea66eefc364174408ad1c2;5;0xC000;31232;144;512;3;0;3;14;1610378;649
909a2e6becc75f19.dll;39936;cc2f970c80fbda826fc4127a38cf596eef4849f0320de08f46d851b54caf56d5;40960;d1c560fe7ea4aa352ee996495634a5b577408314981427ddf4346e6352c5e8ba;5;0xE000;39936;861;1024;9;0;9;20;1611027;1222
90aa08c956837ef2.dll;36864;6831180df9a2a19cc0b5e43168d5ac1d152258acf5b17971c7e19c672c8070e9;37376;ca3ab7c62459b43edffe7c592512239897daeae834ea7073bdcb660aa93ef11c;5;0xD000;36864;326;512;6;0;6;17;1612249;680
90b2a2adbcfc1697.dll;32256;ef72f4c6b151dac6ecc54bd12289769b64adf265cd771c17b4f4768ff0c84113;32768;5c4cf03466a5f9006a4dada86817d2834d810b1a3b50e8754ffea63d6e7dcb4b;5;0xC000;32256;14;512;1;0;1;12;1612929;629
90b2e1a17a7f7a8d.dll;33792;ce3059fa8d468a7460b9af812d85a6f86541d285ab104317f86e957f5b8411bf;34304;359cf4578e2eaee1d5f2d53026965971dcceb82591694da637332f639f1ea77d;5;0xD000;33792;49;512;1;0;1;12;1613558;629
90b8e91bddaf1342.dll;35840;48246ec91b0ae3ea8f3fca3756e7387598567441ececb6d1983c8716b854f48d;36352;0f49801194b5d0689d9ebe9f253ac21a8751ecad3e17e0ace931b79d4ee04ed4;5;0xD000;35840;288;512;3;0;3;14;1614187;650
90e7333115f4963a.dll;31232;015e87dca6cd852297412ea48462f29e6a26b90ad957f65acde5352a51b85040;31744;de84d8a208c8d6cdaeb8c9925d5c6e9d7ba23b4a7b692028655322c385861be2;5;0xC000;31232;121;512;2;0;2;13;1614837;639
90f467a65e109515.dll;30720;80e1f4d245a1caf7c7e57ec8970ad951982f82029e6b43eb595062e399e3b36e;31232;e2de62c26669fd569b43cb6571ec83fb81cfd385c98e26fe9bd458eb83dc8b6f;5;0xC000;30720;92;512;2;0;2;13;1615476;639
90f467a65e109516.dll;30720;88af2a72b1802f60cc557f9c95f5a9e943e3f702eacc1eb7c2997f8bc4d5feb6;31232;5f0f8374f94bf651280be7b71a06643a6adb259557193a34bf5ffbc2a0f7e0c4;5;0xC000;30720;95;512;1;0;1;12;1616115;629
90f467a65e109517.dll;30208;7dabc4c162d5db72a5c41375980b814cfb5a252fce05306a40fd8ff071cdf5bd;30720;00408593a392439da2a63b85329e39bfe1d3b67d3f0a4cd3f353cf8007c1fece;5;0xC000;30208;87;512;1;0;1;12;1616744;629
911ba84aaf78c052.dll;34816;b5a3471e39ec9fd285281eea7d657eabcbcafed05eed7fa69651a6654d966b59;35328;3ffbd8660fa73706029f8169d0239fea0764ea373aa9e17813c3268f708e648c;5;0xD000;34816;60;512;2;0;2;13;1617373;639
91240b51428bd974.dll;33792;221211999b6aa26f321f7cea086b5c8d74e9170d5fdf6444f22e1bc4164870fe;34304;1a273200248bcf29b36b748e9e1ea16534f40cc68fa5dbb6d5f278c5095993cb;5;0xD000;33792;21;512;1;0;1;12;1618012;629
91240b51428bd978.dll;33792;2fd53f7be04c82db206bd6e04d65cdbb5a36ff78ffd7b63376534d3a43904a6c;34304;146e1f44e42b715513c5c083e3aeac28a99cb2ab7f66cc49dcc5955c2031ce20;5;0xD000;33792;21;512;1;0;1;12;1618641;629
91240b51428bd979.dll;33792;0b36064905f308c085016cef80a4fac81021deb65680dcbc8769afb98f8fa2a0;34304;e872859f1e8c2968c30f1a823f1c94de81737d372ecaf962edf5bc03a839c04f;5;0xD000;33792;61;512;1;0;1;12;1619270;629
91240b51428bd97a.dll;33792;6c953c6af53636c48fe3f2c68ad7e8de79a2bb7e3fa8d90030535c2c3d5b4296;34304;da052d3e0f69e847f1e6d9870b913369dcf4b894c4c41cd1b928fb4dfc121f62;5;0xD000;33792;13;512;1;0;1;12;1619899;629
91240b51428bd97d.dll;33792;169ff73b35f662ab5899332a00b02afaa9741ebea8c933d5e68cd9c90c125e21;34304;b993b7aceda84db66503f0a131a566dfdbecb69fbfa7caaa0ad265382acf8a33;5;0xD000;33792;32;512;1;0;1;12;1620528;629
91240b51428bd97e.dll;33792;7176e8bf4474416fad91b38a163424096c494cc79cf99604f5ae499355bfa412;34304;83be262f98578b76936130286a4f5273950c2334b39a6d4f465794dbb2b1df11;5;0xD000;33792;41;512;1;0;1;12;1621157;629
91240b51428bd97f.dll;33792;6a12e31f89052ae36b4847b5c58858e39cb96c756d577b02fb999081748fa309;34304;c99d7637f89aa5adf76e95d20673f2734f070c93712b4caf9d2a42af49d8ff54;5;0xD000;33792;40;512;1;0;1;12;1621786;629
9126aacfef4c0cf1.dll;30208;26654ed3d8f3328f95d5620a38e7bdac782952bb0d8024252e611ed027b17041;30720;2aabd6f711f8352bdcf18796229b824229ad3989a9b187572076e0d12e034bd7;5;0xC000;30208;117;512;1;0;1;12;1622415;629
913ba06be055997a.dll;33280;1ba64d8186c111ca2476c454e1768077b2a6cfe4e68b572a538b6097fd625b3c;33792;7cc25279e2ece7f192ae40984a8df76407c78a2bbf99603ab59d8b9d8f0a27d3;5;0xC000;33280;73;512;3;0;3;14;1623044;649
913eec44a907e2e5.dll;30208;3df23bf4d015bfa7c3bd773b180b8939eb913cdd87bc61f7d53dd830e7724506;30720;683c66843314e058b980b7d729d8abb93555383b5168a46cefef285db29e7859;5;0xC000;30208;94;512;1;0;1;12;1623693;629
913eec44a907e2e6.dll;29696;d2924e5f657fd249d17b8204432c7f6d502df860108cc3a9568fcb1251a4b362;30208;47de91227b0e11435d6525ea5e7f267756142e5d930045206e7c5cecc7dd3c03;5;0xC000;29696;64;512;1;0;1;12;1624322;629
913eec44a907e2e7.dll;31232;7c11120a73ebb822e054350f0645b91cdfbc79fa30fa3d4bf8b1471574a8da86;31744;5afd25ce837f870172fa74ff3558e883c53bb26a8201c970d6aa1bd568658061;5;0xC000;31232;368;512;4;0;4;15;1624951;660
9153e1fdb599819d.dll;34816;e8ddeaa057445f222ee43d59a6ef6a3496e5fac563896a3d93018719f009dfde;35328;a94100b2931cc83679dcd49f92b188b7ebe279c462ad5453332b8eaf216caf73;5;0xD000;34816;94;512;2;0;2;13;1625611;639
91598d2444f2cb57.dll;30208;8ba5cfd52f936a6de1455320b94501cc67ea3627e43dc7f10b1a307150c0d3dc;30720;78fa30b2a3669f08b81947158e30a0c49772a7f544a65ad54508215503a46e6c;5;0xC000;30208;74;512;1;0;1;12;1626250;629
916c715ea3efeff7.dll;34816;3ab0ca04a11eedc0f49fcf8496d5b238e34a2ad261bb8b52b36f2e81fc95f39d;35328;c0a01fafedbc054821c5bf9e21ee8cf27c2365e699e10d4cd2d66e747197d36b;5;0xD000;34816;251;512;2;0;2;13;1626879;639
91820c7a3e1efd8f.dll;39424;e90cd31edaa83a9029570bf5a1adaa8e4a61f86ecaf281f1c62e398a0dc0737f;39936;e9ecd0434dcd19174beb3df05e24002f46a90e83e55669c94e4fde11977b0ea0;5;0xE000;39424;304;512;4;0;4;15;1627518;660
91a3b2177b48e0ad.dll;35840;8150f9c6552b65c0f406a0a93d368f778f0d6761f2b78fdf400768e849fa2ac9;36352;fa3a45d2c94c36d48f4ec26faeec17c20dffc20d3cc3ae2c4d39dbdea1994acd;5;0xD000;35840;229;512;2;0;2;13;1628178;639
91b031bf6ab8f3d9.dll;30208;405eb464c0768261ffbd4552ecd27028d13030b16bf83ed8cbdbf0edc0d3f787;30720;881368dd484a501a2c6136136088f358b0594b0f8a164f1f6d8298364bb1016c;5;0xC000;30208;163;512;1;0;1;12;1628817;629
91bb45675661b0d0.dll;30720;75582e695e52fb5173678a42a55b3d6347dcab1d885e8bace1604d52cc11e7c3;31232;594b3e41c8fd525434127c35ae58fe04c00ff34024ff9ae26b45d3fcb7423b3f;5;0xC000;30720;120;512;1;0;1;12;1629446;629
91c3424843ec2798.dll;28672;1ac9fc68ca03b6479ebd3f69050c7ef84eb95dcbdd03be382517fde4d6bf3470;29184;96093dece44b8788dcd5e0dd64be3e7c907fe30b63cfc995fd928923f304ca20;5;0xC000;28672;40;512;1;0;1;12;1630075;629
91cad3b0775330c9.dll;30208;a8cd87b9c70e1c376b655cdb857bc3b69f036f41653c2deb646148e0902446b2;30720;30439f3b453bb3297f7322d671376aa4c23f150e0567e8a8e699adaf26e7dd26;5;0xC000;30208;151;512;2;0;2;13;1630704;639
91d40284477f0afb.dll;29696;b2aa3ba7f1548bbf0c7d7e4c4f0b00f26adf2a7e5be9b64f95f88da27f71d130;30208;5edb3a04e31dd726f3d76c01a44e59c2743649ea3cfe9b5746da200a31ecbae3;5;0xC000;29696;32;512;1;0;1;12;1631343;629
91f9a3c374732d69.dll;32256;ea90ade4834c4fea834f3cf14d166d0b0d3a02a6dc992201f0d62e7d144fa358;32768;bb2c05d6de94dcec3b9a3de7d88804bfe33b60b0c1d4b90216d3d2c525b6c21b;5;0xC000;32256;54;512;1;0;1;12;1631972;629
91fd84e96fc15a5a.dll;34304;14500df6414e362255a32e79a8d19dd5f2195c92553fecbd718067614e6ed323;34816;cdce63d4cbb064a8c57519014fd4091b9b361c2e4604622d98dcaeed0a779071;5;0xD000;34304;47;512;2;0;2;13;1632601;639
91fd84e96fc15a5c.dll;33280;1ecd04ae8bf6361ef2af49723ac69de5023dcba18a6091f15e2efa3b87bea2f9;33792;3f102e290539fcadad0878373edf68a3ac02b4489ef220c83c4c4c9d26fdcffe;5;0xC000;33280;31;512;1;0;1;12;1633240;629
91fd84e96fc15a5d.dll;34304;2dbba479b764600b9da69ec8c8eef393915701c5f32434082030338621ae1aee;34816;5827c58ed60748e818dfdbab78ec26903725f7e033e8c79e624579ecf08297f5;5;0xD000;34304;47;512;2;0;2;13;1633869;639
91fd84e96fc15a5f.dll;33280;33706f8d0d226ad24bf7ea7c780dc6f063fcbc42ad5c8489a70f2d44a4848380;33792;ff6efc40ba8f804f059949f17aebc67c796fd87a7ac4dcf91b15ef87c94d5bbd;5;0xC000;33280;29;512;1;0;1;12;1634508;629
9214a5b07220d08f.dll;34304;4850f189c1f403a1afb1151ccd3d4a5300018a8168d22bdc4f9df2cba8ef7f9c;34816;ce5d129d84dee4b96a67f4cf18e8ceeb765a6846fcd9e866b0ae4e1fc0d3b09b;5;0xD000;34304;163;512;2;0;2;13;1635137;639
921c6121b99963ff.dll;34304;3ff0dd6925f9f34223c4cdecdb3c336fed1387cbdcbbbabc28ce2f4bf73359b5;34816;89cac0a5a44f2b9b5cf72b70f84b4e00f2c1c2e509b761d7fe249db5001e8cd4;5;0xD000;34304;147;512;4;0;4;15;1635776;659
9220687713247257.dll;31744;2c283b25b2537b63071ea6cfe0400d5c758e6ce671cb294985c7688c16ff228b;32256;14ca2315f2e672adbd86cfd587ea5cb876a7ea1817d85215e041875a96ffbe7b;5;0xC000;31744;140;512;4;0;4;15;1636435;659
92240bd605e13062.dll;33280;fd9a2e1f43ee2df4de532cd2aade5a5430132aa91c14eb81f88abcb281aca5a1;33792;031cc78627622714b5cf4f943675410c1f9e9b1d5418727b3228836e32008fe5;5;0xC000;33280;467;512;5;0;5;16;1637094;670
922b71404211dbaf.dll;33280;b63b66a0820e8a8de2eeaf872ca11f7b88e438b2a107020a85460cb9cf2c8eab;33792;1fde3a92f8768e0f307a0415093430346886a0d35dc1ea770938b297142f58ab;5;0xC000;33280;61;512;2;0;2;13;1637764;639
9234e0e555902808.dll;45056;6f60fd8a461b6b15b9303d5fac90d96313060f58c251b401f0f63b815f3f22fb;45568;18a67d8a56931346dec4898654fc57a0a20cad8e6d179a598ea2b4b2a5a05b5a;5;0xF000;45056;508;512;9;0;9;20;1638403;711
923509ef02391cdc.dll;34816;544173cba7d5df3b906cff0082f92ffebd0b6903090198f1657861b241db6bf7;35328;82c8fdbb651b66eeeb70224be760978e4e1ae591b864d260b4b018a505c6d0eb;5;0xD000;34816;104;512;4;0;4;15;1639114;659
9244450d6b274a87.dll;28672;5dc252d342df60e9fd3f3be9af685264cfec475d6055cdc6eb8166ba1515d3f9;29184;d4d8e37c2b6799ac80b46b19225296ba28f7f558c2b4fc90924a88a3e51e9610;5;0xC000;28672;38;512;1;0;1;12;1639773;629
9247bb6cab557f9d.dll;49664;409b3e9636e7e4973b28c910d9a65667452f9d7256b279363ccc88794943926a;50176;2942ee554fe4b5932c04a5feb18eb917ca188f3bb327cb813b780245f2f40e2a;5;0x10000;49664;451;512;11;0;11;22;1640402;730
9251fe1c56db137a.dll;33792;4d74ae522b7c82d966a69e7a91b88844e0924c0797d558dac0b15383f33c50a9;34304;89606cafe6a6005e9334058116729a19e3024982b5d89baf36ea057f795856c2;5;0xD000;33792;63;512;1;0;1;12;1641132;629
925ff81cd4955ba5.dll;51712;a92e778130b769d23096cfa2d5c609bca19885e3c7290a25e60b9c60ad077bf5;52224;5f5c3de48f9a6735d37b92002a10b1fa09b4a7f7c29861ad8b63898efa52d430;5;0x11000;51712;20;512;1;0;1;12;1641761;630
926686f291dbb150.dll;43008;d8640eb195d521ea92d9f46a6f5b92eb4e7a44dafa55fa25d3fd3d1d352442bd;44032;a4708a5b8464f3900d940c0744d3cde6859443e50803ef14ca104e0ad42bdff2;5;0xE000;43008;652;1024;9;0;9;20;1642391;1222
926eb452a6611a5a.dll;31232;899b005719930d7df2d9044a2e43ea4c2f70cc0766911df5989292c74b4f7af5;31744;91e4d8b8a20eeade99ca40998da7041c22b0026788a3a37c617b987e0222b64d;5;0xC000;31232;159;512;2;0;2;13;1643613;639
9283e24f378d809a.dll;40448;f7ef556ae63f4dc6ebae852d3d949b72b9ac3087cace81b0efa050e460d87d77;40960;b0bc1cbf842e9264f7124075cc89322b91f35e451c39d34318013594529fa642;5;0xE000;40448;233;512;4;1;4;15;1644252;659
92a6bcb2eb431a35.dll;80896;e3d053f04fbc426382a8ce8387221f337a01522f4dfc97b0f9ceb5a2b670ce8b;81408;a8fc66fc91d5a4129a6cb91680e0f082b948b0b7b3622484f2f13a79e64004c3;5;0x18000;80896;96;512;3;0;3;14;1644911;651
92b8d0a91cd313f8.dll;39424;e1594d76e1ad5146290794da39c0600a7c76df82bd692e49ab71cf399095fd58;39936;6de1041931a64856a95ceeb8cfefc8049fea97d6f0671420158ac202c55f93b6;5;0xE000;39424;325;512;5;0;5;16;1645562;670
92d77593e98c5a16.dll;33792;2f6dd00b9c53de28001910e784a729be34b64b825be9d509ef93bd42d2019931;34304;10a90901ed0f8bae7ed0302623fcff66da6e67adc63adb5bca44e3b347533fb9;5;0xD000;33792;59;512;1;0;1;12;1646232;629
92db20520358032b.dll;29184;780f2fb3b341c13c5985910318cee3ba54514bdf091c819e0a14ebb051601052;29696;65ee3fa077a877da1f7132ac12a32d95fdbf6d1f8977d2005771be679c067300;5;0xC000;29184;133;512;2;0;2;13;1646861;639
935f7443e96af01a.dll;31744;0f553ec6ae44028c533e6e90dda11e97878f684006e55716f863264c0b44323a;32256;6a207a8bb3101c4f27191333cb502a1c20921e555a955c713651ecd4df2ef163;5;0xC000;31744;76;512;1;0;1;12;1647500;629
935f7443e96bf909.dll;31744;6adbdd50be5a6e1f8ea0ad8033a409e11758b0ce72ff52c937fd0bb9936746a6;32256;7f9be699f0c1d594a6fe9f5bd2f38cd56171e2e53682a6afefea602a50095403;5;0xC000;31744;116;512;2;0;2;13;1648129;639
936b7dfac31ac22f.dll;30208;9ab6592171ff789c237895ab949bc2e10b044bfd83053b01cfda7465a730fcf6;30720;9c4c5d870b4623c69704d76bc280fc3e8fcca69feff20af1afce02a0f0ed9acc;5;0xC000;30208;70;512;1;0;1;12;1648768;629
936df3c97ea8b9e2.dll;44032;2ef33f05e6c921f80079191dc3e8eda5898144852988c90d478d9fd78e788708;44544;fb2d3525075083b4616d66b785e570f5e41fd4334a2609f29eda833862e84d1f;5;0xF000;44032;397;512;7;0;7;18;1649397;691
938ac462bb78c090.dll;28672;3eb9e64834a142aca2405881c2fe505f4adbf8dd54ddef7c5cd277aca08260b2;29184;5a4c59788974ab10f94f423611012589e9d24e6e3329209ffc36d3335b209672;5;0xC000;28672;73;512;2;0;2;13;1650088;639
93b907baeb3ecdc1.dll;32256;9d5d2da29d4140ff5002465569c04dc58736bdef51262d00118d7000c459d3b9;32768;f42a0d16b0c8944d8368955ef438f9416375007fa4581c4dda0049ada53f9f54;5;0xC000;32256;67;512;2;0;2;13;1650727;639
93be0db2ec22d3d8.dll;31744;5a4db3636c845dc7b81bf7b7098c2c485f75e196a6549b1c0732cf584717b58f;32256;e8de443547fb0c2f7456b49bf01b20cafc1a31282066b519f10653767c4b0c0a;5;0xC000;31744;135;512;1;0;1;12;1651366;629
93d5d04f73f95c81.dll;35328;ca97011d6e1817eba95be8eb5e400426d538f23d8e50675cfb23b6ad083bb9fb;35840;83f75ad95004db006c568b9522447513e8184910a56b28b2888d57dc67068a27;5;0xD000;35328;172;512;2;0;2;13;1651995;639
93f2fabeacb2c9f9.dll;30720;f6fc4b5f1159515b7edde89b9c946d8ca2a7a73179d3d2e1c688001517022718;31232;38f24b40a778c9f71f4dd5f2b98f17dcf026ce77cb4896b3a7b8f51f372708e4;5;0xC000;30720;134;512;2;0;2;13;1652634;639
93f2fabeacb2c9fa.dll;30720;a8d2d2c0f2aacb9b655066dfba3bd480eca0150726e4cb96f5dc79761e735d2f;31232;79e2f966edea9a6aff0e8a659abcc0a357081acfd7d068d373ca4bfb03ac1f49;5;0xC000;30720;145;512;2;0;2;13;1653273;639
93f2fabeacb2c9fb.dll;30720;53b5a26ef6963f5d2119bf8c062d85f93aa425a2ef376e3e10b350a840b08c3c;31232;9df31193eab43b3b764596f00b64d7574e2f3824b03ce3844fafeb43b702a94f;5;0xC000;30720;145;512;2;0;2;13;1653912;639
944ea03117ea8923.dll;31232;114870ea076f6cbb2ed17aa278b306ee42e0f698abbe7c9d3c105dddae9a47bb;31744;773df2f3e8b531db85929b2a41553709f4e99b9fdbdd85fd1930e8eda0976e5a;5;0xC000;31232;126;512;1;0;1;12;1654551;629
94532209cad35302.dll;30720;cb65db6651c75fe5aef77143e0f10677f50d9d9df2269104e40c1ce2c6f6d292;31232;7d97e107e04a30a706e0671f706c879542bbc9170ef5811e5610ecca7c1bcfef;5;0xC000;30720;150;512;2;0;2;13;1655180;639
9453eb5a0a8eef8b.dll;40960;5f6855d6368b9ad7ea203abdee85b180934f9f5926ef632e757a7a925ad87cd7;41472;e3f645d4b607656037ed62d982e3f4d51422fa02fe6deee01209d9bd4a9a1b39;5;0xE000;40960;467;512;5;0;5;16;1655819;670
947f3bead7f0aa9b.dll;30208;226e0742cda31b6a750876ff1150f7219613aaa8eb24dbabd918409a07db0e22;30720;57657165f85e613b738fb5073db08fbb5ca0e3ae30f8e35ab24fb92c2029019f;5;0xC000;30208;74;512;1;0;1;12;1656489;629
948a421f60a1fe8d.dll;30720;3d76e9abfb2774a0de42e50bcd0edd84cb1050ec040b5bd0e8bd28344010a44e;31232;d5da1ab3c84561d88638d2d59caea7593963722f921d60baaeca6ed47d3723db;5;0xC000;30720;171;512;2;0;2;13;1657118;639
94a829bf1c56706d.dll;31744;9837b4c837083ec888c16c905f8dbd5d86ad9db55c6c9f34c32757cb95bf796d;32256;800bfefc7987c0f206c153175d0e6205062aa158bf7995b2c1f05eeb3ea56f98;5;0xC000;31744;64;512;1;0;1;12;1657757;629
94a8839050eb4346.dll;31232;cd7571622ea6edcc2d630c2f5e7f999d6485718d3ebacf7d1b53d06335639608;31744;a22747d32a8a0d3eaef88fe321f418e30ea13a40c1be4c5ac53c2b1fd53a0e7c;5;0xC000;31232;318;512;3;0;3;14;1658386;650
94c0336ef0c8db19.dll;30208;6b99b6c7940dbce0c9db6533d9ed42fba96b65af73956ac5e293b2ac7af21b4c;30720;eafd85171d60945f18e8dff5c3e4d6b181f430de11ec57dd3c3f9db017223f16;5;0xC000;30208;195;512;2;0;2;13;1659036;639
94c0336ef0c8db1a.dll;30208;24e763b146aefd79808fbf7bb38dbe7ffe60c0364003446586620f4fc160c665;30720;7f81e0326e0c3fb2e18a6b54aabf51476bbac258b76a05d45ecf9095307a95ce;5;0xC000;30208;163;512;2;0;2;13;1659675;639
95080d6193b6097a.dll;30720;6741f5ee0ec905750c81e256ba79888306b386ec8426ea1d3c90da6392b9c72b;31232;a811c1ac90578c7a0bfb7e1eb22ed57f278c4003df54b6468ebae837ef9e165a;5;0xC000;30720;131;512;1;0;1;12;1660314;629
9536aa1bc0d1b281.dll;30208;8ed35435f941ffb1680ab7d66fdf261751fea2a58def13e09448d6b864721c61;30720;7018befc07682ceee16c4010e3d668726e54aa92aa90862205ba398748e515fc;5;0xC000;30208;203;512;2;0;2;13;1660943;639
95650a260d09a2e4.dll;29696;3b2fc95cfa2f5fa0f49b2c58297fdd67709fbf09224a254ef63680357f86f99c;30208;34b2f4b9e1675d327d44eac734f785d1dd19d4eaf517ddac6a126752361cc018;5;0xC000;29696;49;512;1;0;1;12;1661582;629
956b2bc2ab156bad.dll;38400;5c91e67534a643cfab18e1661b1fe2e0d7c43de46e8f952bfd22cb95c4f50c7c;38912;9f7106b4f28238e2d86963085889a021ba8df50601c93e0abd170af1bbfec270;5;0xD000;38400;128;512;3;0;3;14;1662211;649
95750e9ab2afd70b.dll;28672;0336a3514e6ab990ff820d651ed91083fb4f47a28ebe6f4d22c9204eb972dd96;29184;aa53e38070b76d03cd4c87f9ccb68f70496c2050443930ae77caece0ca43cc07;5;0xC000;28672;89;512;2;0;2;13;1662860;639
9585ee943927a3b6.dll;32256;1e3b1fa7f808db0ecb8a4808e8a7f87f4346e0bb28963548a127a5449dc47aa9;32768;7f0c1da0ca0e254ca44997f960383beff40e15bc3e062c3b8d478bc7c6939a05;5;0xC000;32256;430;512;3;0;3;14;1663499;650
9585ee94393da3b8.dll;31744;0b2c38d91f6e2e7882d497212f5d42f477d16c4596805ffe1947e2cd62724187;32256;64622279b1439f8330aa0dadbc7cbfb47bd91ed0909cffb40e29b483862af2c8;5;0xC000;31744;159;512;2;0;2;13;1664149;639
958dca72b469c79b.dll;28672;0cd3094a35047d2d603c53362cbe158ccb2b48cc40698f00feccd405b279de17;29184;a6ed6045e351b9dd9f43a0456e4b92be71ab9bf2e6a6506de16a59259cd162ee;5;0xC000;28672;35;512;1;0;1;12;1664788;629
958f8c7175a0a8df.dll;28672;2472c08f04e242dc345181646a22b745bde67d56b9bb88b6c35dabc71928a810;29184;28c8c71a7852f54c99972808e261f82ab1cf20ea0023bf4bfadd6f7dee7313a4;5;0xC000;28672;46;512;1;0;1;12;1665417;629
9599215675b69498.dll;32256;4ff5775f6709f1c2ea79a599f6ea3f4276fb61e06b3aea098db9002023d9effa;32768;da40a949fd49f982ab8f4019347317c0d0544c0faef8155a39a138720df08be1;5;0xC000;32256;281;512;3;0;3;14;1666046;650
95b1c48a2ffe3c96.dll;34816;edc416ea5847d112ef0fcee7c87d25e0cf0625beb0abd6d4e6edd1bc651c1cf8;35328;8f25f525ce47981f06e748a9e16e22d49b8b1742709b2809ed34352e451a0f35;5;0xD000;34816;153;512;4;0;4;15;1666696;659
95b546bc538eabd7.dll;36864;63718b4feae0d0fbf6b50206e442fe244710d3d44e663e546aee2a964f456ccd;37376;c6252910c3f9726df5cb34008837a426db649607de7b97466c85be4d725569bf;5;0xD000;36864;51;512;2;0;2;13;1667355;639
95ba39a3bab0945a.dll;30720;2f2bf823f19f52a05b98117ae334702414f3a4741e2f510c8cb6758ee4fa11e2;31232;11c510602213278815d35bfb7a948236eb048f1b82e78a45bb162bfa85b78950;5;0xC000;30720;410;512;3;0;3;14;1667994;650
95c6b30e877b0189.dll;30720;a2c7407cfb243e125433daad3d2b10a3035ae716a6f201160683b4ad22702dca;31232;4b883d7845daf101b40ec1cefeea17b3a39d8080beb758342e47fff80c6e1ded;5;0xC000;30720;55;512;1;0;1;12;1668644;629
95cec9d49fe36cad.dll;30720;2068c501485e1fa8e06abf10827ac8f552aadbad75b33667eb4a54043e5c9eaa;31232;e56d136ddb4ada6a2c9df298f37b826697f215b8fb641835c3757d3a633aa55c;5;0xC000;30720;174;512;2;0;2;13;1669273;639
96060e45d4f6bd64.dll;31232;f0e0338ffe8de650fc64ee3b8b42fef12c5e954f28e9baa78494dab284770d97;31744;be57a8e2f65ff92fabb3f2eef1b4e27fa160975d4a43da7c3a2b7fb518464210;5;0xC000;31232;226;512;3;0;3;14;1669912;649
9622f42d74d83560.dll;30720;11227ca75cb6441bea987e23e7576d214309de68325e74ebd13ab5ab7c289eac;31232;e7b0c1cba0201f7adebd62428883935fb49e42e38d0625b3bfb9a652785aa492;5;0xC000;30720;72;512;1;0;1;12;1670561;629
962f787531685fa4.dll;40448;0c5f3c2fd97f09589ffc4a055b8c3a624506088fa5721a82a0c7183a4079098b;41472;8ea0253e9101e11669c2ee6a21f1a69160f617473e46c0486f4b8a370a36e37c;5;0xE000;40448;939;1024;12;0;12;23;1671190;1252
9638d6e53490b9b1.dll;38912;6cb9404694d9c6a22420cfb9623884b88722406bf2d73584ae252caae508d314;39424;d9a402ded136f5d6d376e05cdabe6b39bd44423ee94fa0865dcb00fc4b17803a;5;0xD000;38912;152;512;5;0;5;16;1672442;669
96398ed6a7478ae7.dll;37888;503795288619fd01bed1aeb81920351b83facb788a31859aa2a6364ffbc07ced;38400;7ade15321ab1ed88dd749050261f74c060cc34a4ec3629488b86f78bc6624cee;5;0xD000;37888;301;512;8;0;8;19;1673111;700
96462d44d3e10499.dll;32256;bd339f3eee42b13ffa1356a55f4e9a6e831f34fe7aa020fb2301f88e8b146585;32768;0b142fd962ad7563fc668bd8f0a26eaf63e47e5d2ab92c6114b0f604a82a6096;5;0xC000;32256;41;512;1;0;1;12;1673811;629
9647a47bb24926c5.dll;29696;f815b373ff9a90331597b226b8d5aa8d3a6bc9602ba7ded7e00160fccc440ec8;30208;16bb6b07ec88cb8c54272c4b4f6ff500691e137edf4756dddb3baf05b69a00af;5;0xC000;29696;76;512;2;0;2;13;1674440;639
967d284074f522ce.dll;30208;640ae707ca6be80f1165a8e8addf7291ada78156143ff5b8cd9e66f3c9358499;30720;b9684ccdbac17dd30b6cd35484239d3818063d19de6e23a1409eab853417e7d4;5;0xC000;30208;65;512;1;0;1;12;1675079;629
968af4b1caaa0634.dll;31232;a51b1a952a9c21a4e11fcda5074d0e188038af5ea9ff5ff91021299237f737f5;31744;9eed1028f24e5a3204ccd88d441a148cea3b49220d8119262e6996cdf5470814;5;0xC000;31232;143;512;3;0;3;14;1675708;649
968bbbe0513ea9e1.dll;30208;f772a88c07cb3f0e0eafe2fea0d53440b471ba036ef7b80041352bddcf4dd351;30720;42b2b7a42c7b92c869623a3eaeea330a485113f30ea76e7dffb1bb1276e13dfb;5;0xC000;30208;81;512;1;0;1;12;1676357;629
968bbbe0513ea9e2.dll;30208;078f02b88254262dcd36a8e5e5c56be3c6cd9b3ec01567c989cc74011569c120;30720;9560897a923d37a48e527115961a6a1df054e2fc3a8e5434aa772e25f22b93fe;5;0xC000;30208;87;512;1;0;1;12;1676986;629
968bbbe0513ea9e3.dll;30208;eea03ab6dac27ebb866708c7e4897b9ff871c1b7bf24d2f41db6cf845ecd4edf;30720;0551687ce6339e5caa968fcc749894054c5d5a806124cb453305a292b0d9c0af;5;0xC000;30208;71;512;1;0;1;12;1677615;629
968e126c42d277c8.dll;38912;707f8282819dd69b333748a1671d7b52c5c04a4c549411d9daaff499ef34f275;39424;4ae9bc383ebe81f13b360b82f64f48e68107870385297b114e6320a72d753bcc;5;0xE000;38912;114;512;2;0;2;13;1678244;639
96aafdd69ed5f018.dll;31232;c5638bf2de485043867e5d8814159b350bfe6fc10c430cbfa8d3ce48010a6142;31744;0882d094cf224283d25d2cd3d9c7975dc3550809fd4077722c1df8f13b7b93a2;5;0xC000;31232;314;512;4;0;4;15;1678883;660
96aaffdf90cbca14.dll;30208;6a46c048686c7a7e3f1aa7ffba6b0c62270f3c4a83fad24a0010eada618c2194;30720;ad2d9acdfa52673b3c719a33f57f9b5c9d3399132e1997bb8a76afed71d35cd5;5;0xC000;30208;141;512;2;0;2;13;1679543;639
96b1c41123422668.dll;31232;bd5d62beffeb16d72d01ae8444c922cd223a8f419bd1d1d99f71f873fe8a1e10;31744;13b52c8db737f917e4f35434bc09ba92b0c0b10596aafe32b7d6d06cc08698f3;5;0xC000;31232;135;512;2;0;2;13;1680182;639
96c8bbba164e510d.dll;30208;d46eca15b55bcc30717d7cb5c0ae4b357513e97dd6c614c39cc6edf00458df7b;30720;8bbc7ffb0489619da7dceed614ba3c99a9507495e294c664c4e2f9979bacfc48;5;0xC000;30208;73;512;1;0;1;12;1680821;629
96e3e3f01e463523.dll;42496;c31aef8c12b4e6beaca0892c02de548178c74a1012e3886bb0d5de5f23fd3984;43008;f4f66c2fd4c8fedea7f40bab1c8cc05a7c35476ad511841f4e2dad3cfce2e0da;5;0xE000;42496;441;512;6;0;6;17;1681450;680
9738c76331ca6933.dll;30720;d915243dea2e6f9ccb74738a7de76e4d7cd2b4e763d3e138880874943e1cc4d9;31232;7fd5031c438897a705dcd1ce306f0940579ef86201d157b1773c7c6fa022c089;5;0xC000;30720;58;512;1;0;1;12;1682130;629
9746ac9be34e96cb.dll;32256;9afd77ead5f66774c13aa3048b0ad968125cc12859a2268560d7c9e8dd13248d;32768;94388a36601cde76535c0d24c97f0eeea787695410e2a09a59ac494586d1d2d9;5;0xC000;32256;47;512;1;0;1;12;1682759;629
9748ba04aa5b35ee.dll;34304;1e1fdfbd269bddc5a9c756832be17286b7fd0287408320e2b25f3ca5223d2c65;34816;32d319a0d065a4f0b5c7865c85b5379650026d172f885b869c9e8366315b6115;5;0xD000;34304;116;512;2;0;2;13;1683388;639
975b3879927b1d78.dll;30208;6d3fecf5a5def84563e8a3f71e7078d39b9fc1428cfad6ac141123b88dc2b325;30720;a8095d526c19fade38459d2e434f6c75aaa22fd1c11030d22a2ec45e295f0419;5;0xC000;30208;163;512;2;0;2;13;1684027;639
975b3879927b1d79.dll;30208;e6571cea9163cc82061cacecc38072ad5aca0b6d2e0d45719a71918ac225d7ee;30720;96c75f394c2ef5e349d9d25f7c39af755b967482aeca95fe3a60ab8b7a37cc57;5;0xC000;30208;136;512;1;0;1;12;1684666;629
975b3879927b1d7b.dll;30208;a0e89ddb5f0ecc28f964e95fa05e20cd4e1de81234012918cef4619fe9bda8da;30720;4ae229a471cf0f28505e364dad5f6aa48bd24fa0470bf006f4fcdf88969515ca;5;0xC000;30208;79;512;1;0;1;12;1685295;629
9772f5e6c872910f.dll;32768;3a9bb3b82d14e0a27ca52afe616f997c32c1c596c4e2d40f624d54e11a49a9fb;33280;1da8d4499208ab7a68a95d4a58c224f2db57ee0e250fcdfa3a24279c679ce87e;5;0xC000;32768;226;512;4;0;4;15;1685924;659
9776bca66fdaa9e2.dll;29696;96cdacea689972de1d08be86d82c04bb37d172b425b098614d71191f4aa30375;30208;815b757fb14cada7c91b7e23ca47f647de2e0ad6add6da97b6da7ea5ab4935d8;5;0xC000;29696;63;512;1;0;1;12;1686583;629
9793b4132153f551.dll;31232;60ab4155317895e96b2a52ec212245c828edebe08f10b4cbe234360c30cccbaf;31744;2ef15b511c41bf6efb1d3677e7f40619fc8590a4ed9f2ac88bc41fe07931c4ba;5;0xC000;31232;199;512;3;0;3;14;1687212;649
9793f14b68879857.dll;35328;cdf2c823c7ce5a15721be2f072c0c9e8afba256251353ba1a8de2b3b2213abbb;35840;12ac5b58c30e2f35300e94b388bd73138fc54ce833d6a6b14f5aa0ee4cd84844;5;0xD000;35328;106;512;2;0;2;13;1687861;639
979eb66f9dd3c1b8.dll;35840;badb67cae722ad88d540d5febd5f86f5fa98bb2dcadaa33db47df4dd2302076f;36864;ed15e045ec93ec604d482344a2ead27e590e172706e4961844b890f6ccf50f58;5;0xD000;35840;569;1024;7;0;7;18;1688500;1202
97a841ae20f9054d.dll;33280;ce1ab7c31aac2dffa083adb37fb165a387afd2828f0f88afef91ce14ac3ab3f0;33792;5ab0651df9597ee679d54eeb7ecd863461af37cbb734b749016aad1a08216736;5;0xC000;33280;254;512;1;0;1;12;1689702;629
97d9e868bcdfb890.dll;30720;24eeedcf6a8cba698567845ae389f90bcc7aebd62d8ce2d9f03f2794c1ecc3b6;31232;8ec8d2ccc7c7956d37f91f04a2af0fc479eecf23df8c2a78b7bf11b582484880;5;0xC000;30720;20;512;1;0;1;12;1690331;629
97df3b96f599fe1b.dll;36864;6688641289f7b1ec07b592bc7677360cbd7c5c8adc536dafa6efea333d59e43d;37376;5d0eacc954908dcf81f9c2d986a7e27a963bbfbe27c7d8b5bb9dd681e36fa44e;5;0xD000;36864;55;512;1;0;1;12;1690960;629
97ec55c878f6b0e0.dll;30720;c5f16758b31a7ef8f3a90f8d9870b36d9bacaa739470ed26b62fdd95230a31ee;31232;eda997874987bfa888afd8f24e9b9c6cbd93ab1d917e0d64a18d47d8331b17d9;5;0xC000;30720;63;512;1;0;1;12;1691589;629
983e97e357aa5a1a.dll;31232;b66f60b4703a2f3fb90b6d60d2d2b5462e52b966433e73669f886d8c47fdfe04;31744;d43b7bb7e0ab1f72e53d9ea99b244a1a8cc9d655665d2164d3d94dfbce5b033e;5;0xC000;31232;20;512;1;0;1;12;1692218;629
983e97e357aa5a1b.dll;31232;fc4a55bee6bd69b890a8add09c22fd0f56c53defc3049315ebeca3d840640627;31744;f4e1eff620820a75cd53479e469eb93e91a7bd87a479af2c8c53f37c08b5a25c;5;0xC000;31232;18;512;1;0;1;12;1692847;629
983e97e357aa5a1c.dll;31232;fbbfbb7cc87baa0dec2060d15a5c18dcc0ee1905cd1368c89801bf6feb8c6bad;31744;70782cc37d016a2b446797230bfc8f04d00f88b3d101fe70de80df277fe4f268;5;0xC000;31232;14;512;1;0;1;12;1693476;629
983e97e357aa5a1d.dll;31232;1a01f7437c32aa7b768ef5fb3743f37c3c724cd7abffd421748a13af781cba8d;31744;4d85f789fe7218522464b3c67bec83b201a4b9596035e53f14f696b46d954e6a;5;0xC000;31232;19;512;1;0;1;12;1694105;629
983e97e357aa5a1f.dll;31232;56cf6d8bdbb811df33bca4dc836f9021ab37b46821a8a7e8bba576bb5dea597c;31744;96feb58cba570991a6043eced28ea819189fdd653edb396751016dabad2a2b20;5;0xC000;31232;12;512;1;0;1;12;1694734;629
9842e8f711a003c2.dll;30208;e485b9ac07e95586b9411b8af14854361ef2efe360c8ea6b9dd50e0c3de23bba;30720;76ca09f8a5c61f0f1f2baaadd5d24f753864dc24f5387134b9edabc5ded32b14;5;0xC000;30208;29;512;1;0;1;12;1695363;629
984cae11abed9798.dll;30208;26b9f3bdf50b5a929f53af881008fa2f0745c00cf4129144f416d62a12eb7681;30720;1ec76fd97f00ebe0c102074814c0ccc65a4c85770f046cc2075df4dec80fe541;5;0xC000;30208;113;512;2;0;2;13;1695992;639
98513274c45865b1.dll;35840;14d66d32b74f7a10c8a0edbb6553bf74f10168999b36c6468f4267f16d383d5b;36352;81bbd017355619a6a307441bb82bc81cd0a77ca385d3af15f2aff5f3fb22e4ae;5;0xD000;35840;95;512;2;0;2;13;1696631;639
9861286cf55ec199.dll;32256;11c24ddcf6d0f7a1d093691df0c1ef6d2e5a25fe449269ebf04223b47eb3867e;32768;a4d8d7a1ffb31042b0020c3edab38e68643651f44c2ccf977a0dc09652925ec7;5;0xC000;32256;80;512;2;0;2;13;1697270;639
986cf44af7a691ca.dll;31232;1b3f7f0952115be66f7c73b9e4e06ad3cb930c1d983b67bf054a7f850fbd9497;31744;a13821b7b25c40cf2332751e5876bab342c463fc5e47bb6b0160736b9f743727;5;0xC000;31232;129;512;1;0;1;12;1697909;629
986f131ac26ff8c0.dll;33792;b3441b529b91667f7b95b6bea9ffc7be064a48fac218bbe4cb26cfe33ede5e62;34304;ff6a9909077294d28fa019820eba3798eb21981dbb203d4882416ffeede42337;5;0xC000;33792;156;512;4;0;4;15;1698538;659
987ca30f76260ed3.dll;133120;86dbb854528c03c3584aa2de5e77f8bdf579ec418c984a747358f52c2cb48ee8;133632;96b78bc9fee3b5a1955e24119ad54a2b3eb98ed69cd44bd76d9c7698811be5e1;5;0x24000;133120;116;512;5;1;5;16;1699197;675
989399de0a7024d6.dll;34304;b9b4b5e607309f8808837cb2b38557476f35e9aa3d635f9a9ac269d9c5193b08;34816;b2c25b47958525255b015263b44ec5f8f5b6cd5aa179bc6ec234dddb6486f149;5;0xD000;34304;189;512;2;0;2;13;1699872;639
989618594cb6db07.dll;32768;2ec2cf19b526e665a7d19e85d4d13d0180e6a69ca2fdd3de63c8804a95108f9f;33792;21dcc14d17571dde351850105d5d4e9a517266f7dd6db5d1b0dcbb83f9832c95;5;0xC000;32768;595;1024;6;0;6;17;1700511;1192
98b084463a212504.dll;30208;5609d7156e8d6ed14e19a1748ff3eedb6a1fcd275b2acfe236507c70a46bc291;30720;8ef14cf26b4beee15469ac7c735a77052f728e25207980e9f93d08f6acbddcf3;5;0xC000;30208;81;512;1;0;1;12;1701703;629
98c063e955a87ad1.dll;35328;80d44eb988b42d565116d1d9849986c57fb82a3c6e426e3740c5ef3e24aeea68;35840;4c978cf8765171a924ab931c12668fcdb41106137c8dcdc90c3ef37b9c8b89b4;5;0xD000;35328;29;512;1;0;1;12;1702332;629
98c063e955a87ad3.dll;35328;de8fd306ef9854db5178532bb98e1f8f0227596b899dc045c1ed588b545df9b2;35840;fc20b28c8766662175b787696c878e766a550f055047ebfca447fa981862f5e9;5;0xD000;35328;23;512;1;0;1;12;1702961;629
98e10aa8143b86d3.dll;34304;d67db0b454bc6d30c11183498cd95e0bdafa914978a729754918413c949d6686;34816;e0c71fae4f7d614ff2d994d5d3a19c05fe003af53da0b00fec49e731b55d7131;5;0xD000;34304;123;512;2;0;2;13;1703590;639
99082043274aca4e.dll;31744;3f04427cc461cd52b9e6a640fe3f4fa550e3a6461a88dbef12ebdc45913edbec;32256;5e0b0e25ac23d527d7df6795558077157d03c5c6ea9f266828045522d8d29b1f;5;0xC000;31744;280;512;3;0;3;14;1704229;650
9909bd4a55b68f2a.dll;41472;a6db5002ea3f76e85dfb8f0657dd4ccab8446bf6ca1e1e754e0cb08afc711c6f;41984;2ff139c632e7c0b5accd3294d5af00192b2498d3b34558a42993b6bb1a1eecf3;5;0xE000;41472;357;512;6;0;6;17;1704879;680
99253fa222a85558.dll;34816;244e09abc938881202e1d5a40d6ca795196cce9715dffa93ab04267fb95180fe;35328;23ceb2755bf8327ed80cf8139375aefd3ef89223d73f88c3388f0880d53752cd;5;0xD000;34816;234;512;2;0;2;13;1705559;639
99273c385bb7584a.dll;44032;f8e1b79f9a1c96b0eb032c2aca1a977fd34f66c66fe400b3981cc7a950619b33;44544;a3035848b1b17e820129ce2ecfcd7f818596aee87802bc3adbd53841409c924d;5;0xF000;44032;222;512;5;0;5;16;1706198;670
994795683eec80e3.dll;32256;46dfd7285bdbc8969b71ab0d1e2a40129b79a44eff4c73b3b30817ca2d48c742;32768;5cdd4765b1bbe2a33b1fa0a97e250689ae696c450af05b4c50c488cea1553448;5;0xC000;32256;30;512;1;0;1;12;1706868;629
995ed42708e80190.dll;30208;45a215f66ff1e4178407329358f7699c9a9bc6a310f2e78466ef3c2225c2315d;30720;e6af845f1c3b45c289056ff282790b4a29d1ebee6adea640454d3fafe0cea182;5;0xC000;30208;148;512;2;0;2;13;1707497;639
99737df93f58d510.dll;31232;5ec0fe0449f51fcc56053515547d83378a532ac34c5a2de4f9c5ee7ba65d0155;31744;b1a78a241634901b0f9998f1b0678f5a19bd6ee976a5a6cea92f639fe2071fe9;5;0xC000;31232;272;512;4;0;4;15;1708136;660
998599b88660ed51.dll;32768;4c0e8d91492e52f55bf9e34254cb7e6ced503c1a8b2c51a6074ba2783edbb0e8;33280;79bd0bb937aaf40e0d29976ec3610a026fcac379fa58fd3589ee37467f2b03f0;5;0xC000;32768;125;512;2;0;2;13;1708796;639
9994794edaf1a5c8.dll;31744;9d8889dd8af043e1e1c487bc9930357fba1f7ec0432f7af1a5abd21d60a17171;32256;723bacdfdc73aa72f049daa326f1f7529ec92b9fbd64ac6380698555d1c6df98;5;0xC000;31744;435;512;4;0;4;15;1709435;660
9994794edaf1a5c9.dll;35328;2f787dff5cc816324de6c1e882a8841c6a8ca44ba93587f861f7127f6464563b;36352;3e3ef93a34c9cd7472856e54145555e08d89dfe50a8a7f7bb52fa3034f4bb03b;5;0xD000;35328;661;1024;8;0;8;19;1710095;1212
9994794edaf1a5cb.dll;31744;5801c786de48b87d9d626c6e778e594380ca4346eabe7cb5e8e50bb674563034;32256;cc8b9b0817a1dcbe73997af3cfacf9cb05c4987610f94f820f597d7ecf468cc8;5;0xC000;31744;254;512;4;0;4;15;1711307;659
99a0fbc0c9b1279f.dll;30720;e61d3cee9364397abb02718c31ab5c5eb42e33eccf9d6b7803401a20b45d2887;31232;53ea27b92d0534e3992c75fd98e4135f11f1b809fb82dd88886986d0614f030f;5;0xC000;30720;309;512;3;0;3;14;1711966;650
99b389d292acbc4d.dll;33792;20ad3ce51dce97f7b049a9908463d8bd7d01cdf7e2d840c51b2f20985ae9c102;34304;bb2f8a174f9a3cbb3ccd0d83f734a1d46e754b9f6bc183b95216dca36bd8d98b;5;0xD000;33792;56;512;1;0;1;12;1712616;629
99b389d292acbc4e.dll;33792;0d815f47787cef69f8a234225c2a946b17b6bc57db0bd5338755878ea5a61e2c;34304;2d7a958c3a4de7d4679f94bc3867aac49a90c1cd91bb60e1bc68f32c037833aa;5;0xD000;33792;36;512;1;0;1;12;1713245;629
99b389d292acbc4f.dll;33792;14600aa1767869205b6eeb4521384bc6308dde232a136fc42715cfe041a36446;34304;ec88bad6039026e01769edaa8479575bff7436f0f0ca91ad8882b2698ebc1e20;5;0xD000;33792;58;512;1;0;1;12;1713874;629
99e8da57335492a6.dll;34304;c041a734df82f518bebbe8649e0ccda516cf3432375ce4c60eef6f644e312394;34816;e730712412abac1e4b0c758f10e38e95c9a3565208ee75156d12ffa74d405406;5;0xD000;34304;23;512;1;1;1;12;1714503;629
99f30e3e0acd163f.dll;34816;83e9acaa3297f7a74a59c1a1106d151a457c12bbfc4f13ae0360b1f00a28f64e;35328;fbab02f8893ab1e06e4362623532dd633efae58c409aaa8b0e5c737b37528a1e;5;0xD000;34816;505;512;7;0;7;18;1715132;690
9a0b1ab1d269602e.dll;30720;74166502384aa30ab2ab745f9553c7d62ff37fde1064b96de8c19fe0c4f3b841;31232;91ae3d83b173ef55a6b3f6b1da44275bb2ef85d5552da52a2b1fbb0de3dede45;5;0xC000;30720;54;512;1;0;1;12;1715822;629
9a69de704d616c2e.dll;30720;b4cfb7128cdee19fb21e03567fdf8f9df8e568d8c17a21c62fc49f517dc02a3a;31232;da4ce329fe745527ae933fff959b2e6eccd5e67b5436c4629027c520ec681537;5;0xC000;30720;126;512;1;0;1;12;1716451;629
9a8184f1cb783245.dll;37376;a8b269d295ec1ad0d43730b29ad665699005a8921f3f95a33a859bc47e9e2b43;37888;c850f32164e46d89fbac8f5924b4ce4cae4474fc6b7a98df74afbc465f940a4c;5;0xD000;37376;324;512;4;0;4;15;1717080;660
9a8b7babae61fee1.dll;28672;843ae7e43af5f9fcf8e3304b310ef02ab93c654f73eb4adfd7b78412c5dd5a4d;29184;7553a0abaf09d67062599a3d5526a42819eab9ec02fe06fc33e86e5ca145f623;5;0xC000;28672;32;512;1;0;1;12;1717740;629
9a99f4f049d416dd.dll;30208;b1edbc2870876605e494e0ec588566b977d7ccaf14ad0d1656fbc33bf8520e1e;30720;71d1d6652c521c9c58099c536c2672ba02af6242a2994dce03965ffcd2ebe586;5;0xC000;30208;90;512;1;0;1;12;1718369;629
9a99f4f049d416de.dll;30208;387dfb932129b67b73a5b3ca15e209c0341bdbaf4ac9e6542e355743eb4c85b3;30720;ce7c63b07494c4151d5814cd2ee35d50cd3da9f4e71dc527e2a713c0b10ffd5e;5;0xC000;30208;87;512;1;0;1;12;1718998;629
9aafb83bad6176cf.dll;34304;50d11e5ed9fd0f61dd5f5419fb08f70f35523ea5b65a4ccf158d2690980132a2;34816;27cd2a1d03ec79132e137c4546a647d2ea76048c8b47b734402c80d6997ce396;5;0xD000;34304;57;512;2;0;2;13;1719627;639
9aca07e0b70a6f8a.dll;39424;a1e2974784a6520d6469bc5cf7dfa762fc5541602318d6e914249a24a930e41d;39936;8bd5386506d76861cd02e1261e059d6e97fe3019b75dc28b4fe4e3f2d159fe2f;5;0xE000;39424;150;512;3;0;3;14;1720266;649
9accbec157c9ad20.dll;34816;767e71b05b6eb1b5726d29cbc62024f45f85fd66b8cb99d4ea8875926626013f;35328;a5ff308f36957cc034e619633ca4f73f2dcfb32e89b7634f35edd10b00ddb89b;5;0xD000;34816;214;512;2;0;2;13;1720915;639
9ae6494c12177cc2.dll;30720;c6399cb033f269f6023d5ec3c7dfb81aeae29e4285da6703cb81d1150a440d69;31232;ea0e2af19e0ad7ace0a9e93f5ab982ed2d8ccb2f715ddf41afb24a6c2b66f778;5;0xC000;30720;142;512;2;0;2;13;1721554;639
9aeeb046318220d8.dll;32768;6d425e797b9b034bbd886754c00d9366104f761dd3b43d642285cccfa477208e;33280;50acbd8226e53b2a766a578ddcd62069f929582966547a067e2d333c02ed2351;5;0xC000;32768;61;512;2;0;2;13;1722193;639
9b05fb76d6e639f4.dll;38400;58fcca3165a93416719f0a9f45e0054b10c9f617df4006b840a7d2f1ed2ca0a6;38912;a6c7df9cc3443a70fe62604667fff1a89f28f7a1f898252be148eacca14822a2;5;0xD000;38400;286;512;6;0;6;17;1722832;680
9b31b532d9b7a47d.dll;28672;49cb6c9e0046c7b79397a7aaac21f2a95ca052f5dafcf73aae26194b9253bd5b;29184;c6a363b093aafc45a3914ba299995485d85d1969135b9b7fd7e14ff49b46aa04;5;0xC000;28672;30;512;1;1;1;12;1723512;629
9b36a8a69207c9ad.dll;37376;5d645d54490cf46efe41bcb743bcc6d674e9d209c0fba1d2906f51de7dd07bab;37888;f9f9f967d760ca11bed60bd57d61afec62261ac96302aae7eaf6cb03b25d8c21;5;0xD000;37376;96;512;4;0;4;15;1724141;659
9b426de3ca63e98b.dll;30720;f9b94fa15660e4afca57235de169598e26b17f88da432b3a05a212cf8e6720b7;31232;5db167f0dcba75ea6a412c6f5756509400826437cfe7d379f469b6b67a172096;5;0xC000;30720;58;512;1;0;1;12;1724800;629
9b49ce31f38fa3e2.dll;33280;a6b557a1d3f0cee13d2763ec55edce4671515913f8a332712fafa1e5737c1e00;33792;2c0727d12de0911114c41ba3559ac763821de3e5935d1189095e1f0584757c65;5;0xC000;33280;305;512;2;0;2;13;1725429;640
9b58f588929b9370.dll;37376;71bef2c869a992cf605f9be94a68c88a31263a0f12f2dcb02e153560a75e0e70;37888;6372ee876f82b817d4112604b6dd4fed4742f10a617dd7fd75a005bb97319db7;5;0xD000;37376;197;512;4;0;4;15;1726069;659
9bac16a5955b41a9.dll;30208;7b8bcbc214424fc7643837bacf47a49f525c86f6daa5eaec3d2628f734671230;30720;01f0d26e8d89c71a21dd93bfc1480b5f407bba406719cd9a3d9ce44060b23e7f;5;0xC000;30208;61;512;1;0;1;12;1726728;629
9bac16a5955b41aa.dll;30208;9c0ca65af7d1a4b718251acdd04a309673334490615ac99009b06bd683b161a4;30720;8669cf7b2bbdb95d634068e79d136a95e935477723cb73c953cbb65cf9ca20a2;5;0xC000;30208;93;512;1;0;1;12;1727357;629
9bac16a5955b41ab.dll;30720;00cc4b94a77aa9442e2fc27f82d6f2b44fc1cfdf67608403a448d9f42c6d0481;31232;8509ed90997c0969743ef3a284e900976f4857df04abef7f441c0a82b608a044;5;0xC000;30720;161;512;2;0;2;13;1727986;639
9bb38e6311c0fbbc.dll;31232;c7b38d690c4c0513dee797996d07d41319af9e73b8f45429f59bdf340fe44f93;31744;af3b9453397eaa81c7be19f7bd896cf69c7af3fb93fd90ab13786ba0c9ac50c7;5;0xC000;31232;111;512;1;0;1;12;1728625;629
9bc5ff5998fa940f.dll;31744;176b61e510e9c28d45e081c142e40eda9869568e6ec8a25ae9c6d3072e08997a;32256;647567c59329d9ee098d7fdcf7043bc4cbed9d93066a46b633aed507a1461081;5;0xC000;31744;62;512;3;0;3;14;1729254;649
9bd3b09201076985.dll;38400;61dba914acc1bd44dbb34bcf51679dff263757770ba4f87ea59b9c34f61ed8ee;38912;f8710066be879366a9c01d0142bc2dafe2d40b593ad9c784ab5c4100edd54de3;5;0xD000;38400;150;512;5;0;5;16;1729903;669
9be325a516451fea.dll;30208;b2aee7da3efbef51f88d4a26ec1d7ffc33a89d6bf13edbe6744204d614d8c7de;30720;7eb436b4928968c4548d68dec7c67b8cd58260aa7e2bea12dca52a1a658ae98c;5;0xC000;30208;91;512;1;0;1;12;1730572;629
9bf0aef9bae7c3f7.dll;33792;13ba824494509ebd173a6b7a35f2d6a905056f0cdbb094246e4fcbb07cd39835;34304;ed3aeb9a26dfe91d65647d8ba118f2f9a1c48442ee85ae35075de8794d9ab185;5;0xD000;33792;353;512;3;0;3;14;1731201;650
9bf4b9bdb5ac1bb8.dll;32256;b7a7f405a42a5acd7ab40917240b9788a8446213d97df18ebd521d274797c8a1;32768;b3c621924aa65bfe9f61be04924a173ee2b3c379215156ffde31a6d8fdfb1c9d;5;0xC000;32256;27;512;1;0;1;12;1731851;629
9bf57ee7f9d8104b.dll;32768;8c21ae4d01a7177fa217a9b7b5c0195b9acacbdf5f490c07e0b5a15aaf2a3844;33280;f2a10b5bd559a2551ee098e4cd5f86157d56810d2b57dee639fab29d009037fc;5;0xC000;32768;165;512;3;1;3;14;1732480;649
9c0246300d073c73.dll;31744;905367a92d92fc389d6534ec4075e6eec63809da105f4af0b67c0ca6d878523b;32256;a569f3c3bd1b2a8f5b5fa862833f2e4744f88d0eb32490c749bf6046a2557fc9;5;0xC000;31744;66;512;1;0;1;12;1733129;629
9c2758d9f3685ad0.dll;31744;d1c40d7456956a4cac696eb45cff1ba9841fdb19d5eaa3c2ef016a4a79c623a8;32256;48eae85d858f7486c2c7da9f8927b463a537326e17885430b9fff0409660a59c;5;0xC000;31744;171;512;3;0;3;14;1733758;649
9c3a162b52f506c0.dll;32768;d53145ec06b8a86349c3052575042de79a122a54dacc5a50402ef895046f9e25;33280;ee9dcc14badb754c428cc653055aba22753ceb36231c596a91d697123dc0dfea;5;0xC000;32768;295;512;5;0;5;16;1734407;670
9c5f9fe6656ca8d1.dll;30208;ff91c68bc21ff195cfe3559199bfa224ce3a565013269403545cb630887e4353;30720;29e960b09efb6cce9694605ea60bc357ef1a7cee6c23f68bee882e669b38456e;5;0xC000;30208;46;512;1;0;1;12;1735077;629
9c6b5578406e985c.dll;36352;026f6aeff100573ace4c6305f87921fb7fdf74d7fe33189acbd2834dd416d295;36864;dafc339b0bb77b9dfe711809947a67e1403ea775ed006db52fa85d6e5922c9d0;5;0xD000;36352;88;512;3;0;3;14;1735706;649
9c8d2503638fb576.dll;30208;df7ceb6719402b248072599b372d7797edde48704e8d73839506e7cd542f3b06;30720;ea1c8614575bd6555569baa41b647fbb20aaec299f747020181cbf689c61159a;5;0xC000;30208;78;512;1;0;1;12;1736355;629
9cb2976bf5349ed3.dll;37376;ff9d6da5864cda72f5317c3145f28b8485fa1ea25f3cf9b7e536a61d7ec802e5;37888;280c72cba0da13a665c51a6faa7bf5c1b39cf4433bd75b7a672ba697e7f7d68c;5;0xD000;37376;22;512;1;1;1;12;1736984;629
9cbe28509c664fc2.dll;33280;728582f65edc5e6e544f37e98ec2741f47e5f8086bfd518eb6412f3af740360a;33792;36222687e66b8ac5c26053fa8f0c4c01db7cf77ea4e2e6544537e2e3baa14c26;5;0xC000;33280;39;512;1;0;1;12;1737613;629
9ccf2703dc8ea3e7.dll;33792;40bbe4fa2684e1713b2d498056617ad239ac19e090be8b5174c682c0413e3193;34304;78f980cde9af41761557ffd64ecda7e88138e31ab1ac75ef94ae550af186e785;5;0xD000;33792;29;512;1;0;1;12;1738242;629
9cd1d417aeff06fd.dll;30720;6f6949dcc68f27b41be185ed6cc3f9f363e60e10bf62ffb863d1897fae334bc9;31232;780c4dd90f7e001bdb598713056c0cb34f0902152e27cc07ee39022633bda23c;5;0xC000;30720;143;512;2;0;2;13;1738871;639
9cd1d417aeff06fe.dll;30720;bbd7f665ac4f3bad11b10a3645344350eb504463022624e548f65b31220038ee;31232;ae999efb622d0aecdfbe9dd086dbd020f98d3e907207a26f6514f6b1b5ef3338;5;0xC000;30720;198;512;2;0;2;13;1739510;639
9cd1d417aeff06ff.dll;30720;8d13e1a9f46ff45b127443c5a267b941e16157cadc535d72c3959107ed1807b5;31232;db1a5feedfd824751604707f24aa7261badb7e5ea21a950e42e67b6c79ddebdd;5;0xC000;30720;112;512;1;0;1;12;1740149;629
9cf764bd0511a8e7.dll;35840;9149841d0fe01c19f31a2a87b4626cc7d5d080ff678fa5b82c06c5d39d3f4b08;36864;3b30f041ad7c8f29bf9369b51234d07f58c8e4033846de2809f15d7f88bd9d4b;5;0xD000;35840;551;1024;9;0;9;20;1740778;1222
9d07517354a5ac41.dll;31232;58e6b22947aaccf9a303ea55b0b2381090a5fea952a13626051eeb688e8b166f;31744;48112b5e4083da28d1b3d5addc77b78d45f7e6aa9b3dd899a5e14011831cdf4e;5;0xC000;31232;161;512;2;0;2;13;1742000;639
9d1345d109889f1a.dll;34304;5bcb17e98c50c41c83e87f297bc84abaf05ec63f1e8a04a7dd67259ee3c51f00;34816;d6132e7026ac83701b668c0cbaff40d5d37d2821b648e86235df50f3ea566ef3;5;0xD000;34304;219;512;4;0;4;15;1742639;659
9d1e1ab704052e6a.dll;31744;42edb1f8adb9ac1f1f9a42297f4897cad706607226b81e69019c5a4401ca19e0;32256;510edd575205250683c2bd761a0b56991fb8f3b0faf0af06f6cd9399488ef451;5;0xC000;31744;124;512;2;0;2;13;1743298;639
9d2b6a7e56776a4d.dll;44032;d4bad2d8e339156edc331d4b6b541163348892243ed1ef71d2caf81dd164cd67;45056;8eeae75fbc5ff6adf05a19beff2f04674ba2c4914bb06b06ae065cd2127b4fdc;5;0xF000;44032;555;1024;13;0;13;24;1743937;1263
9d64c7ff2a403c09.dll;34816;c0cfd2675fd4d82e04030eb838848ed791c6b27d2dc5c9ae954654743aeee08b;35328;3375c43c2fc9581cbdde64f29126eccc514fa0aa610fa1ad1d7cefbd044f33a5;5;0xD000;34816;178;512;2;0;2;13;1745200;639
9d64c7ff2a403c0a.dll;38400;b6fc051df8182df480a5160ce878e3f88c65c6e07baf08cfbd01f97ff2ee915c;38912;0767ab41ba6718588f72244319b0a823e06c8ea1f6011d606ab41c33df41891e;5;0xD000;38400;251;512;5;0;5;16;1745839;669
9d64c7ff2a403c0b.dll;35328;71bb4df5c0adb506cfe64d54749f9ab892323235b7682d1477af1adecdbae714;35840;ecee2d1e81bc85feb9dabdeea18fcc30dd1a7ab03fefdf61190f7d35792b2b6f;5;0xD000;35328;228;512;3;0;3;14;1746508;649
9d68ee619a388de8.dll;38400;cf1d028a16fd45dea7e93609758f46101edeba7e3475a95050ea8b51dfc350cc;38912;b7466527fdb32840448cd472f4958e8ff38b3626b356f8b8f1476eb114eed1bf;5;0xE000;38400;247;512;5;0;5;16;1747157;669
9d6aa46f0738c19d.dll;36864;0ed051e53aa0f69d1337036fd7d91f609247342dc7dcf01c532810ccc68b3434;37376;d8b9b1b9c18003f6077db3b39444d3f28ac755ac51bec693bf10fef69af39d66;5;0xD000;36864;47;512;2;0;2;13;1747826;639
9d6aa46f0738c19e.dll;37376;3de860f03c91d0e829719883f2b43d3eff68e9f8e1cac8cedd446c8a5a3b4385;37888;666d88c67e70ddd7b8228f20dd0bf4ccd62a3d160a65f67d621400a0b7670d49;5;0xD000;37376;55;512;2;0;2;13;1748465;639
9d84fa8020fa8ef2.dll;32256;2b0e36e552576a3d66f286e51ddb0999ed14a8d91ebb7d62f9930d8cd0a0bfb4;32768;c69fb8113fc6a3d15a64730a42920c31e9be25be4d2577a1c5900b6d257cf94b;5;0xC000;32256;266;512;4;0;4;15;1749104;660
9d86caa8a9afa813.dll;62464;f6a49232f9049c2a1b85efdf47f72b8fc89ca8ff48f48980add7de8a77a839e4;62976;d40a9412017834ae1208e7bc3b295c3addfc24c79a746619af17015a0577cef2;5;0x13000;62464;57;512;2;0;2;13;1749764;640
9d873dbd8b84ff8e.dll;30720;306f5f7c46b139961b83a6e0b957544b795730cc1ca9baa3cf917e7e1dae2b77;31232;e1b9770366746e961bfd161a35f455b8df0d4be8d7d7ce75e6e522feb0d461e1;5;0xC000;30720;93;512;1;0;1;12;1750404;629
9d88e65557d11ff1.dll;35840;1f59c33ae7fd360f71f80df37bb265e85debfbb38f1e09471e800994b22f1686;36352;faf27ab5d72c3f29ab2a3417f96fb5ea039a790e9f5845fb7e31f3465e7e38fc;5;0xD000;35840;28;512;1;0;1;12;1751033;629
9d88e65557d11ffa.dll;35840;ed674853736356a9cdea46dc206f5b9de180c08d156716dec17620383716b8c9;36352;94fbbd1a874f84d92d9b61d461a7d3d0f833e4a01c4d2c9223b63ce64631bb41;5;0xD000;35840;29;512;1;0;1;12;1751662;629
9d88e65557d11ffb.dll;35840;5325d64d24633a67b0dd70adbecfe7dda0594248b84e3724ce33c6b661e59dd2;36352;2eb4f7a1f8f65592a3a3914979a226c48282b7fdae80f8f896cf035e0c17dfd7;5;0xD000;35840;18;512;1;0;1;12;1752291;629
9d96cc61cbe6b629.dll;30208;e835eae9116f7ad00f1cfcb3aded0a17a53d302cae9907d929fd2f08bdb13fbd;30720;745d0640e2bce08924823ec3fa329e75eb788de2967cee9b617e884060cd6014;5;0xC000;30208;97;512;1;0;1;12;1752920;629
9d98e80e16a7076b.dll;34304;4ee9b6533babf59d2ce112deb3e4b4e0512306d738f24c544142714167c63957;34816;3f8c184c73b82813a09aea1e559fcee69f57b65b63247250b1a41ea7f0e278e0;5;0xD000;34304;356;512;7;0;7;18;1753549;690
9d9b54bde676dfac.dll;30208;332f0d2fd413700a4ddc5705681743608d2380aa7e8832a4352913f33f86e9b0;30720;c75b6105537a98fbc7cc3d615e1b79e0db98637f8722302ce26e988587ebb02a;5;0xC000;30208;38;512;1;0;1;12;1754239;629
9de205d62f3b7310.dll;37376;45492af5a36b215f232ad37c9a6a5bb48212d1aa5fa37774520a7a5977aeee5c;37888;c1b05fbd95faef6c8de4d00b0d9908198467976909f19b91a99ff63984bb201d;5;0xD000;37376;273;512;5;0;5;16;1754868;670
9dfa0a9b3fb7db62.dll;30208;df06c092019a01e667b4170f440f5a51077840c5e8b12b684b106c6f57dcf7bf;30720;c9aff50964ba03af2185a04e83d13e962b79024e82ee2f285534c23935017c42;5;0xC000;30208;89;512;2;0;2;13;1755538;639
9e07c98b83c9c78a.dll;31744;dbf931c3d4e04fcb0df4352affa49cef8d5d939722c805a89af2970185529907;32256;547beaf1e0db4963ec18bbfeaf794d8ab9e9875f9c009169f1f68adf26a7612c;5;0xC000;31744;96;512;4;0;4;15;1756177;659
9e0936577cb05667.dll;28672;faad2adcd1797a6aa21c3b786252a25425eaefd11f8c81b1955ca758e86fd55f;29184;aa8edad65877823f21edc5b6f9ea891ce80081f6f244c5092a1cb0b1582cff57;5;0xC000;28672;45;512;1;0;1;12;1756836;629
9e12b16fc8157b6b.dll;299520;a95b3a77159912964f1d0b1fea5bfadc77805bbb6c80a568b091a70a975b815b;300032;2f89fea0db14c0a16db6e0acd396fa81715b542cb84d11a0aea60dcf67f57a88;5;0x4D000;299520;33;512;2;0;2;13;1757465;643
9e2af6d039e81246.dll;40448;6517025c50a72c0bed611bd795589cf8ee711eb2c34c694650e412ed8dd7bc9d;40960;776eeb1a7633b5630b96b0a2107ae09297fdc954cc33ec978241bca313da9555;5;0xE000;40448;446;512;4;0;4;15;1758108;660
9e40bab84cea040a.dll;33280;724b70322c379c3a4992b72e748b67c9541d0f88d4e262e13a3085c343e43ec4;33792;297f56542df931e4a689bccbd46f761c749604292b6095e37a2197df3580805f;5;0xC000;33280;368;512;6;0;6;17;1758768;680
9e52bdad4ae20e05.dll;32256;2922cb27418bb735b934f542d9f8f42898a99d234c4cabcdb4d7a25c6245bdd3;32768;c35f37d359551c55f73c9639e60f5ebc033897e32f04faf90b9bb7f176973fcf;5;0xC000;32256;327;512;5;0;5;16;1759448;670
9e54d76b9320a024.dll;37888;097d3218d01b32eab0246ec7e8856f7d2bf0bf14b602ee15afff4dfca823851c;38400;8b67d5ba1cfc75b34aa4ac3326ce5b8b28d2f1c64cd555d97b23939e05f5e91f;5;0xD000;37888;143;512;3;0;3;14;1760118;649
9e54d76b9320a025.dll;38400;8b54de54e81491d4a8ced7dcc1f9c18021b4182081b5cf7efc6f193fedb01b4e;38912;de30f2cd120e4d4039fbf8d9692f80a417ccb05ef41cc09a2c4bf877485bc426;5;0xD000;38400;113;512;3;0;3;14;1760767;649
9e54d76b9320a027.dll;29696;a7c5e8203a0f8680b5f22af6ecaeaf06ea94f2cfb36c4185b483f879c04d2a1a;30208;59f9cc723ab9eda6224c63f0fe0ca7f87c37cff7ad60f5673d50eae54bbc1180;5;0xC000;29696;84;512;1;0;1;12;1761416;629
9e57abbf59f60710.dll;29696;6cfba56f3919dc61198f6deaea66611608dcce66909a3a200f39b5eaffc115e7;30208;596c87b82bf22e7b2f2b27870cb4b923e30774dd6b74bc3345986fa7e5297217;5;0xC000;29696;79;512;2;0;2;13;1762045;639
9e5ab343bfb2a048.dll;39424;0119c885c2c32b043afb786463e745e52567f638ca0ea84c1fcfce40ca3f18ad;39936;e36d87eb00463b3459d342e4183c1478f21a8318b086624e1589e2d6b40a3dfb;5;0xE000;39424;205;512;4;1;4;15;1762684;659
9e7705fbf459d35d.dll;29696;eed288bcbd81c2d94bc203361ce6f17a05165db985123c894fdc3e2c1df85b7b;30208;00ede65b63cdef34abe30ae9bd15267a5be6b7cb3e284b1a7b98e9121040ddbd;5;0xC000;29696;67;512;1;0;1;12;1763343;629
9e7705fbf459d35e.dll;30208;1f5e0d4fef8911085401c2dfe64be08bb2d1e1401b4c8e88b9e69b8a352ca4d7;30720;f75b4a1ba52ac74bee0ee94133a112bae92dda4decc4de535aea60b27308e4a2;5;0xC000;30208;102;512;2;0;2;13;1763972;639
9e7705fbf459d35f.dll;30208;f4d4e7becf297a14115d87141275ced4fd6a77dfa966957841d47e8930a7f7ab;30720;752fae80f6657affd2aa6823a931438119b08a61fffb23271cf33e76c081b16f;5;0xC000;30208;164;512;2;0;2;13;1764611;639
9e7e2b3086231c17.dll;35328;5be58fbe1e65970a4b6847d2fe7f0106184e85b6888684a5746cefa54ad117e8;35840;3e20134667a248283b6b2fecbb9e1ad10c77f17455c722c6e3596d22e71791d8;5;0xD000;35328;26;512;1;0;1;12;1765250;629
9e9a4375ffb1cea8.dll;31232;3e67e6d115b4faa00e1fa46f4c48359c7c3de6e086b86db2d949390b2d8a4d27;31744;bb07f96791c6f3ef7c985db0c3ec254393e5969667787b93e66807a85a3076fa;5;0xC000;31232;93;512;1;0;1;12;1765879;629
9ea195154159c04d.dll;29696;05f9cc50d2cdff4ed9edb6dce32655d08276cee3112752008cc04137ef596e6f;30208;312e1fadfca334177d32546e977c55d2a4b80c72ac8e55b5f76809026ed89122;5;0xC000;29696;43;512;2;0;2;13;1766508;639
9ea1a9c84509ed81.dll;32256;caea502b12bd9d999b6a93fd01bb182c2faa6c5e639bb05a9f421e7f974f8a5b;32768;b40c74d5addb4fcdb92cb61cc4437e0d5bedf20631d1bf499a4d647ceca893bf;5;0xC000;32256;61;512;1;0;1;12;1767147;629
9eb76c8fca87dff0.dll;30208;d877f0e7b80ad04cd4f7f8243a3404ce55deb07a903be06887aa3783478fb551;30720;84f31f1f9ec9dc7a11c7b56b730cd9ba9914a0ec5ad693285a1361df54f2e863;5;0xC000;30208;32;512;1;0;1;12;1767776;629
9ed5c5eb752f4b33.dll;31232;0758abb4e3a095e3237a4ecb67de65f170a0a35eedf4ab2dd4e874b71a7f6e8f;31744;bef1500dadf88bb982adcc0cfbdfe91cc5b4de4ec01b43ea8360c8ba08d325ae;5;0xC000;31232;143;512;1;0;1;12;1768405;629
9ed6f65fe4249758.dll;30720;4083c63683342f038826e2b2a04566e9e0a902a563f490eea1cb84b43ffd1531;31232;e09039e6835d7d91b4848d63f327592b7f4bf0194ee9a36320c3f0c869cee295;5;0xC000;30720;145;512;2;0;2;13;1769034;639
9edc78c61f975eb8.dll;31232;c801f5ef5c82623a943a35623a97890076d78b1ee36dbc4e3b311a6830a5a56d;31744;3101ee08df014814568fea9a781831c52bd680713e417bd6be0331a71d9a2f6f;5;0xC000;31232;321;512;4;0;4;15;1769673;660
9eeae838aca6a187.dll;30208;11a71ac973fff45fec2f410fe7d5ba565dd5f0f1db6f1951dfa899c9938daf1e;30720;eb0206402d8a3e470e039af1ca59529117fec6f7b5c3703947c166fdad4a7f67;5;0xC000;30208;75;512;2;0;2;13;1770333;639
9f00fc6f42ee62c5.dll;32256;0205dc846538df3285222277654d6bb566cddfbce46b3c438c1309107d6bc48f;32768;68e5f4ed57456a57b06f3a1e88719451e6a63944484532130d6c483618c9c206;5;0xC000;32256;86;512;1;0;1;12;1770972;629
9f10be12674ec260.dll;35840;bbb2b86f3ba8e754b9765ae777b7c45c1285b9af18878801a7e26835bce13374;36352;8a43691e5e992ee8c122dc0a2fcc1d409ceef693bbfce331e7e25fcc02f8fba9;5;0xD000;35840;163;512;2;0;2;13;1771601;639
9f10be12674ec261.dll;36864;7e5487bf8a997e158372098b865aa68fe1783e755ef0e0c7dec945c00d301bac;37376;45682b98c26dbf9b07b6f5c40a4b157ea83c73ecb7fb436d46d39bac7f895417;5;0xD000;36864;94;512;3;0;3;14;1772240;649
9f10be12674ec263.dll;37376;cf301aec75cc0dad8975d3a3b3ccdd3989152042828d57a60bc9310b14763770;37888;1a1acf1540103050bb99c89deacc839ab0b48bbc4d93c93278a2cff288720cfe;5;0xD000;37376;120;512;3;0;3;14;1772889;649
9f5380be44f9dc8a.dll;36352;eca95c7e84cb99aa8db53be1268dc11083e85c71fe25561bba7bfdb71a5bdade;36864;6165872eb0f6e2bcd8bad3c61e15318d6f3757319675a3cb50db7074bee88176;5;0xD000;36352;245;512;3;0;3;14;1773538;649
9f5398a748f6d78d.dll;36352;4fcd27a171420989120b74832583ae2784f6017cd0464a16a32bf23a70f155ba;36864;79140224e8b05ccc3a4b31b3b3d32ccc227e80dd3bcf2735ba9372afedbfd7dd;5;0xD000;36352;298;512;3;0;3;14;1774187;650
9f5d39cb6949bdc3.dll;30720;c58fdfa02fe0af473e72ec87a56d2c722738b86acf5873026f1459ceacf9040d;31232;e132e5c7137ca88762d51309557f33e1eceb2d8842caa42477a7ec7686285270;5;0xC000;30720;290;512;3;0;3;14;1774837;650
9f671102cb281b85.dll;36864;0816770b0dbee26e8285b3e3fa6771d145456617b298b719ec39ca158251debf;37376;26dae32d74eb737acc4638ab1b6f6c9552d8f56e2368b0b2acce35ff0e1d95ab;5;0xD000;36864;72;512;2;0;2;13;1775487;639
9f7b229982cf3e10.dll;32256;2eb3018594d1fd1f56235dc0c6f38ad2a3e2a706e968bcd45881183edc2ed0cc;32768;6016c6ea2ed98cbb89cc74b40033b965bb93928c81186df2e889be2e4cda4a17;5;0xC000;32256;110;512;4;0;4;15;1776126;659
9f7b229982cf3e11.dll;31744;8c3483fed9f94fe91003e8dcbb9b8543c9d79f0a079d69f2e33562f0cde50cc7;32256;e27fe28dcffdfd076e2149f5398037c421a5e27f8d01eb7ab602e44168c1aa83;5;0xC000;31744;115;512;3;0;3;14;1776785;649
9f7b229982cf3e13.dll;32256;e7259093834990d9ec652f3a8ba725e6e7860d2306b638084ca24151ff6430e0;32768;609294718ef232e62eeedd133bc0c7a3e60b50ae9f8691302929346983ea0ce6;5;0xC000;32256;146;512;4;0;4;15;1777434;659
9f84cdc2ec7620db.dll;31232;9fcfc563b5df91beb56f08a7a2c4df4df82a4462343b64d8442557a4ba23721e;31744;b212052b8bde2f22e02c5f39663b1f0b251090f973f33ee0df333a91293a732c;5;0xC000;31232;184;512;3;0;3;14;1778093;649
9f8ae970a4f80a99.dll;38912;8ccecbde975d3af0bee6c600e18734d66591aa52c787764fc0aa270b19e7be94;39424;c1dba6db2b0c2399063304158d1b9aa1d7ae8d489b5fa2e079611a5f30da9bd0;5;0xE000;38912;277;512;5;0;5;16;1778742;670
9f947793fab9faa1.dll;30720;5af624afa71b8b59263ea1ada1c0f9d13a03669a52595f85835c77d612eb39ff;31232;28e7bb0611c64e008f5f7c2473a6d233392b2f585eedf19c00eb31ab50c96d6b;5;0xC000;30720;83;512;1;0;1;12;1779412;629
9faa56311ee6b8ff.dll;35840;ccd94a70b3de3e4319a2a9fd75b74cea776ddba29aaf10fb60cd6d778c8d3fab;36352;616e1fbd87574fe6fe2c7edae1f31fa271e0e35b3a237cb30a52e4379212d3f9;5;0xD000;35840;54;512;1;0;1;12;1780041;629
9fb345fb5214b6d1.dll;31232;2619241a57ef79039fd1e88b496df9ac6fc81fe90f6ad2d6ce80ec75b865bf1b;31744;0d2006e229b1d048d34a4d81362dede9d23f6775101a49be383401efedd010e6;5;0xC000;31232;166;512;3;0;3;14;1780670;649
9fbd67363ff74e8f.dll;28672;72e1e4ea12af5c08e0e5b13f99ac945142b1e8b663af629ac448cf86d27e16ee;29184;07b44cd5a66fd7816e32b3491a5280b9695e5af7f705c9b7ee9921f6355dc6b6;5;0xC000;28672;60;512;1;0;1;12;1781319;629
9fd9810c34ed9ae9.dll;30208;654d22fdc1291e6ce04285caa614f0ded79d61703b6331e2095c22180e1bd7ab;30720;a38ae3de34bc7addb5d7f99adaa0550bb8ddc2ed40adfe73fd123f1c6c4bd19f;5;0xC000;30208;64;512;1;0;1;12;1781948;629
9fdd70a8753cb8f2.dll;33280;82c9ef74ed7090e7b25fc1f24741a768eb3e95cfb69575a694a5b9c863f75726;33792;b6dc4b64f0e45f8c6a23ce4411baa413007f32c4dcb091d34e21145d28662168;5;0xC000;33280;49;512;1;0;1;12;1782577;629
9fde72ad8981eb4b.dll;36352;99c7a1ae25cf184799dc38c1371254c9a6b76c95a6bbe71cce628f584c8289fa;36864;e8b6a402f358f75c1c7aeb1d8ff98fee10b3e983f8d3d93a5ae6db75b9363142;5;0xD000;36352;105;512;3;0;3;14;1783206;649
9ff80e95b6a9a8e5.dll;28672;d7640a2b9a9a3f3a95c7ef37a6a47fa2e1c953b8adb951f87b7a53e5da905715;29184;690734d34069486de1269f7043a7d83ed374c1be7e06383f6adff84a4abdc039;5;0xC000;28672;32;512;1;1;1;12;1783855;629
a003f826bf11d960.dll;30720;d4a90b33bf4f5e1b379783bf77fc21a16e4ebe35a5378bfab3863549279d8d6a;31232;511782e447e7f4f8be41da862e26c0172247179302c2996ba6b8528b666098ab;5;0xC000;30720;117;512;1;0;1;12;1784484;629
a003f826bf11d961.dll;30720;7020baa80c67ac4799c9bcd3002f83e45ae5a9ae36db215dcd2dab954226002c;31232;afa1d8d59f5e3047df7a833c7f639aee9e9506adc75aacd80f49ccf2ddaf7fc2;5;0xC000;30720;113;512;1;0;1;12;1785113;629
a003f826bf11d965.dll;30720;b6b3a3d379f3c3ea9304903d36879e98cec81064bbf8f5243eb1a304d6a77be8;31232;63f6d44d7c21e11b12ba2f0dde6f639a05458a7fb46788e056d6e93f58d9b5f3;5;0xC000;30720;171;512;1;0;1;12;1785742;629
a003f826bf11d966.dll;30720;2b2d6d95ad632725c8823fa63678c8df03a32b9e81073ff3649887cf0ea8c54d;31232;07c566df50216ef1347f0cd75f60beed78e646af31aa76fa7779afc8dc4b12a5;5;0xC000;30720;245;512;2;0;2;13;1786371;639
a003f826bf11d967.dll;30720;8e553eac68d4acabdc2831350d07b5a37da02f84f7a9d0dc1b0ceccae77873dc;31232;2e5dbc926caa2e2de125717411371bc52117556b3da0451f53c28f9fe701da84;5;0xC000;30720;262;512;2;0;2;13;1787010;640
a00cbfd3c84c6afd.dll;28672;a2cf0717d2c95bd2b1d9677568ea22b189271d0f6c3d36cfc6193e13d36b821b;29184;e10e6f13c13900de04a6bc77daa5a30769bad49582e49f7d67904d44602976a2;5;0xC000;28672;72;512;1;0;1;12;1787650;629
a01c66cf3929f3f0.dll;31744;b60a9c8b8afd063e81aeb10e615b3ab06d38cb9c6a8c0f395592fcba2b7e2850;32256;a5182c47f36673f060da1064e3d1c2f7aee863c75ac9fe992aa2f5412a62b73d;5;0xC000;31744;53;512;3;0;3;14;1788279;649
a01c66cf3929f3f2.dll;29696;41cf1619bd3823aa391ccce6ade91455ea9107e861af862fead42a5ee152314a;30208;df46cbb707a4a82b2f55696c4984e865cc2b091e40c8d001a12c8dfb6c1556a1;5;0xC000;29696;57;512;2;0;2;13;1788928;639
a01c66cf3929f3f7.dll;29696;57dcc56e8e9fc7d10ef7011665dd9215615bdc4ae725d1d50fc65d7264a80bc6;30208;a46c2eb0f9c64b2d48f14d480cf9bd560141cd10de6530308d60a0dc31124657;5;0xC000;29696;12;512;1;0;1;12;1789567;629
a01c66cf3929f3fd.dll;30208;7c52cb8616eda1dfad1511cc51b23b426ec4aeedffd4e156fb810c13124723c8;30720;df0c632b5660b838ce28ee585bb8f4d9a7770e2f7776129e1e176edb7729ca74;5;0xC000;30208;30;512;1;0;1;12;1790196;629
a02177827114b93f.dll;37376;8539521b9f9ae7dc52b48daec3d57bf75026fdcf905330a0d2c6badac9a19ce3;37888;7a3dba85604a404cf7592db984e987bf07784ab42dbcd9e23babee9655bad50b;5;0xD000;37376;107;512;4;0;4;15;1790825;659
a03422597b5a2d70.dll;30720;da4f2e01c9f8611ae911161f415562be3683301e6545324de0a216a23fce12b4;31232;b3124ec0832b8ac6814442ef5f32274608b1a520d5b1f5039efaa9d873f238c0;5;0xC000;30720;151;512;3;0;3;14;1791484;649
a0684596be79cfcc.dll;38400;fcecc7f4cf245bcb8ed226f9b0dab90475148cff3ca06e7b2c06a1ac8a04f94e;38912;69746cd21faa2ed6c63577a92e422952add99aec3cff40acdb6d1822bdc8bb7a;5;0xD000;38400;163;512;2;0;2;13;1792133;639
a079c2408cc37d84.dll;30720;90cf8282ea4f05a4d440eb6840ce9dfdef1566600ece516310db87d705407d2f;31232;d0756927d916bec083e20298616b6b750146349cec2d4ebf23a38cb4f7ebc253;5;0xC000;30720;253;512;3;0;3;14;1792772;649
a079c2408cc37d87.dll;30720;5596099b96b586f06dcb04e71885f8c55633c924cd2b32e4f7c5fa9dcfa931f2;31232;eaf76d5a2d63afc3c9483730e676ff9feb366f76a4ce8caf8fcf8085743ad824;5;0xC000;30720;259;512;3;0;3;14;1793421;650
a0841987701fbc83.dll;28672;f4679906d3fa05dd2d50c82ab12aec9de37a7abf1673e1956ebe16f4019fd11f;29184;d41a017d4ce4ac0e1b155b2e1fa259aa2ad46385abbddf9c838c2cdfb9351d90;5;0xC000;28672;55;512;1;0;1;12;1794071;629
a08707db139393b5.dll;36352;147bd46b7d33a8ab743515b8ecea77f177f6478b1352df559e451e806037ae6a;36864;ef5fba3a78eb8a0a0ed74ba8048fe61a31de398d4b2e3e8ca11391407f675bb8;5;0xD000;36352;306;512;4;0;4;15;1794700;660
a0950ccbb826b101.dll;34304;e5367db165692d000fb1d2f5b86e4115081c2ed24edd672fbd817b0d2685ecce;34816;8ce9e9b680ca5d2e68f4f24fd1390e9aeda7d3f7b7ff1c64f32a4df81c0f31e6;5;0xD000;34304;60;512;1;1;1;12;1795360;629
a099de93672dea5e.dll;30208;8dabdd038710aa15c26688a858ce2a54ceeb7067ad8222dfae0373f42051f1a3;30720;a2b7dd2d3dcf7acb66c6075ab03a2c755889837a1d26f076d9c087556ed5b996;5;0xC000;30208;56;512;1;0;1;12;1795989;629
a0b551dc4e08bed7.dll;31232;7d367381f9c3fa6109783616f8f0139474c7f5a12bd0326658e04d025359aad5;31744;53ea32bdb0e651c825dfbe36bf79c84af95d870832e6562edd021acb4edb5b87;5;0xC000;31232;182;512;3;0;3;14;1796618;649
a0c4f222889deea1.dll;32256;8c2699f67553fe8ff5dd22f2c619fa6a0de4e040fdb8eed46a709510ee14e982;32768;d947101fcb24681115be688d0099216bf941f7c5e227fdcd68969878060e24a6;5;0xC000;32256;27;512;1;0;1;12;1797267;629
a0cdab69b0c04643.dll;34816;de5fb3d03e4d4cc8d2e9659c82ddf041cbb11799c00aadf7f322b46ce460cde5;35328;086c989efaaec99d34d5a8b38b8b48d29ee6d2cf28ba84e5a2fca3a12a2bec1f;5;0xD000;34816;54;512;2;0;2;13;1797896;639
a0f074fb1272eb64.dll;29696;d677a2f157d0db0b99e9f5838593c8ee983f03dee506ed993b8871d218d417db;30208;6cec334ffac69b0022bde2ee39a2af66dfcba093ed9069cb8a1ff4c3b02c045c;5;0xC000;29696;209;512;2;0;2;13;1798535;639
a1084c1be26e66d7.dll;35328;9c1b33b800680b8e96c16079080611fb5a2a6073489c5de66b9d557f0ff909cd;35840;44eabaff5d05950c748901b75be45dd64f5573b4b02881dd2257a953d314ab75;5;0xD000;35328;60;512;1;1;1;12;1799174;629
a110dfd4f17a6980.dll;38400;ade942204d82a4fa4281ded7d63f5eb8b8fc4cb28f751563df6d4f883e2c7f14;38912;38e507e7a00a40c62714a24b4039b9092e123eff4bca14a6ea40e670401f11e0;5;0xD000;38400;147;512;2;0;2;13;1799803;639
a11664bb61e85fab.dll;35328;743985fc9f998423bbe4c327a598ce1c0432740345c82ae057a181576eeec52b;35840;cb88804febd741daf972950b8a2233c4a66c30abb982b62b4d9723edab5fb169;5;0xD000;35328;20;512;1;0;1;12;1800442;629
a11fdc651f87f61b.dll;252416;98db05f92b97c94cb6905807ec83263a0ce8e9007d9690e22a2b057bb19a9c8b;252928;4a6c7ef0b132f1463962acb3fdd5a13997e1a31756083b6e902529a01a7942a1;5;0x42000;252416;87;512;3;0;3;14;1801071;654
a120df91081bcc89.dll;32768;200d510948cce7633e98f4134edbee6fa2b88e12756e304295a20580b0be3733;33280;37d1fd03e3c2dbceafbfb0e2ed56f699601267db8a7b50b7c316e7979b19e4df;5;0xC000;32768;70;512;1;0;1;12;1801725;629
a12949ac88635401.dll;36352;ab9e423f621ed377c207b9c1245810fa507cd146beac256797d430a7f532e716;36864;55e54de38fd4563e6961c43ad768e135953d619817851c8cdf450815eabd242d;5;0xD000;36352;506;512;5;0;5;16;1802354;670
a12e933172c8015a.dll;32256;1bee19f5e315b94d75e0035b26dfc02aa2c21c5bb261bf81c3800d207fdddb8f;32768;4df730b72917333ee0958f80228e27280f89cb1af274f50b639ad1b5f16ec97e;5;0xC000;32256;416;512;4;0;4;15;1803024;660
a19040ad68aedb1f.dll;28672;43e6161516b088f9011cfa9692730d78e2f20a277b95db0ccef358a0b1171641;29184;d19ca56aa28b8f16b10b3273266c759755f339becfccec2ee08543c02898d91a;5;0xC000;28672;29;512;1;0;1;12;1803684;629
a1aa2791ffc85eb1.dll;30208;0be21ba72f7af14a637e77d20fc61b2029431411ec34f1a38208df70654c643a;30720;cf71baea8ed0c707c8552a76673b060e709539da0153ade66877bfdc87adf59c;5;0xC000;30208;157;512;2;0;2;13;1804313;639
a1afce6640525185.dll;28672;db66426a1939b6268e095b91afb1c7b70e21d4a7790df2502c90dbf0ec7c6e01;29184;6fd1942fdae8bb25485d1889060d0b4cdcf7566ea8e908bf32fb0ce93b83cba1;5;0xC000;28672;45;512;1;0;1;12;1804952;629
a1b50017c71ed6ad.dll;32256;af5475c0214f0febebbb957f7a94fd59b792114fbacd8bcbe9cc780bddfd2e32;32768;44970f7170e7bd6376640dfa9e0139c1272cdccfbbe517bd2cf340b78dff4830;5;0xC000;32256;200;512;4;0;4;15;1805581;659
a1bfb674afac6b89.dll;29184;a89430b113d2a5064e8df89f25facaad89dc3df94440d5ce9d8c377b10089c07;29696;fe64022fa3871beba4b4d91b12379cfc5a2d9193ffcda5cbc0e95ba1e95e1491;5;0xC000;29184;102;512;1;0;1;12;1806240;629
a1dee80519bb442d.dll;30720;c02fa1b94e3a3c9e06dccefeffc551d70d1aeec9760a40c9173ef5a75da65e16;31232;e88f2657073438cbbbb8f4381096b258bfed3cb45f01e1796d26232057261da8;5;0xC000;30720;136;512;2;0;2;13;1806869;639
a1dfc5dd379fe97f.dll;28672;c55efdb2795607cb45c9264b6576c2675c00f07539e13fb88718af4b538382ae;29184;8775c12a556338cfa7aac5e7c842fd49c2effa2ca08c8c32a84c64898577e1f7;5;0xC000;28672;34;512;1;0;1;12;1807508;629
a1e5fbd22b35f3fd.dll;155648;7b1cf3573a3844e72cb93668f06b6c39ea7a32cf5c6bf0cd94b5d61d82d8368c;156160;75a0d7bc3de82cc65f467007bf6ea7c49ed7fb7d8cc91208ea836aaec8e83b1f;5;0x29000;155648;90;512;2;0;3;14;1808137;653
a1e63c7cb732e011.dll;35328;359f026cd587c245907aedcadb500ea09b0d0c33c7e8f6cdf462893dba5b437c;35840;8ed57455d04fdac6d8623137282749bb989c6ba02af85898b3400a108c8b5309;5;0xD000;35328;32;512;1;0;1;12;1808790;629
a1fae2bf10397bdd.dll;28672;799599b8e82af836207440bf38988f169d872b4c02daff04dd15a5b7fadb6542;29184;e094589e339ffb616220040f043dc86012c49aefaa5aa30c011c55fa6e3af105;5;0xC000;28672;62;512;1;0;1;12;1809419;629
a20790d692cfcfcd.dll;36864;0b0ecfdfbf556e5e1383c1fded3a43b29b3ea6f07b71649315b6c846615e0047;37376;92a125c7e51875f62d224e9f78dd7921b9e1973680ac76d5a5e7591ef143aae1;5;0xD000;36864;86;512;3;0;3;14;1810048;649
a208b692e36ca491.dll;30720;b506a2c0d4867e2305870df604d23a5da69b64fbf17eda455b50df3788148fbb;31232;79b3f80ad1d8dfb99899762ba076c71b527a20ce954dff7f6ed432578acbcecc;5;0xC000;30720;103;512;3;0;3;14;1810697;649
a217578a6e3a43f9.dll;34304;fb5cb499338f2d3c2333316cda88712fc5f8a0fa662f4e7ca15f8e565a573657;34816;ce41476ff9359b4445e06d4f5198fac01f2a88f68b7e387be32952df2779b225;5;0xD000;34304;64;512;1;0;1;12;1811346;629
a22720a29b1ae7d1.dll;31744;107578178d62f880e5adba8cf6d286a6a0d014fb25af6b24c5dd89dd2a0eacb8;32256;b778f8d9c756722a4d36fac7f8760334b6a02da0dd271bbbf0285ee57b16d49a;5;0xC000;31744;21;512;1;0;1;12;1811975;629
a23ec77a337420dd.dll;33280;bc8113ce90c3a2b56d72b094ecb7726222710ed5921f16cf205530e58ae8ba10;33792;56e0c817c78a2b37b2d454d7ccfb0d465d3308884b27deee9244c067a1e1c724;5;0xC000;33280;104;512;2;0;2;13;1812604;639
a241f2fcf2bc4874.dll;30720;4b50b84034c391ce8319f40eeea9d07cad81a0610fb2defc01d5c17f010b8ac0;31232;87963143cbe2298b749dcdbaa8e212c8bdb8652991c84838c721438c80838357;5;0xC000;30720;180;512;2;0;2;13;1813243;639
a245d46a398c8e28.dll;30208;eaa50742855b4531cafcf759aee4ab9966eb335ce30a819471d2f488475d993d;30720;b398323c190f6826a80ad6e2b0a329d267b4da252ac207b20f634880a9b6a958;5;0xC000;30208;87;512;1;0;1;12;1813882;629
a246d47b2d1211ab.dll;33792;3aaf1c0a4ed567e0e51a520eb301447b1416fdf4b3aefeece2c1d7c2f55010c4;34304;d3ec1a24c97493f41717be4c91052301f8bb3ab2e8fac4d9c16360fd71766f7b;5;0xD000;33792;121;512;3;0;3;14;1814511;649
a25777f295394766.dll;47616;33db1582c96bd1d9f445a35de4c3aca35d89c498458ddd2a84418dbd7c871bd7;48128;a28f9a22842ff30e0dbaac4961a1285928539778132d38a5fd791faebe56c21e;5;0x10000;47616;299;512;5;0;5;16;1815160;670
a2792c66ce32bc3d.dll;35328;beaf36a28d8c69b6706f6fb89ef66becc4d9db34e81d76f8b66c60d7ba82805a;35840;c82077fc8d51ac70ff0afe19e1e0edddd040fc2d5e82a3476cd7451865ac4683;5;0xD000;35328;109;512;3;0;3;14;1815830;649
a2792c6c47f18a06.dll;37376;872f0ef30d440dc1c7791d60d6b8ce782cb98bfb91a95ac984f2d84397fde50a;37888;a2cb8f3159c4e0d4add7cff3edad88ccf3e146db8f64860c5f6147ec7290ffff;5;0xD000;37376;366;512;5;0;5;16;1816479;670
a2a32b890eb1060d.dll;30208;e8f3bb269e82192f3ec5a594f3884aea4046ccf9a5363beab992307a980c07dd;30720;5c3902c625b33eb1f171b993e4fefe33bb0089360eea8589988602e3d08a9a0d;5;0xC000;30208;64;512;1;0;1;12;1817149;629
a2c6406436a5965d.dll;30720;f6335a7c9681734dca58fd03742bf96c8d734635effb860a60ed8f18f192c65f;31232;5da4bbff32c68093c1a9d1329f85d1bd47c6e4cf58f68ffe05a9e3ce393c9f27;5;0xC000;30720;70;512;3;0;3;14;1817778;649
a2d29d59881104dc.dll;31744;4506cbf20cc6f62b16f2949fddf4541492ca4551533d60ad615315b3129c2e49;32256;e19ee0c872d1c9b4fee1763482b7aef392d262746d9d1d797f5094e52f5000f3;5;0xC000;31744;85;512;1;0;1;12;1818427;629
a2da0340efb9d07c.dll;32256;7f797d6c230cb4819b0746cec9fe000d0fb1ecabb424042c561e15213233cdcb;32768;51167e0bfb6631cf115d05e48f47b70166dcb6d96b223407ccd80649f87844f4;5;0xC000;32256;409;512;5;0;5;16;1819056;670
a2da909a225d7aa7.dll;31232;ac302928b39c958e084d2cc8996bc229454deb7f695382c6f1ac37c024eacdb7;31744;3f70c78851cc24ee7845699cf31a374ebe6aeb4d6a52981f01a08760faba5615;5;0xC000;31232;367;512;4;0;4;15;1819726;660
a2e3ee7e4edf4a24.dll;36352;61ad0c08c0b5a835bde8f5ac1391fb5f374c3761860c8dbb6fa1fcb8025cc8d4;36864;793757f7240f8f2cf885c6d1125f91eb90fec8f35f4723c6009167905567c139;5;0xD000;36352;45;512;1;0;1;12;1820386;629
a2f93b72e9e64093.dll;32256;57a363231f0e06743ef90a24b667aa7568cac4708d0992e798aa7ebbd93e72d3;32768;7bae6c06dfc866331163c85d793f1e98dad8b8a5abb46774aa9bd79f47850144;5;0xC000;32256;259;512;3;0;3;14;1821015;650
a2fa4c6a30f90439.dll;31232;6a16292326315d57f4c216063cb6de861958c75dcf47f6ecaa3f4b6e9878d0f4;31744;02b342115087e2cd4789ee94deb3d347244e9615e9f3e07c96e090263282ff4b;5;0xC000;31232;52;512;2;0;2;13;1821665;639
a3224e9472689244.dll;30208;01db76690eca4960904860935c1e7d2ff9d70ec23e6a6d830f03400f13a5b7f6;30720;59c75d2f9bcc4e2f2acb07abf558d14149200e5a0d592a52a1b6e355303a92a8;5;0xC000;30208;95;512;1;0;1;12;1822304;629
a32454a1aceb32d9.dll;30208;ec9502880e773d0b182d71870f3a02dae9ba32ac2837bf9af7ab107b7ec13d8d;30720;7e417ed3ca0616eb3d3eae2d1f7302735611ebcd553f9eacd544721431b0000f;5;0xC000;30208;196;512;3;0;3;14;1822933;649
a335a29153c4189a.dll;29696;69913e39aac05e854ce2d7c4b0d3058792a17d74f58b02f75c4377307bea3915;30208;23743348effd8da8463f73183390e0922636a9be0727b7c27046a072f8b9891a;5;0xC000;29696;41;512;1;0;1;12;1823582;629
a335a29153c4189b.dll;30208;d56118cacfa68cf44b5146823c4f37b3d49786cab415f1ca06d9637507031907;30720;89b65c076b8ca8804f4d925f0505558a7a87e6a64d5e101f22c4cc5b989f1dae;5;0xC000;30208;83;512;1;0;1;12;1824211;629
a34aaecc4aa9ad21.dll;33280;00c48d2cc1855d302ce5997c7cf39abd0210d0dbb72c76507dd8542c51b14df9;33792;8f423b340099a43c2288953523115c517e4cf492fa7bc503de42825b309e031f;5;0xC000;33280;40;512;2;0;2;13;1824840;639
a34b005b80ee6f10.dll;28672;5ee18612bb11331c84de90f5904481d808b24659aad83c0ddd2752d8f3dde45f;29184;d70391553aa6bf5e2fe9b7cb0083847a2d6b9cb4bd67830bd424bb6625dd7828;5;0xC000;28672;75;512;1;0;1;12;1825479;629
a34b005b80ee6f11.dll;29184;b0d477ddbff3d107de0fac5dde2cbff8a702753dd19894e64a92de131d34f9a7;29696;7981c82430d607145b98c2fcae23c8b362efb459c8d2cafe25aaa454a7062728;5;0xC000;29184;126;512;2;0;2;13;1826108;639
a34b005b80ee6f12.dll;28672;5c8b8d6b2ce5fff97031509c37946ea1af6ccac3c74cbd32add7ba19a30071c1;29184;8fecfb22746e686b2fa083d7e19de71e4a60d3c421ad9e290dba33e8eb85fef4;5;0xC000;28672;114;512;2;0;2;13;1826747;639
a34b005b80ee6f13.dll;28672;3412bdf52135126b912122b8f0a938a492bf56525916db3f1ca94e6195a755fb;29184;f4873017d81e90e6659590d56b3dc2b6b33fc8724f720d368d5f9cf441b1b8f2;5;0xC000;28672;57;512;1;0;1;12;1827386;629
a34b005b80ee6f14.dll;28672;2c25cf1803c6a9b3f11a73c6937496d2a3b360ea8e5e448f41f921bcf32cf7bc;29184;f3e347c712c2f2d36f49edbdbd3062268a7be9df53026e314b8ac8082ee7e2cf;5;0xC000;28672;130;512;1;0;1;12;1828015;629
a34b005b80ee6f15.dll;29184;40d132e4f36d08b9b84e4461c453f28dd71a5bf9e4433e7c4261564784c1deaa;29696;bd7442b1556968cefcd45ebc701a97de54ee73b5acb82940d94eac67ddf62e64;5;0xC000;29184;106;512;1;0;1;12;1828644;629
a34b005b80ee6f17.dll;29184;35335d211d7b5205ae315460883b86db8c28e266a31653d57b6fbfc8a69ec978;29696;2d867a0a4ae61df6afb170a6634eee2dcdcf3cf755d62537c7284c5dcaf5cc3b;5;0xC000;29184;116;512;1;0;1;12;1829273;629
a36dda71d640dfb9.dll;28672;e070307a076c1fedceb9aeba575861b9ede8ec443c6591ca4c2e80a9c6cdb4df;29184;9646723f24953803b3f65e59f24aa9903f62f69e248ff327179124031330cbcf;5;0xC000;28672;69;512;1;0;1;12;1829902;629
a37d4e4d20a3dd1e.dll;30208;7be14d4a0d9279f1943a9db09573936c934fc496eec6c58ee482fc4d5ef80094;30720;b6b795833a67996b498f321d0341c04c0658a41b5f560ed0caabc43da55b5479;5;0xC000;30208;82;512;1;0;1;12;1830531;629
a3a73517d54c7ea1.dll;30208;381b4c856836e112acc337a0ba1013880521f452e69a4c721a68fdf23d5b3c17;30720;a0767c4d489be087ae30c01217e6e103430cd7dc40d56d77656799b9346aa99c;5;0xC000;30208;114;512;1;0;1;12;1831160;629
a3ac248bcd09ab19.dll;30720;c4bbe570175eadd1f27055198cc4a2bf55753214bedebb588a40ffc829ef6be4;31232;168b9af23f9be78556bd11f4ef531bfeb0f068988250214dff8f447d7499550b;5;0xC000;30720;131;512;1;0;1;12;1831789;629
a3ac248bcd09ab1a.dll;31232;55ddfd46a7c316234982d2e66c20fe5b9ff623acb3a5f8515fcea1f1ba665742;31744;85531fcf59cd631c9b47710f4d1c424bc772f3dd4b0ff4e4accbcb55461a7008;5;0xC000;31232;222;512;3;0;3;14;1832418;649
a3ac248bcd09ab1b.dll;30720;f347c63f6944afcfed94d80c596ab3cfa67d52a65efc3998e32992a5f3a1dceb;31232;e0f0f3e68090966dacf329cd13cdcd18d564191123bd23db45625bc058237330;5;0xC000;30720;232;512;2;0;2;13;1833067;639
a3cb62ec4e621fe1.dll;31744;595265f0753d837b468ba4c275817f6bf204dae7b6f7a27c0009713884c4545f;32256;6b56b4b8a2f01a5cec5214f9709d45672cc50dcc96e160aeace573ab1720152b;5;0xC000;31744;287;512;4;0;4;15;1833706;660
a3e19daf1846076d.dll;38912;4d57d323838bf71dea44426f2fb1ca225e70e0b7dbd338868f7f6e54a9e2f81d;39424;21659bf9688afd683ce259b9679f53f060753f3bc060eb52bd04723e0c396326;5;0xD000;38912;435;512;5;0;5;16;1834366;670
a3e26d436929b4e7.dll;30208;0eea64767a889561a1ad0b1d7e6f209deaebc03dfee5ae939220bbf15acf3196;30720;0f516b9c799a0a6412f40c509ca998f67a21e97a09feddfc3054ecb56a87e7aa;5;0xC000;30208;83;512;2;0;2;13;1835036;639
a4087883be62b835.dll;29696;dd2c449f552b1f830f08f73fe9b86584a339b89efdd287e11dc3ee7eac663a89;30208;5823b2ba8223d919c7ee651ecf4d6c6d6c0f1e3781737710f722d833171a256b;5;0xC000;29696;83;512;1;0;1;12;1835675;629
a4099fbd7862fd86.dll;34304;ce16ae1b01980bab9ca02c79197e7dfd34799ae11ca1b386239a8a06126bb6ce;34816;e69f998871bf4dfd8f9ee91452e4205967a0a47bb01448acad21a371d0fe08b5;5;0xD000;34304;59;512;2;0;2;13;1836304;639
a41f2f93942caec7.dll;32256;9b79860c000513ccf353bbdee3142f86cecf0acbaaeead108b300c64d05bf59c;32768;52b4018d536eca1d4120d963399353c88165b2eb6231fba7661773bea13c846b;5;0xC000;32256;254;512;3;0;3;14;1836943;649
a426eef08fd6de1b.dll;30720;04f5520467c27fdc2a1a00e6e0504aa70c0814eabd44002385a8ddbc458e0b48;31232;9080dda692614ada4e81b65698136fc7a4f74b2f85246f1888ba042b84ba2e44;5;0xC000;30720;139;512;3;0;3;14;1837592;649
a42c8ecb7636219b.dll;36352;5f57fa142620defe81f66ea6d18c91e1654e3b8fd93b79802b57b4e89f1b79e0;36864;a4856c8fcc58495e0332de01534b3b862a5e7904520552348505be72eb14c457;5;0xD000;36352;102;512;3;0;3;14;1838241;649
a43fadac54ca5e44.dll;31744;733049e06bb846bbfec71258c1a3647ce5781f536d341053ab4c8289891af8cf;32256;3e66928ba9a6f3fd0b48f1011a0c50e0c33a69227ff3bc12721c488cc4a78cb3;5;0xC000;31744;115;512;2;0;2;13;1838890;639
a43fadac54ca5e45.dll;31744;44fdf8e2d76156bcec97484ac58cc4616df352d139af5c0d169955fe1ed8a092;32256;95b89f8bad0a6a29b9764e21009ee216eab7ba22aeed5148ed560159ed59a320;5;0xC000;31744;134;512;1;0;1;12;1839529;629
a43fadac54ca5e47.dll;31744;2cc7d39b8dcd7504177bb39e92ee3de30fc9dba9537af1852f74213b91e2340c;32256;da7f0bed07fa16e14fe8cb9fba77d9a1eb9b378a4859d76ac867374b185391bf;5;0xC000;31744;149;512;2;0;2;13;1840158;639
a45b93d1f3d31d81.dll;30720;1419d63c783ec141063fabeff79100e1d04f561d87f7b84bc98a0f1f1738f520;31232;a137d3f17282834208d9b05630f11c5b8e47d3027cc169b4b10cce1b5aac1203;5;0xC000;30720;217;512;3;0;3;14;1840797;649
a4735cac2f948690.dll;33280;0e5b26706338eeadc7e5af5c84880ff403b75fd276c48f4b86e402d8c9c5a4f2;33792;fc834d2ba64f649e08938e1ae42e5b2d05365ec891eb3feb773c4e0f0c3ba77d;5;0xC000;33280;58;512;1;0;1;12;1841446;629
a4a65c30f9386b71.dll;28672;c9d1af11c430a1560d250608abca1f0a2b161dc587fab0ddd6b6cf9b0143b64a;29184;bb4c739fe9e5a1fb21246d0b673479983499377af5301e71bc4034d71b852cbb;5;0xC000;28672;52;512;1;0;1;12;1842075;629
a4cf3f3c79464a7c.dll;30720;b5c30c6ee84b3ffb4a9529ea83519bb0d6887c564ff91e0964801ee711fa3ace;31232;82d6c6756f3f93781bad82520b465362fc9da30d352a1a7fc9e6d25d64cb47e6;5;0xC000;30720;100;512;2;0;2;13;1842704;639
a4d93280ef2c528f.dll;35328;558f779a127e40c5f6af3c9b2aaedbea3bf414c9f1be4ff4698e21b614ebc937;36352;66d82cabea64a7a776cfe2e0f026eff5bbb57f17f2303421c79a586e574689bf;5;0xD000;35328;529;1024;6;0;6;17;1843343;1192
a4e2403fc1117436.dll;233472;7ddf94b123d347294ec67751790f823b7d628c52c31f10f4ad3cffa44407c37f;233984;c9a02e21f12d5489389e186928363cf10fac85acbcc48afc035ef6afcf7f7a7d;5;0x3D000;233472;71;512;4;0;4;15;1844535;661
a4e398444ce47d26.dll;33280;e3a511b4ee3102dc3d819ae2ad997cc808a0f76cd19cc63fc417468a2162def8;33792;d260fb491148931a7b4cf97fac41b0b0fe322a385909398d12884011989b7f7d;5;0xC000;33280;499;512;5;0;5;16;1845196;670
a51d7c71ac1e95f4.dll;30208;0e0a4b004722564a18dadc266778ec383574dbb74835c392792d7c9f4734b02c;30720;816257f26e0262c7672a438a75c3005fc8818b4bac50c6c7a8f4b7c6965864fc;5;0xC000;30208;109;512;2;0;2;13;1845866;639
a52c1774459465c7.dll;38912;31fd9f51c1b9a106d30e1c2bed0e6d33767fb9880556d4db274ddc270d0ee9b8;39424;031597a45d63368bb7d5a449f21a8b54770897567d6bc30c11503dde2c6806e4;5;0xE000;38912;265;512;5;0;5;16;1846505;670
a57361941f0b28fa.dll;37376;1f79c89de6c7c7164903595c64fb6ac1ee588d49830e6159257c6f2f46732235;37888;cb2839644237771d05fba7c49f06575addd08c38d4720f9c0e81c09e964f8f46;5;0xD000;37376;250;512;5;0;5;16;1847175;669
a58381ce977d4acd.dll;41472;f34f3eff4f7ca052187476d87d8bfd6b97a7a2013fae1d2a0313c24627e0502c;41984;5f7579cb69bed039d9d9afb526da4594375732f3a279511cc65933ca286e395f;5;0xE000;41472;265;512;4;0;4;15;1847844;660
a588c2b4590b5eb1.dll;37888;7bec8748a8b7ad3ee6ee89fa58936c626e6654a01169ae0a1aa2a58c783fdfd3;38400;5495f64a832761539175b83fb6cd0b6bc9b983a4570488a958a7afbee7db16a8;5;0xD000;37888;200;512;3;0;3;14;1848504;649
a58f74945950303e.dll;38400;e2f6b1dcb7a2fcff06d01630cc20b10140433ffb02ffaa1898a61321c4536407;38912;233262de213bf06f14a0c69734d2c9821487bc13c2b9b40beca161b528429081;5;0xD000;38400;244;512;6;0;6;17;1849153;679
a5affe9fbe6dd30a.dll;36864;c54272b420aab90e08136d2cb0d7cdcf8fbb62635f01e7b464eb140c4bfd475d;37376;15eac0a725c5dc9b294920b304c0b424fa7f8f31056f3078605e48c27e5de100;5;0xD000;36864;210;512;4;0;4;15;1849832;659
a5ba35008570928a.dll;31744;7706f5824260fd324571ccecd5e01bb45c2d9f52ab232d5b59a250228ef2aed6;32256;8a59a7ef8981460f67fff7b8cab517f91d841ebd9026c6288e859d2a6648628d;5;0xC000;31744;98;512;3;1;3;14;1850491;649
a5cc6d1af6c5b428.dll;34304;b67e5f9ac40c9811dcc6b5535a3e5e9ae7c5df0eea0f7e70aabbdc916e389ff0;34816;289bd655a305660bfe422d105f9ceff8d88b66ebcb9efc2b4f8da331413f09f0;5;0xD000;34304;72;512;2;0;2;13;1851140;639
a5ea9c43495039b7.dll;28672;f07496dbeb58a4fe0079a1034a909f077b1a6e6900950ec0f4b20248dcead7a0;29184;1e85d03549fd11074bb94295ed0a76fdf3544920ee6fe33bfb293bab88972fec;5;0xC000;28672;29;512;2;0;2;13;1851779;639
a5f2eebf190b5ecf.dll;32256;86462ba2453afb260953510a526e8fa1ec20223bb2a0cae8f684b70bed64768f;32768;343f9051ba26accbdd23d77a18ec95ecc116013e82cbab39b3b393ac49ee5f4a;5;0xC000;32256;18;512;1;0;1;12;1852418;629
a5f4ed5430db45cf.dll;34816;fddeccfc5a56bd0d8fc67ab071f2858063419f9e20e44bbe0d0e79c62571e32f;35328;ec78221e97887e23a6f6668ca54e35c204048fb5aa1093153429d44ff0fc2101;5;0xD000;34816;154;512;2;0;2;13;1853047;639
a5f4ed5430db46cc.dll;35840;82e7aa1c9959d6dd8ecfb3bedd52a8bd47bd5074fb9db75a4f3af6093bb31cfb;36352;acf4b224ed1e7206a10c0adf02c5a3617807bd9be8c12fd66ed0d26cc1fcaa79;5;0xD000;35840;168;512;3;0;3;14;1853686;649
a62b93376edd0a4d.dll;30720;f440131ebd4252489881c6c1e30ac1ce23a321208d843d75d0552e181793015f;31232;8ffb1238ab1483f97d9c67c300b8431cd397ca5b32c6c4292ebef6364f2a6cb6;5;0xC000;30720;176;512;2;0;2;13;1854335;639
a639cc38924df7e7.dll;29184;4de55ba4517916c4fe0ec6cc1fb6cf2cc0f327aabdd7d320ceef40a202f7d023;29696;02be47342bf4926761f1b8bdf610db1fb18c435bd0a80ab18dff6f03c4481e3f;5;0xC000;29184;141;512;2;0;2;13;1854974;639
a65aa861fc8cab8a.dll;33280;7145c1d74d1f2a9430afcee83c29160f069a829f0be4fd0a0f9e6156da070486;33792;862cd703925364161d799422ffb6f751074eaba1e9291c60578d6efccd8a120c;5;0xC000;33280;339;512;6;0;6;17;1855613;680
a662288a104f8879.dll;33792;63b6e0ba3fd490a2db0f630f2a587ab5e2fba2a657f304d8184522dc37115083;34304;4b0b71465450a8f99afe75a3130d4d2bae095134566c90366dafac5dd9d0826e;5;0xD000;33792;84;512;1;0;1;12;1856293;629
a665db495ec7aa0f.dll;30208;4ea1ae0cf668df18831905c442bfac065a0c79ad67b2d1eb2f542615a1efb9d8;30720;8cc95529ea264e63ddbfad3c4d0ae505aa4b97b8a99a98c44c29963b472276be;5;0xC000;30208;16;512;1;0;1;12;1856922;629
a6a00a50e49521b9.dll;35840;221a77f3fc0bbd7a40c273d4b5d3a913e09df7eb0398477c4d3f4dd670bc5c64;36352;4367ccb963767b6c5e0c334e3a26b9f729070375401c79568bed006f50f9e7af;5;0xD000;35840;176;512;2;0;2;13;1857551;639
a6bac14d9250d235.dll;34304;ccb2f388febd818ef10fc33caa4f50a62cdf3268cf50cf56bb7ad787de5f80ad;34816;86b94bc2c0b1e3d19cf14cf6bf10f954d50ac876177c7786156af8b3b972334c;5;0xD000;34304;263;512;4;0;4;15;1858190;660
a6c9095ea9798672.dll;30208;b790255a5082e7de645a3a6bb07cc79fd4ccb7f76ef39de91611e6f9d8402efe;30720;950e69a0b971ae401fa36fd460bb85ccf89b6ef7ebc01a4f61b0ea7cb5205a00;5;0xC000;30208;122;512;2;0;2;13;1858850;639
a6dd89a58fed6712.dll;29696;162363e9566909816a8183e22669302ba9b1a509301d3ea4a37b69b078233aec;30208;30a0ca097378d8c203c915640f83c8d00a7497d1f23622b8205d805a5632e86b;5;0xC000;29696;47;512;1;0;1;12;1859489;629
a6f7ade1d2015162.dll;32768;fd0b901e7426070798aa009a982e020e714f4874ea353ba8debdc35cf53e0f26;33280;ddebb96f0d6ae5576b36548fa78ac85e86c3e0e66812e0d16d533eed17c1554f;5;0xC000;32768;231;512;4;0;4;15;1860118;659
a708dbe7a2e290b3.dll;32256;acdcc12ec9122e2ce77fc619d80a9fbc4659e56bacab5bf336e044a103bd9731;32768;97b0536bb625824fd6a37480bc61e2d2d645cef5e6c77cf2ad48371efbfbf41e;5;0xC000;32256;25;512;1;0;1;12;1860777;629
a7348c32768647ea.dll;31232;2f47db4310652f809010405e88fafaad172f4e0e0e2fa5e8a8c491fa3eff3031;31744;9a5c932c8360ea2f72866fabb3a34d643374b29e817f8a3a673d907509f1e177;5;0xC000;31232;44;512;1;0;1;12;1861406;629
a7348c32768647eb.dll;31232;d62c168cd89a375c8dbe84b46564d8d97d14d71fde2687a0fb8772a46df75053;31744;cb5185fd1d3ec9890dcb898a316158e893259a525c5f911614e81cdd8b1fd454;5;0xC000;31232;46;512;1;0;1;12;1862035;629
a76c28422f51221c.dll;30208;c06c80fbf55d0a25127993d9f2176c212477dc43e5222d2ef5662226f292cc84;30720;27f81a4e108e443ec4589da67e6c9bf7a499d63590580f1ca88de1d1d6719373;5;0xC000;30208;53;512;1;0;1;12;1862664;629
a78ffc57d6c758df.dll;30208;3735c90bbbc9e545b0fb78adbf9368b99ed8938f4c080b6de9ea873518f415d5;30720;351ebbf5a9f6795e5a274d100d01c84ba4853bc580efea0f1caf8d57aa4cfc7d;5;0xC000;30208;229;512;2;0;2;13;1863293;639
a7b7a92f8986d0b1.dll;30720;5993ee2787cc5c5bdf9b4f9b5ce2608634ddf24107764e1f1eea24f168ca83d2;31232;85dc15f7c9738a80005c6dacad62b3e3b58e2b090c18e18962456cb762fdfcc4;5;0xC000;30720;86;512;2;0;2;13;1863932;639
a7d0c743bcf5f1f7.dll;33792;23129237b15018b0bbb3c98dd31a78b804d1a154bdc07769e302fe439fa9b486;34304;e4c698f712f7c9198b6ccec24e5c6d19008fa158dafafb68b39576779334022d;5;0xD000;33792;33;512;1;0;1;12;1864571;629
a7e146bddc6a90e5.dll;31744;9e136f48554439cd2e9d9aa7b7ababd923615de4a83c3728687a07f7211283a3;32256;106b04ba756faefaca90ee4ae8668809903ae32535d4630c3e57f81ac3f51010;5;0xC000;31744;152;512;2;0;2;13;1865200;639
a818909c8300dc6d.dll;36864;1cb77abfd7c483d335999e2313c4d48e2a2cf60b7b9cafe412fa92e01b4661ca;37376;afe2f974cf89f906b8a517c8204be3e43d9640f615ea39bb774ef423af1b0673;5;0xD000;36864;215;512;4;0;4;15;1865839;659
a8230063c3c40c74.dll;32256;7d3b149102ebadf827df66744203e1de2e9784320a8471d59b6fe3c3c04d755e;33280;5d3fe71b952110e7e67c310714b54fc4ec65fa188f8830675b7393bb7ec8d3f2;5;0xC000;32256;544;1024;5;0;5;16;1866498;1182
a82a5773a79058e3.dll;32256;ac9bbcb80319efa4b5220ecb9fb0d07cc9802b96aa2671e5200fbff8debc9d7a;32768;5662242a47902706a792eb98cc9f47c54dcaa9ed47b3986709502afb88b3bf16;5;0xC000;32256;36;512;1;0;1;12;1867680;629
a82c4ec40aac157f.dll;40448;fe864b01a8d4afd50b49c623f69e195e87db162ba50234a20037aeffb198c03c;40960;fb1b3af3952adb237aba189f4e803f7dcda7402d6205f93dc2f193309df656d4;5;0xE000;40448;273;512;5;0;5;16;1868309;670
a84a31b468690d81.dll;28672;22c1536947178af2bc659b5dfc774293ebb28029cd0d3b020082fa86bad1a4a0;29184;ae17e3b6b664324f5ecbf97458f055ff9dc3650baab6bdc5a3a30a49ee4c7198;5;0xC000;28672;46;512;1;0;1;12;1868979;629
a85771db0f4802b2.dll;30720;44fd333ae50f0a970c3204d663cf533de5388f943d1d5bba271d130499512cba;31232;cca5add04ec51be90b1dc3a37154ce95aced0cc2573c990720c8b800c98797bb;5;0xC000;30720;41;512;2;0;2;13;1869608;639
a86ebf7cd1234860.dll;28672;36d43a7d8fc1fd07efc70cbaae5806445d6f486e4133e81f14f3df8af51db6f9;29184;95fa74e3723f1fb49c0b4016af761041cd4f1b5b8899b3d03f61808563beff2c;5;0xC000;28672;52;512;1;0;1;12;1870247;629
a86ebf7cd1234863.dll;28672;ce3d0d6dcb1cf815965d5c30709e3aa6937ff053ba5235d694f343490a6f0f1a;29184;8a0b70ca914dcc3d1cd195bf021939b795be9d5929ace68d88c121fe0d6515b4;5;0xC000;28672;30;512;1;0;1;12;1870876;629
a8894f1db1d8a925.dll;37376;ac46a993c8d9af0fb8176f860ad1fa903864635f2dc5179e7a2dba76143b07da;37888;cfb84b4314056693715e941c5509aaffa65f2af43dd55494c68c237b87757da4;5;0xD000;37376;161;512;4;0;4;15;1871505;659
a8a6bb6435aad458.dll;36864;237bc1a9f014eea001386490e633fa5587603e1e3d3ef6c851cbdd083dc5002f;37376;de220bc0d9202c711a0b31b657e992110c6c8b11bd87b4aff9dd96832f85f85e;5;0xD000;36864;65;512;1;0;1;12;1872164;629
a8b9e4b1a111ed84.dll;30208;58f765a22788a513647870c7b2b0e48c42e8e7a718e4f182b78c3c7cdf1c8468;30720;8c776fad0bf5c6519c9385dc7a038b2b2f1f57909749f157ac99413726d09519;5;0xC000;30208;88;512;1;0;1;12;1872793;629
a8d58122d48de768.dll;36864;1716cb15fdaae621080b7163eeb0d5a0046ae01581042fde6318f43a51ea594b;37376;250273dae2aed139a7d4423a228f995d5d0b506c036ca9982725926fd793c340;5;0xD000;36864;47;512;1;0;1;12;1873422;629
a8eb4b8194b7da4a.dll;39424;bd0b0a1f3397def97ce18efc852c009587a8a382d0a9b140c49cd24076cf15f2;39936;4a9cb3af95ea9ca9cbeec121c6bf74e02783083ea3f6d1c8724a8c61bce2afcc;5;0xE000;39424;123;512;4;0;4;15;1874051;659
a8f35a7e90b1e3a1.dll;28672;93c881f241093ed1d385f091934733e4842919dafafbf6fad847430dff4b66f6;29184;e7be76efbc3d8ca893b675559b8c22511ec33aa082a4bb46d329f74a09ec8531;5;0xC000;28672;32;512;1;1;1;12;1874710;629
a92fd1c88a1a5acb.dll;43520;7f567e487915ff88f5a1dcdf10786b4b68e0892f7974531bd0bc95e01d0cd0d7;44544;61677baf01640e4310173f32b96de39030fbc61dd29073dc0ed89776b0dc0d31;5;0xE000;43520;684;1024;12;1;12;23;1875339;1252
a93772a746c8a66c.dll;31232;3a0a38e2905279891d6f6bee6aa3f70004c0897ec651491d40b60516271b664b;31744;ce47951565b84197a2118146fe0db25070ecab75caf33e73449d992d5025e145;5;0xC000;31232;166;512;3;0;3;14;1876591;649
a9388be56e68e1bd.dll;35840;de4d3c8f1fbdea4bbd04dd03754a2babe281149977fadc1e6ac2a848b17c4d61;36352;0a0a59327a6a6e7b9bb370d65ad8931f6f8c2a64d6253a5cabdc0e566611d172;5;0xD000;35840;179;512;2;0;2;13;1877240;639
a9583e954ad5aa52.dll;37376;04ed3fcaa665a1afdb6a30a378731d141f2d9b0db19a42577bbaf848879b33bf;37888;7daca452856798cf3841ca203ddaa989ffa70fa1ffd5d28da5c2d57af64712e6;5;0xD000;37376;122;512;3;0;3;14;1877879;649
a95b75b36bb065bf.dll;34816;abcfb828359bee6b3a5787e8c8ac4a2eb26faff8d380b01d772dc52638d0c9a6;35328;010cf19dcbf0f8c3fccefff32f6af800de2b5d8b95b0963fa06dcf4616cbbaf9;5;0xD000;34816;36;512;1;0;1;12;1878528;629
a966b96953221cca.dll;36864;eadab12db8fbfec50e20386321107f1edd0c623c058c09b9257b7b5e6ae56311;37376;15c3d92558f126adf4b3a37e25c8055945996aef8c0cc8aed441b54fdca2520b;5;0xD000;36864;174;512;6;1;6;17;1879157;679
a9746ffae0f2e4de.dll;32256;6041fdc5e6fd5a8589f523398fa20c459e402452f6dc72f663a7c2db80e2ad6e;32768;e695d80e1293ed8345a4f22337992caa5600fcead7d7b88b9e7a7e6357fcb154;5;0xC000;32256;210;512;4;0;4;15;1879836;659
a996c67ef0682faf.dll;32256;4b8a95800f412dc6ee5e1fbe6081be85e9c46e7346515a503271db552b2f105f;32768;74977525562032acadd2cc5501fc0da226df603919cd8f0b87011b1cf5638acb;5;0xC000;32256;41;512;1;0;1;12;1880495;629
a9a87c30cec552d4.dll;31232;b7741a1fa229b4e6c3c08b0573a143ca768c88f5742b01aa2acb0b5e9fa61e56;31744;3aff1b92a358ca11e28a14edf8e1c63ad55b5de076381e0ce35277694c6bd939;5;0xC000;31232;142;512;2;0;2;13;1881124;639
a9c5673341ff8e6e.dll;31232;a09cd0d8405ee2f8f92cec3b15b86c4dbe89ca72214a4721531e15058c51a319;31744;058d2ca02fad46320dd244302924c8033301cce375665bf0114e834a23109554;5;0xC000;31232;212;512;2;0;2;13;1881763;639
a9c6a012ddf1e15c.dll;30208;73a99c181660aa3df4089b277fb0100725c4759e3a6c49a6d651cfea418d74b0;30720;cdb9d0522e77752caf76326a3f9ccc8b617665ecbcc674ae9bbc97b53c5ea519;5;0xC000;30208;94;512;1;0;1;12;1882402;629
a9cfea989df96c7b.dll;29696;72df3eb22a4ab583bbd30b1218d7424558edbde2bc38967ed8994c5495f9edd8;30208;cd8f55c01acbe6843cfce73056cf28aac656424574a1470f124bdceeb64204e9;5;0xC000;29696;18;512;1;0;1;12;1883031;629
a9df8b0d54ae0fa4.dll;38400;a07b471caeba69a08792c25afca1dd9c85051a096cc827b2f8574fa9ddee46af;39936;d35b2689db8403b7903fb8cb3fd2199e724038a8e98a0ca66b9be9118b479279;5;0xD000;38400;1143;1536;12;0;12;23;1883660;1764
a9efceead66dbeb4.dll;37888;15742db2be1b8c0901c824605b9345263f5b14e6fa8d8261034db70445b1a937;38400;c94df53b6550aeae8082e0117976ab06827916388e733ac34d215df7ad6a379f;5;0xD000;37888;295;512;5;0;5;16;1885424;670
a9f18a90a7a03fe5.dll;28672;69b2d5022b57f6b4bebdd1f60d0af2d7b20a21838214582d8cb6abd71eebeeaf;29184;7879bfb3e13d8003f8150a1f303834ea28804ffcac20988c788e68846e4967ec;5;0xC000;28672;34;512;1;1;1;12;1886094;629
aa25c19b60788fb7.dll;30720;ef59bd132b5b7c9fc80fe74e3a02dbe87b915b18a10757d9f0f5c54c359f1d54;31232;bd938a69f99638e96dfee7774475c1c797e8c17767cbf11c0d3464f07fda7a8b;5;0xC000;30720;153;512;2;0;2;13;1886723;639
aa45ef7f9fb26ad6.dll;41984;2ba4a9b9f1f4491a0ce8bdde10b2c912071b70eb04e44f536dbcffd7e207ff13;42496;d3425884fb93c45d7d449ebcd1676e295a1f4d4fc6a373ab47d3de74e5a9e23f;5;0xE000;41984;344;512;6;0;6;17;1887362;680
aa527d955dcfac54.dll;37376;a4dddab52f89341655fb5b00ad26660b243f5c59c837bcfee9756a5e10758859;37888;cb4dc798ff5b2967927f5d4f9b0e2d3f43f2453d9aee7d0c71f02e959ebde303;5;0xD000;37376;283;512;3;0;3;14;1888042;650
aa5fcc8701c45122.dll;34304;ac21f40de148c9e7aa9af436aca8a5f2f7cfeb1d7da9accd94e44fbca4a9fea8;34816;6153ccfbcf27e34361a8c678d9c29b9b878e4e5c574724750c04f76badfe435a;5;0xD000;34304;425;512;6;0;6;17;1888692;680
aa6dc3b23a0cf3fd.dll;40960;7253d59d14cf1afdded57b1fa1708c4fa6797e531b73f12cc7f46229ab3b73d8;41472;6a882f31446d76bb20754c6c4efe2a6fce7b4bb71a5d553c8685e3161b517691;5;0xE000;40960;256;512;4;0;4;15;1889372;659
aa7b6934b7f46b0f.dll;32256;7d054ec451f8e4227702fe74b2420693332307904c64d76eb7b7c1bb187d2275;32768;d22b103b7047fcd658942b6d693ece79395aab441d9e33d941283c81088243e5;5;0xC000;32256;41;512;1;0;1;12;1890031;629
aa88242b81e0c11a.dll;30720;b2ea5cbc55394d8cd5eefb1a310904692865f4d360d1ed5e0c1333f7aef3fbf9;31232;19747d46267cf38292f5db906613e70cd6cdb1897de8c6845cd6305671d2ec40;5;0xC000;30720;137;512;1;0;1;12;1890660;629
aab11311b7f224cd.dll;32256;0266735141350e717b316f47e1a7ced9f3d924932dd435a25ea80bc0249f3db6;32768;d2bbcde1336426e22de1f6e06365572ed1461f1aa7aaeb806086e8d840f607cd;5;0xC000;32256;49;512;1;0;1;12;1891289;629
aabd0af2d5b13429.dll;30720;f7cfeb87a6e632c2adac0f75163030a2407812fe71ad057ffe7a058c1f8d2849;31232;a77e4e3c478fab9cd6e29e685c49cd4eaefe15b0f43321b32ff409f7101f7799;5;0xC000;30720;185;512;2;0;2;13;1891918;639
aae2b077c286dbe0.dll;30208;abf723ed2d8944913bed7a88dff81b02a48e31691dc02734bc903413250194ea;30720;34f11e98681e68cd2aae34a0e1bbfdb4e723a7b027a4d78cf215ff8407a7e5cc;5;0xC000;30208;71;512;1;0;1;12;1892557;629
aae2b077c286dbe3.dll;30720;598c658a57e03fd47a939aaf16d5f648295f2f8ff94fde6efa9e8a2792a3b95e;31232;12f0cbb30dbcaa1ce4afa9c37a432313c6184c436dd56abb75ddc05d7cb3f75c;5;0xC000;30720;107;512;2;0;2;13;1893186;639
aaffcd6252ef0844.dll;42496;e58480fb024752a9619a7fc69a3e56fbe8c94ad8e6626e347feea7105a7c2cdd;43520;c919a698b3286f7abafb57e2b872efe4345c5dcabb1cb6f524e9dd721ab484ee;5;0xE000;42496;816;1024;11;0;11;22;1893825;1242
ab0606136a395f5a.dll;35328;5c2ea7d1c872a6ad8533d0467490f2f142fcb0a2f13c3dee6d96b1d11bcc5f9b;35840;b05c2dac2a4321c86717c77f4c222cd1ade73e17a0d3a79c000ecb70f91e5895;5;0xD000;35328;33;512;2;0;2;13;1895067;639
ab0d50c1803f4cbe.dll;35840;cf65dda2440e9b819777a6a7ae54fed27fc710294ad29aa07e2bda007e975688;36352;6324fa4d997cf40d5bfac8161fd0b7a46b367b886b33ff18f9be8dc33e138665;5;0xD000;35840;138;512;3;0;3;14;1895706;649
ab1044996dd68ff4.dll;30720;1031609689913c6fa27de1eb49473e062bac57ab6b0f7c20ffc5aa9488990162;31232;f463c93cb81f5032ee707f055d32475f40f7fad45ed95b37a3925d633c5bba75;5;0xC000;30720;137;512;1;0;1;12;1896355;629
ab2c9fceee6cfbab.dll;28672;4ff20f907645e57f49044f9f2053d2eca011ea092ba29b3bb39c9a07b245d0eb;29184;c7681c60b984e3170bca13a367961264931a43c562ae8f584ece4fa94959e2a6;5;0xC000;28672;16;512;1;0;1;12;1896984;629
ab3a55c7b21609ed.dll;31744;6f8dbf12de70302c11fa02a3ff2d4c9018dcc2520738ab4e20bf9930afd2675c;32256;c60632d8405089dcb7c7d44fa094680b1c27e9404bb68102b3f1749a423e7767;5;0xC000;31744;405;512;5;0;5;16;1897613;670
ab45151e6aa97674.dll;31744;914731c2930498c7d7ca822b350754a9b750f44c1d992c4ac9a9a7984b4fb42d;32256;ca16ea3c998abbfa7f74e127197eae399661749eaf1235efbf050d40c71ac580;5;0xC000;31744;248;512;2;0;2;13;1898283;639
ab4a26e03f009440.dll;30208;14f423f33a627e5e1649639b286512b3eeff8e8f1e1b8d6dd98447fd3f43cc90;30720;75efad07d974f01984abcdb05556f3b13c6ecd00fe9dca479d185365068898a8;5;0xC000;30208;327;512;2;0;2;13;1898922;640
ab4a26e03f009441.dll;31232;5eb309e977f703a753098c930500d8bb8f8708ed63ab27b6e30019de5f070987;31744;a7496f0a0367f2ad35bc8529f015f47a666159f7c80a4474afdd86969c673ce6;5;0xC000;31232;472;512;4;0;4;15;1899562;660
ab4a26e03f009443.dll;30208;bd212414ddd3dacad2a6ae9a8e2fc387a6ae8eabb2981101a5b458885796957a;30720;964763f6813e0de9c7acc42ef7979a47ce1151f8becf9cd8741cf7d91faaa328;5;0xC000;30208;181;512;2;0;2;13;1900222;639
ab5c91b65670c9e5.dll;33280;3bc2287f92b097f4c6084a369a52ff10734058fb468d6e7140934090a261d292;33792;87eb375c56a7a1c550930ad0b8d3064d4258912bcde18dd71a2dff01e574da11;5;0xC000;33280;47;512;2;1;2;13;1900861;639
ab66611290c86bed.dll;30208;f82be3414d9d0f0217ef0be91ef84298fb57b2e69dbfd5c7b408658b6df26a2b;30720;6cdcda8c5e95c3f81013104faf55732778e8a3b0bd274cde317df788122f2ce8;5;0xC000;30208;63;512;1;0;1;12;1901500;629
ab781018b13b6a5b.dll;32256;4ff6379c7900e4f60e0e761f57f460d0a1ef388bd7014b4a6dc376e8b3e985fd;32768;06b2bd26c70e7649a3d79f295f54dbf7699e0c2a729fd239afd3c3d005b30134;5;0xC000;32256;22;512;1;0;1;12;1902129;629
ab7cabe6728a6246.dll;29184;60b703ea5371c10b9af239f61799a29ce6df7234e122ef7fba8311edcd665468;29696;f2879b8efd2c073976be4546fdab00b26534c84e8d0393b0928ca21fce3aa691;5;0xC000;29184;173;512;2;0;2;13;1902758;639
ab8cfc8fbf8915fd.dll;31232;81061c0213dfba903c79c0bc5492ddd3c68a080f2d0f3dfc8fe5f548a3c065f5;31744;c43095c183c97b4a7794cef03a398c3e22519bb6e729fd4630b1f7b9abfaa8b9;5;0xC000;31232;46;512;1;0;1;12;1903397;629
ab8cfc8fbf8915fe.dll;31744;bf2c4ab6761037d941c253141c2c529cab24524fb50cf8b154f040ed15168dcf;32256;f79e3f49d64412d180987ddff7c8aaba4a9e133c0a10882d5184d6d011bb2511;5;0xC000;31744;71;512;1;0;1;12;1904026;629
ab8cfc8fbf8915ff.dll;31744;2baae87f947dcaa96ade7173eb9772b9da9efec40f8ab6862fb1561b62dc7540;32256;5e1da584dbe36104c32d4599e96fa44914c033ab8dfdd5b4bd0076db707d89e9;5;0xC000;31744;77;512;1;0;1;12;1904655;629
ab91957a591c2ccb.dll;33792;83a6026e721f9e1ca99b3d66da1334c6e5b7789e27f58511bf55bae6f0776b76;34304;36a677b7321e0197ca5f8b57e7ac3c18822af2576ffa75d40133fb42611e7ffa;5;0xC000;33792;174;512;4;0;4;15;1905284;659
ab923a078562053a.dll;31232;e89d838d7b3c0d566038d56059bebe58f0f077f50fafac131f3b653a9da0105d;31744;2180741f95d6eb31e0bde5d2b379d04793963b7a20d771956cf8f4078aa40db2;5;0xC000;31232;188;512;3;0;3;14;1905943;649
abd0e4e96c9ccd15.dll;45568;c6e69ca52e47609f57cee2a165500e233c1f750c0491115cd6f010370ac04af5;46080;62d5f759d1d8946590043a691feee439b96762025057fba9f6c87745224b5756;5;0xF000;45568;181;512;2;0;2;13;1906592;640
abd2d3e38c219f1d.dll;28672;b320a06eed5b40587c0ca652a44c1528411717d3666d56109a8d757ce2b8d6b1;29184;cf06c1cee3e689245c8d4dffb05030ff90e767617fb43dbeb926ed38aebc2774;5;0xC000;28672;95;512;1;0;1;12;1907232;629
abe4f8df369ee84d.dll;37888;7e782fb22802c6caf126fe3abf470af68c066aca9ed74c820dbd0e534687e44e;38400;d70d59fa0cadc758d03054048229871e5c74fe9e6acd57a45d197bce83ca3f81;5;0xD000;37888;104;512;3;0;3;14;1907861;649
abfc9f6502c035da.dll;31744;937d82a0346afbc537949a02ca3a3b2d2c5e2df953c5cbe6fbe11ed00998cdde;32256;6952622034435965b8b7b57f72da160a57fa16e8be548ace0295d39776eaf2a9;5;0xC000;31744;253;512;4;0;4;15;1908510;659
ac19fd2de96a1b4f.dll;39424;93a7c3fe57198b717f9ee58d98e307f185cbeb1cfa76ba04b4aa62f75cbe607f;39936;6022ca41306b8564b5d0975ee38d311e71d52fdb2d2096ac8eb0e33873778182;5;0xE000;39424;143;512;6;0;6;17;1909169;679
ac3350e92a340dd6.dll;38400;b1125519a50f7b62f56dbb8dc0139fd3a07534a3927d514820aab2122de81285;39424;f190c70e9602732f581524bcbe5b128715e7fa4d213d15aec7510906f625e887;5;0xD000;38400;883;1024;12;0;12;23;1909848;1252
ac38f314a686e739.dll;30720;df80ba2e7cd9737fd89d0bd80eaa55f9f2e93e05e538e60a3478ad439e0872bd;31232;3400fe222553ba5dd0dab8d3402101d48a914c46249101947b179eeb1e52beb5;5;0xC000;30720;209;512;3;0;3;14;1911100;649
ac5f588a3e6c8935.dll;31232;eeb5446392b3e0cbbffbb076e76d5992d090baab98ec89eed5d97fdee2a0518b;31744;f1e5c2583bf7a5602aa532a6a5a686043329e87e536492bf704a2827fb19b680;5;0xC000;31232;63;512;2;0;2;13;1911749;639
ac6d692efa26d5d1.dll;32256;4493bffe653f36eae97f24f1b4d4b0ff88dc12a455bc7a63fd8f44724db1960d;32768;2a07e6379f7b11f65945ee2ea87f8bf46c2e5da023fa41c754c775491847fddc;5;0xC000;32256;33;512;1;0;1;12;1912388;629
ac6f24098e21c204.dll;38400;6ba6fd56a43a630a4a6c5a3e7a82159e2f35653e311b5703c7392bd0495a1bca;38912;3adf8f6b1c2526acf2138b56e1c47e346ff95ed2afdbe459474d7696c8a3ff46;5;0xD000;38400;196;512;3;0;3;14;1913017;649
ac7732e138636592.dll;33792;37aa6ae99d616623180bbe749f50a11c632cfded4cce9342f1277387be712159;34304;d1896b4b01a77da78a7b908982a40a161dd7984d4f82e5f7e26a9260fb89f138;5;0xD000;33792;54;512;1;0;1;12;1913666;629
ac97af82038f4e58.dll;38912;e6bf7b11d51ac612852ef222081f0d1bcf951ee78c785c25b7f91bc21dea1db7;39424;9bcec516c9ace814f7e9c83e73fc6358997b6f5eb32f066880c54f5b896bd948;5;0xE000;38912;407;512;6;0;6;17;1914295;680
ac97af82038f4e59.dll;43520;8b959351c62d277e6b43f0239efbcf7cd8a723225fd709ec5bf0d7be2736a710;44544;b68cbedb02c997b30633d499689b73a4b542d3db475a0d14bf5c958bd4b4ef0f;5;0xF000;43520;693;1024;10;0;10;21;1914975;1233
ac97af82038f4e5b.dll;39936;50ed7f7d11199f6a368545d458ac159cf7d4821666957c0bc1a3b55f03dd2c9d;40448;350ad7b2035f01940c7b7f9f389eac386a17e7f0ccc8eff957ffeaeae7d616a7;5;0xE000;39936;374;512;6;0;6;17;1916208;680
ac97af82038f4e5e.dll;41472;3ca8f2825c171c536c06105a9bda2c747068c4703a00c71ae0fefdb1878fd9ac;42496;8c1132d651f9366b814e4c82178bac741df349c620243bbacd6e74d104587c83;5;0xE000;41472;637;1024;8;0;8;19;1916888;1212
ac97af82038f4e5f.dll;41472;6bde34b62c9d8b4629f14480e40bd351c0e6293444d66dc58401c469a7d5f6a1;41984;3e375366fc9901599a16b3a402b3ec60cd882e380241ce2bf27c2b450cf4beac;5;0xE000;41472;378;512;7;0;7;18;1918100;690
aca0dae361fe9fc1.dll;32256;78aed97d973769607782bf47b4186f1207d0272680db8674d60bd472c66aca21;32768;45008c76846ea7ce1bec22221daaa9e3b553f59c905cc10290cbe75af058f0a1;5;0xC000;32256;45;512;1;0;1;12;1918790;629
aca137ab0dd61cad.dll;28672;c4aef86884546a0c76d2877e1bff9b77bfc5d251e530766c87de25ee5f0ccb47;29184;9b999506893694dcd837817cea7d5d75851de40a58cd58ffa05a20353094e972;5;0xC000;28672;96;512;1;0;1;12;1919419;629
aca7c0e4887c8583.dll;33792;a7178449955551dfa50ced0469d06349a200d5a40c22a6fbbbc5829c868553a8;34304;31c7937e521f7265905792f8d6a1b4be4cb3fef9563bf678776fc836f802aeb4;5;0xC000;33792;467;512;4;0;4;15;1920048;660
acb58a74dfd39603.dll;30208;88f475401452533c8be8f5dc731a2ede0d2d1e5554dc21d4f54279264f333f90;30720;027b5185f796edc35df862bf586f86eeac48e0766ef39a8eab4b243395bc259f;5;0xC000;30208;91;512;1;0;1;12;1920708;629
acc301304adea2fb.dll;32256;f5a476e2b9ca384a2541e199ef7c61946a4bc39f7b66522f498264b68742740f;32768;3f797f0d0053d346919cdb3313d3407c7e99bdd494a09efc0c9f1ac17d0b889d;5;0xC000;32256;26;512;1;0;1;12;1921337;629
acc4d5116be66849.dll;32256;6dc4e98d27c69f4b3f59900d4f762c033ed887237131f0fe2eccb37c5b8a6fa2;32768;837b2f41e644101f1cf31c61219b2c113332ad4b9072e2ff6d956f9d565606cc;5;0xC000;32256;52;512;1;0;1;12;1921966;629
acdde3c9996bd132.dll;31232;19a04d7cf1188c6fb8ac24662cfc3df674bdcf420c163000fc0722cbf206ebd7;31744;b006c255caa3ffe8c91e2e858e6f0efbc2d39230b6355e44973092482df288ba;5;0xC000;31232;27;512;1;0;1;12;1922595;629
acdde3c9996bd732.dll;31232;1b586bb4b11bb8962bb271d00c1e8c521ea4bbc01bb024ee7da15dc6dea0fa24;31744;f91de2f33fd7d731336fea0ea957a8b07cf40568b2adad6e282e97edaa7eb4dc;5;0xC000;31232;27;512;1;0;1;12;1923224;629
acdde3c9996bdb37.dll;31232;12f1fb8f42a73f86ea20772c8b3b0051ba282deac75a5b675f2522c2408ef1a3;31744;93e2ebfc838d648059271b1c0196d0ad0575521fa4eb0c327b0566936653c526;5;0xC000;31232;27;512;1;0;1;12;1923853;629
ace983d6be99fa03.dll;38912;2eef831ba2cd2b318c8996a61dc8ffd46d5934ed2b9640a6a2163bd7722a7773;39424;643312b7fba7ebac49cfeafe3d0980d7642751846a88961681e94d36d01c77cf;5;0xE000;38912;136;512;2;0;2;13;1924482;639
acf4704981ef0d02.dll;33280;19eda2aa715f99cfe4507d15246bde180634dcff02bdb20ce7060ead81ccab03;33792;e2f0f47a7d48cca1aa414e91bdcd568a1d2c76f0f4828311351caf37a42be1e2;5;0xC000;33280;40;512;1;0;1;12;1925121;629
acf4704981ef0d03.dll;33280;ccc031ceba33568b94ab21043f89749d9aaedb1525c4d12fce8ab090c4fec146;33792;d07701d9676f9784630aaf90faf02fdc8eb44e07ccbc19b2dd5cbd992fa3e85c;5;0xC000;33280;50;512;1;0;1;12;1925750;629
acf4704981ef0d04.dll;33280;1db93118132b15085b5fdfe39993533590aa012f87d0f56739cfe95bce1eeeb3;33792;09d2bc16fac1e66194c68299fe654c1e9e0c274de44ed20754880d63b48466b1;5;0xC000;33280;39;512;1;0;1;12;1926379;629
acf4704981ef0d05.dll;33280;1fe0e9d56a81cfe3cb5d2ccfd8740913fbbfc9eedb19354a9d0b3d58f74ea2d2;33792;64543c1fae323b983b713ccd1cb23ea9ecd6e5f77b1d291288034db84057ac22;5;0xC000;33280;38;512;1;0;1;12;1927008;629
acf4704981ef0d07.dll;33280;70b2829f50fb51c69645765b43f20f0297f8f2b76e6e8fc2bef3a82a4581d402;33792;b4f442ac4e05053f53e6d3c1700d2ebcaf01a774ba711e7eb4a3f323d4ae3c9b;5;0xC000;33280;31;512;1;0;1;12;1927637;629
ad02e8effd4efeb6.dll;30208;3bdb07490c478316940a356616561ebbd391d1cdcd490e59df82b85fbbbc14be;30720;672742f3fb76ce225a84f2f2e23971f368f0cdc67628d5dcdfd9e9e8ca56f3c7;5;0xC000;30208;48;512;1;0;1;12;1928266;629
ad1c4bee3606e88d.dll;32256;3081e5f633d6275accc58f00e9e03f86da24726875b4bae4f7973a1aae4a397a;32768;e14a055d7f88960af1cbff0a4f7b7cf5d483edd3bdbc295a5cf786087bb9a1c2;5;0xC000;32256;40;512;1;0;1;12;1928895;629
ad21616407b59f15.dll;34816;29497a5051d3f655933b0fdf3bcdda26827f2ade7880ca96b5bfb00f29dfc184;35328;efcd13c4d7f7d7f6b6775d35214529ca100e0cc5b48bed23d94ab695bd4a4d76;5;0xD000;34816;488;512;8;0;8;19;1929524;700
ad2343a12f50d399.dll;29696;6c5d43dc3105057d125f6dc790a2734bec46146f68aec246d2f24f41703b9ab5;30208;daddfdee4812eefbb74c3b9ac3fc4a65a993928816c22793b5aaec0ef96caa22;5;0xC000;29696;52;512;1;0;1;12;1930224;629
ad27aa3d4566a1a2.dll;38400;ca0b875c7995b8106c352468ecf4c6788c6d752f88e70cd15efddf974f26ed81;38912;2722b6345729076f7e55f41eea6af467296b8c91432ec74ffa287a09a9724f37;5;0xD000;38400;146;512;3;0;3;14;1930853;649
ad46b71fe356804a.dll;33792;32f5a35adebe5407237069ab90a3b3f3cdcbc835468a1970eda636614db37e79;34816;6950a12912d7feb1c511dff9030b8c161ee08329984983d361be185d1b934ca6;5;0xC000;33792;543;1024;6;0;6;17;1931502;1192
ad46b71fef528e5f.dll;32256;147262841780262a1b2fff70ecf14d1c0e27f72171eaa03c11bffe0384c60198;33280;a69134ab30ddbec74629b3dc16b83e472c703c516d068dcd7da2a4b5d699e58a;5;0xC000;32256;539;1024;5;0;5;16;1932694;1182
ad5885359b325364.dll;32256;072e5f57ff6ce7da5612d8cab5d708e289a5da54ebc7fc83549f0bfceb8b2f04;32768;6d294fd8255be53d1e68ff63caf5b6b16b20336b0f502ac42b7e8d5d34c20dc3;5;0xC000;32256;361;512;4;0;4;15;1933876;660
ad6114d5f601bb77.dll;33792;447ae32ae6307b449f133c08cce385cf44e0b1ca3796a82a655d179942874875;34304;044ef0cdcee50aa307b1b371eff695f9d62110deb2c9d1326eb0d3a81cfaf61f;5;0xD000;33792;84;512;2;0;2;13;1934536;639
ad6278edcb7bb05b.dll;33792;b19e9f8e38c467e94960739faa3dcff1d6b661cf61c21104e4d59b753265400f;34304;a280cca5515d056e5ab4d33a7984926b9ae55b8835329d04737d3c766bd51ac2;5;0xD000;33792;86;512;3;0;3;14;1935175;649
ad677ecd6f22b540.dll;35328;eb5f07db3eaa162f6d080d324e67cd6bdb784bfc5232f8db36b75c9c199c492a;35840;5ee61fa9749e3f722c6ff0da123dafc255ec9636fb56658c75b4a1a670c62795;5;0xD000;35328;129;512;2;0;2;13;1935824;639
ad7c2d29f9ffbdef.dll;28672;2080b48b0997efa2d8c326171149908bc1e7f993c6d0fc09eb9a65a5fe4191c6;29184;3de28d483db823cc63356a69853b2d6f4adfa82cf5db6db91843a604aa04a8f8;5;0xC000;28672;31;512;1;0;1;12;1936463;629
ad83a4cf6e86864d.dll;30720;cb198076ef1b5ca4a1dd4925176d8657ffdef4e0da3d1b27197f48d9bb671d3d;31232;f3ad0ab53449bb7b3cbea815c6a00598e58b89f6093568edb4d8f39f477b3aca;5;0xC000;30720;53;512;1;0;1;12;1937092;629
ad88d2a6c659399d.dll;42496;26df8b7dcee6211bd4379b547b82e20beb0aa02906562cd495d6900d7230c59f;43008;46a4f6466404d2c6a67f43135b8e0fa3b40295ad471b65bd224977cb59349768;5;0xE000;42496;304;512;7;0;7;18;1937721;690
ad88f9d15ab36ba2.dll;30208;5208f98c15d58de7388f4a2f63bd4a478be125241daed5c6659cf8e46c5b9971;30720;095e31f2995b4772bc9d2d79d05c01b480f2e6db54d0df45cb3bf45f7f3b6b8f;5;0xC000;30208;96;512;1;0;1;12;1938411;629
ada7520dd9a19242.dll;33280;dd9fd316b2737eaf049a4af339e5286a036b83e504592590e7bac528145214b4;33792;fcf4f2438b42a5e52dae9d4f5765b8011d3f735d713e4fc4b83d37cb2595c447;5;0xC000;33280;79;512;1;0;1;12;1939040;629
ada8b60b3378d30a.dll;30720;e5aa35cbe5ab7a1e8ef5b016be5695ccaa75bb3e256c5007b2e616f3534e271f;31232;7af3d219ae5b0c3b619d7e03d9cc07f3ccd0f2dfcae632dc795010234bb47dd7;5;0xC000;30720;142;512;3;0;3;14;1939669;649
add9862d2d042c98.dll;30720;f58e2367825708a0f1695e77b5bdfbaeef95634251e11e69b11103838b145659;31232;34cf1bfc981b80ae1586c0c1991b06d79f0bc0a52b56cd46df8862784ffcc904;5;0xC000;30720;99;512;1;0;1;12;1940318;629
add9862d2d042c99.dll;30208;069a1bdca89f8ea43e2a689d08df270f664836cb5c1f2d3b9a28dc943276f01b;30720;3ef848b0ea2209bf6b63e7ad0ae9b440036f4438ce10560d1ee61e001fd8b1d4;5;0xC000;30208;97;512;1;0;1;12;1940947;629
add9862d2d042c9b.dll;30208;1f753a7ae1f18d882ee56a439dff7afafc569119d43c1ad070cff568eb5fddab;30720;bcb411460de0f3b2dfba2de65d39e55ee53a258cc1ffb7904e54ad35a2dd1426;5;0xC000;30208;171;512;2;0;2;13;1941576;639
adf2d08ff2f426fd.dll;34304;aec1899b9cbb6b733849b1c56be6c393d68c40fea431eba71d0e466c6238d3da;34816;d0a54db36a01b13e0c709d383735f6140dd47130fa2ad473c61beff7567a7e09;5;0xD000;34304;86;512;2;0;2;13;1942215;639
adf42aa4d40456d3.dll;32256;98c46f295feade094efe2b5401dec262061a69eaab68d9c4d4ee1875c8ed544e;32768;98883b5c6572b418690839b6c3678be8f47d62c226d7d5de196f2b9faf4cba3b;5;0xC000;32256;113;512;3;0;3;14;1942854;649
adfae9f644acbb9d.dll;107520;64a6b7f0247ea09c262eaf384d4d39a4a6fa0f565e3ae96a34a5437f283a40ce;108032;70684942eb92cc8d69955495c173b056d784b44fa25004be62b1e74d67bafceb;5;0x1E000;107520;230;512;10;0;10;21;1943503;722
adfc4578827a2364.dll;30720;8f6c85147f9e9c152d309b0cb0687f75950834a5cbb0f4d65f232d5339eb9390;31232;6ce5e1913c2c65e874c9a393e0a10ca8bab4f6bb18e1c24a2c9b05ae58f7a32c;5;0xC000;30720;159;512;3;0;3;14;1944225;649
ae01d00252d9d46e.dll;30208;b30b44a6c1444bb38dd7511abf66679915c9963ca4733f331746816337169d04;30720;43640b16c7fba9125d28fc8ee8b5acd97752094909b374cecb4c4b118182c5b5;5;0xC000;30208;75;512;2;0;2;13;1944874;639
ae074ad3f79b8d7f.dll;30208;ea61322b0a4746d693ed01ce6b69655a5a0cbbe9bcdb8ad10aa07c560a684f55;30720;085dd85a2865cfb749bdab2939cffaae77c7296f4af745c05e20e6c8578041f3;5;0xC000;30208;60;512;2;0;2;13;1945513;639
ae50558647ceca09.dll;30208;88905ac5edb7ac75dd567a73cae57b442ef8ddd07b0c541a20f7b88f2adb4b1a;30720;772fffbafbc616f1800d8c4b56e8992992cd1269f505e2deeac9f62415a151b6;5;0xC000;30208;28;512;1;0;1;12;1946152;629
ae5651904413a610.dll;41984;d3a041ecb927875ac9ff8ed2fd5683d1b640a3380a8803259548218dbd712bb5;43008;39d1d388294b076aa803db77aa2b32e3e63903d145acfaee1321de30215216b0;5;0xE000;41984;844;1024;16;0;16;27;1946781;1292
ae5daf63f9c2cb45.dll;127488;27e895523975145027f400fcd8e72c04ef7f55a3558c7463bb0346f7fe40647e;128000;c3fad9558111d019565cca5284ec3c725cd1414c526a3939d28c803c8ec03622;5;0x23000;127488;100;512;4;0;4;15;1948073;665
ae612961baa7bb01.dll;38400;ebdbcced9240395bdac1f7eaa341117e550ea688e216fda73987c7c82673e699;38912;1b20c737ed04b8113828263a170c72ce8228bee37622bce6803906e8b05d2fc4;5;0xD000;38400;204;512;6;0;6;17;1948738;679
ae71e924d31bbbd1.dll;33280;01474d2325e348792b2c25bb464e327ff70a721fbbed7402ed974be9e636dd37;34304;532eeb63e11fedfda78bdfac9d36ba55cfccc71afa768fa7c91b98c963021ea3;5;0xC000;33280;636;1024;4;0;4;15;1949417;1172
ae8f8fc5d987f51c.dll;32768;0daabd1fdaf8f7ac08cc812417161cb8774e11956b7271eafa34e5c2d4cb402c;33280;7f68bcfe1dc73f636eaac28e4c11d57947940037a2613b48ef7ba78507b5e0b4;5;0xC000;32768;165;512;2;0;2;13;1950589;639
ae97e19a86c07e72.dll;30208;c797607217b3dad880f8ded57cca47c7a1301383df092c3b2292b150222a4040;30720;6dc146e87ade79bec3f695f4db690eae6065ea6ef966598d890f4fc24b033280;5;0xC000;30208;23;512;1;0;1;12;1951228;629
aeae2ed7ed5ed387.dll;34304;f4b2a14574f124a5f1847af1098effe81feba8fc7da6ded0189d4b49222cd7b5;35328;82295040187488a01c00ae6a1fae44b130b5e4b2113084490e407a5ffa3006d5;5;0xD000;34304;756;1024;7;0;7;18;1951857;1202
aeb48352a8f84327.dll;35840;212fc16aece3bdae594cfdf9ee7540d97d5c516453ef6e9d0f3de0fbe44e7969;36864;ef4ef2a191b74e1121e8747e6677dde07c739e03c1706e7e9f54530f5f3af0b2;5;0xD000;35840;673;1024;7;0;7;18;1953059;1202
aebed3221424ad85.dll;34816;a3619564533b441377a31640b2a1ce4a163e47f021fa1049791d3a83640b7004;35328;e651b90c2d8ea79efa83b38ff2b10ff04cc78f6548677056e5a16c2413c89740;5;0xD000;34816;176;512;3;0;3;14;1954261;649
aebed3221424ad86.dll;36864;e60385ebfaea57d55b3aa7ecb2575ccd586a5db290b4fd4fb0aae2100e42def2;37376;780f830c82b5c65263a57a2b863f1834b99d7fe7bdfc3790777f8c1f2bde6633;5;0xD000;36864;298;512;4;0;4;15;1954910;660
aebed3221424ad87.dll;40448;130835b47049531928a6c8c47f8b97e72acd138a8130fdf4de596dc5d6057e14;41472;d9f0e145f1ac2891743050450e7c71c64a64dea9d0b5706c291dfd0eb234e31b;5;0xE000;40448;647;1024;8;0;8;19;1955570;1212
aecabbcf26cc96c4.dll;33280;de54b52ee8e1b68e4924f121ec121e601cfd2c5872362edd7c52cb7756620284;33792;c74c56d4b32a88bf7fbdff83ebb44b99cceaca4c545383b4400fe7de2bef1a8f;5;0xC000;33280;36;512;1;0;1;12;1956782;629
aecabbcf26cc96c5.dll;33280;3c8c1dfd9b3694dcae10e5da64fe0fdb01985dc29a874110078da1711d3c7940;33792;f8cf8f3d96a67b713b65ed413ae0c144223a564dbcca482ec7bbb67481e9a066;5;0xC000;33280;105;512;1;0;1;12;1957411;629
aecabbcf26cc96c7.dll;34304;75216966b0a601a0fdbfe2b43e7c7ce305e687f2fee6b70b2f25f043d997bf5e;34816;58f66296bd48e177566dfc32ea49e8114c5fba870cce0acffa7930207952864d;5;0xD000;34304;68;512;2;0;2;13;1958040;639
aed38483c8f6d7b1.dll;40448;cba4646ee5bb0a5dda55c0553d16df84b332b4d8f559e1239c7b71ea832978df;40960;4e176bc30182d5b251a498fc467ea339b8f947faaf79b7bff607f06305ebb9d6;5;0xE000;40448;255;512;4;0;4;15;1958679;659
aee4cf7e1db72f73.dll;29184;a91f34670d687340ccdf9e360d3171496a6c78d5eea17f92ceca0c843dfafe75;29696;4791dce462aa8e9fdbd23f66831ddad5953981e83ce5599676cb9ef3808bca6e;5;0xC000;29184;118;512;1;0;1;12;1959338;629
af0dd8f62ea56fc5.dll;28672;786bc9bef8a67522000516bd71ed887a32d1d01a27cf2b2ee669aaaed76e776e;29184;807ed46954783b2f95ccc6b6886d81a4b2eecd73c8d7b7b8b4d7b12aca89268a;5;0xC000;28672;63;512;2;0;2;13;1959967;639
af1eb78026840936.dll;34816;b6c9cdc570768df25c7d008974a0b44a213ecf2858fc59222c650c1d15153902;35328;76e29b9ea4676491bc85cc8e731585a9e78e002c9a7c6d73681a68f1d720291d;5;0xD000;34816;21;512;1;0;1;12;1960606;629
af212fdc802660b3.dll;37888;092c465d756a2e5bf6015a7358739bc3feca9b90bae17fe648e418913f532119;38400;957a591265d2934a7fa22e7dd2984711afa1653b481470ef175f5366885f949e;5;0xD000;37888;289;512;4;0;4;15;1961235;660
af37ee777730eb69.dll;33792;5758446178349d95a5ee6f8d28a29b1d8231d883730ae657b09c765f55848132;34304;2d58ea164419fc5e0c57999daeafb40a55cfadf6a1828750b6489e245e439615;5;0xD000;33792;108;512;2;0;2;13;1961895;639
af37ee777730eb6b.dll;33792;08f0f4167f959dec42b42e3adc34bb308bf3e04391740bee3c7c1b5bdcea7997;34304;7521c74eab7ca5e28cb0b5c4fde13e959e2ccd86fdfbb77a9b1c95e044d5bded;5;0xD000;33792;98;512;2;0;2;13;1962534;639
af40acc85bd0e265.dll;36864;1b4181bcaec0286e16297521dd055adc48d5f0f0996f1600de54f2803b53a9bd;37376;b8c5ab2afb282db23e544d44f1d1961f0c05a11e995e519b36d89db5d430321d;5;0xD000;36864;157;512;3;0;3;14;1963173;649
af4d75a92662db61.dll;32256;d9e95b1e4b6c77142cba7036b3f2ede835362225587b10a247f339fc369b7ec9;32768;574a5da46adce9ebe128e97241ff5bc47254cc54cb3c2895b83b6923409aff97;5;0xC000;32256;28;512;1;0;1;12;1963822;629
af606a39108ff938.dll;29696;09bf3d8cadb3b38840433861c6f4850176fff3b292ba68f62d6c7490c77290b9;30208;e3cc4f00564212341076abb584ad7ae37f3bd1835e75d27dc4ca569aa0a8554f;5;0xC000;29696;52;512;1;0;1;12;1964451;629
af606a39108ff939.dll;29696;33e60ffc6a45ef218903f1ba48f71313eebfb212a484e5eff6525194fefc521b;30208;8eb5c9f1932e5b7fc9b5ef7743893891e803decc0fe8b895a58c99f2a0f03735;5;0xC000;29696;39;512;1;0;1;12;1965080;629
af606a39108ff93d.dll;30208;d1833ff5c4adc52a9adb27366483779729f348e2ef2b0e5cb3f3b736c638ed6b;30720;bc53721579a6973271f8506cf346ce1a318df611699b7a683a03472ea39c42ce;5;0xC000;30208;116;512;2;0;2;13;1965709;639
af606a39108ff93e.dll;30208;59918a8f6f6cb141cf17c073625662c0699c3518bb9c903b4690def936867fcd;30720;c402639086b492d835c8e0a2cf41f54dade0c36633faf4d8eba785073e497237;5;0xC000;30208;82;512;2;0;2;13;1966348;639
af606a39108ff93f.dll;29696;aa43b0bfc2774361bee0d536d518f088f891091f08a1f982a0336f5e2129d2f2;30208;b5f3be5102cfbc9bb9d673d67c8b0f5b62c227afbb044c7f7a7dfdd06f7d8072;5;0xC000;29696;55;512;1;0;1;12;1966987;629
af77d779498c32c3.dll;31232;7bd279c68f1911424bbdbb157d19965bc7528fab4c98834e82a2953ee1498f36;31744;256d594e94f8e99f2812306af600c660d4a556e28d223ac7690384f23c773d30;5;0xC000;31232;238;512;3;0;3;14;1967616;649
af870f8c266494a3.dll;32256;dd4a3adf98f0eb3b03976f230bf2f8e0a0b57ee677ad0f8225baf360b71a7ec6;32768;bfb37b60972d5b80b0d13bea31874608c8ab42fddde2a8b81211185c35040bde;5;0xC000;32256;35;512;1;0;1;12;1968265;629
af8940e6459c5203.dll;32256;8dcc8f286e5304fe77ae1139a1663fe8cf04b389ef7fb938caa20a9de2f47526;32768;d2ab349558ea2f3915333628fd6764b259341b58aec127bc8ff7ece6edc128ac;5;0xC000;32256;43;512;1;0;1;12;1968894;629
afa270203abd5596.dll;30720;e54d14407939836cb6491c3020f710812a31203697d0b4e5f317edfb7d4ffd52;31232;69a160aa7e87fe4faf4f4b8dddc7bee1be469133c89b94ce7c654fdcb52ee461;5;0xC000;30720;31;512;1;0;1;12;1969523;629
afb0502c3aee2a1a.dll;29696;890c9fe438d0acaa20ec8f415c8842b8fa2e27df791acf29ccb47afe64ac252c;30208;75726a5b7a9b557a65bd47381fcfd10944d22709da6f5532492ae26d7ab63f2b;5;0xC000;29696;50;512;1;0;1;12;1970152;629
afb148d5d5d7e56f.dll;88576;531a5ef33881f5b87af7078d59f34c139461a9714843b00ad7b1f4ab0201482b;89088;3923080b6975e1ae22caab428684d5332f580eac3a73779a1f9281aebb79270f;5;0x1A000;88576;205;512;5;0;5;16;1970781;671
afc545514aa527ad.dll;33280;0e52a740b378c8cab5689afc4e0d14a4ed2be8d23d12a72cd202ead516990729;33792;0aeafdacec5146cbbdd9a449b2df05ab9c6589a736d8b2ebed77030207de25b0;5;0xC000;33280;30;512;1;0;1;12;1971452;629
afc64aa425450838.dll;34304;8a2017e5e5e56b22c62c5666d410c6ccbf62f9a0e8cd46dda1e95af9d378a4bb;34816;338e6b1d447869ecca2eb4e8680df867863ab7acf79dd7871ce1180091c5ce65;5;0xD000;34304;189;512;4;0;4;15;1972081;659
afe91be777e45457.dll;31232;d2a793a9b364dbe9a25c391968db0694e9019c6a974fa320560d7ffd476079a0;31744;825c818f5693371e187ebb7959bb10922ca4fff5fa8bf8afcddc3324e4604ec3;5;0xC000;31232;37;512;1;0;1;12;1972740;629
b00ca5a7fe28f42f.dll;43008;5135318f484401ba7d4cb8f11b8af69d46e808a8ee6f1388104cb56409e62709;44032;d9be16d5ab3c7e931531a19d17a3428f183333fe1c4e86422b22c9c88ef07a63;5;0xE000;43008;522;1024;11;0;11;22;1973369;1242
b01575db208bb738.dll;30208;cdad8576340e702ae8a1de694f2283392658f47a0b094dd9b5a61e8cf4737d2a;30720;a972834f88862914d1375fe90029586e2b125726e43f246178e7c08e11525e59;5;0xC000;30208;23;512;1;0;1;12;1974611;629
b01575db208bb739.dll;30208;920144edacc07650d001714c0a41b24ce8c77d9ea8b57bfb1c9a596311707a46;30720;06a93e7afee64f4c76661d84d79aef8ad9ea5ff4eb2fda9dc44b8f1f86e09272;5;0xC000;30208;23;512;1;0;1;12;1975240;629
b01575db208bb73d.dll;30208;8ad3a4b820a96437bf904b7898e9de709577d9cc74d946357821a53e3da4785b;30720;3e005a445dced36b563e20b530e88c53597e36825e39558df382670fcc0d9e46;5;0xC000;30208;25;512;1;0;1;12;1975869;629
b01575db208bb73e.dll;34304;5c3cbb36863aefef11d33fe453561eda3ef150b8da3a8b687d325aed143a7f9e;34816;a5ad702c503106613ebaa435cbf02f718cd8175b91a67532404b8701a17b0680;5;0xD000;34304;49;512;2;0;2;13;1976498;639
b01575db208bb73f.dll;30208;e4f48af80a78d55a42d9154189eab13594cef0c879dfbcb8b2c7375f0673c107;30720;d91ab169bf76f68582531be48b36c46c65b4ec6b6aa59eb7e3287ea1a692b49e;5;0xC000;30208;18;512;1;0;1;12;1977137;629
b0424e9c6a676ff7.dll;30720;7ccd1a9ba5d7c92c06e91b407df6323011e9bc6efc4f5e9c69a8c88dedb9ebd4;31232;8b1592cfb94ccdeee76e2e3628a4409e2fb2cf9f8b225045d87f5c8d9505a9b3;5;0xC000;30720;146;512;2;0;2;13;1977766;639
b068937c8620291d.dll;31232;54659ea0ba5d2e52ec06c6a04cced5d5ad44020ff3de28b1f83e7f736e303a90;31744;551a9809165ce815ae3c2ca09714ce8ee4008673bffaedd3d520e13461229e8d;5;0xC000;31232;222;512;5;0;5;16;1978405;669
b079dab702f1368f.dll;30720;83e4cb03d486ceacf1801c26591080bd8e2a5255f655d4223f2e2caaf9b38b9b;31232;9eb15d20366755d9d033005b2a0079a9d9403cd18be03840c847376502cf66ac;5;0xC000;30720;51;512;1;0;1;12;1979074;629
b08ebb47d7840b1a.dll;32768;23be6b3dfb2a6d9e0a494dad65c3148e4a81b834981a44d4540f2f2c1de96c37;33280;a87cbb07f8a80f0442f0899b5841b27c13d2b9005d3b034b53c4f710ce15e089;5;0xC000;32768;247;512;4;0;4;15;1979703;659
b0ad7d93d144c4ce.dll;30208;e71264ef7440e3efaf681eac3486516f79c0cfc851371f1aedd740e166946590;30720;603263ff3dd6632ceb0db38e099a22f6f313a0f9a3ae55a02ace1629ced968e4;5;0xC000;30208;40;512;1;0;1;12;1980362;629
b0c681371378b94e.dll;36864;fd77cc7504bfc5533414729be1826e4f76b129fd2371ea578ca34beb9913dbd1;37376;5fd7c1a270148ef1a3a649df9c614746c56f494373de35ad67537aecc2442879;5;0xD000;36864;29;512;1;0;1;12;1980991;629
b0d84f1ee81d279f.dll;30208;e361b1f5b6c84d4f1808e0501418f817d2456f03939e163c828cea34874b1b94;30720;b32b0a4b0f5c8c166ce9e60f709ffd71c0a178de8f829a8f4847f91f6abe3ced;5;0xC000;30208;41;512;1;0;1;12;1981620;629
b0ee55cb40e72a30.dll;30208;16ac9cde28ee9bef8379abd54795ae6d2b44a01de98bba28c79cef30ec98579b;30720;6989d55f5f181de23db9a511497ae027245004a2bdc2e3b3e6a6b84b55b8c42c;5;0xC000;30208;95;512;1;0;1;12;1982249;629
b0f612d904621fc2.dll;59904;6871c2eb25d59873cd150b8f626cdd469623d43c338da09c0083295a4833bca8;61440;9f508350c5830e9944d4660f0e9cb90b7bf92fb7ac79842ac6fd8ffa82095c8d;5;0x13000;59904;1392;1536;31;0;31;42;1982878;1954
b0fb29a63a79f7d2.dll;45568;df58cfc1acb4223ab9c3aa49ec7dc4ee79a98436569c031e9834724ef77ce5e7;46592;9491e6aa2c3a0b04b0b64e4fcde77c7cadf578c7c75a8da435c18405e9a9a16f;5;0xF000;45568;906;1024;11;0;11;22;1984832;1243
b10baf480bc3f19d.dll;31232;9c6078691d210e83344e1067f9221220b3da6f2dd7124bfffe6e0956469b3eb0;31744;19adf6cc857fddd4a1f8d8a8257005cd7fd1f0fdcaa3907dcecda6dddee4eab6;5;0xC000;31232;95;512;3;0;3;14;1986075;649
b148dba130a7b0e8.dll;30720;b50f9a17218f4c5717c4568054dbed560fab5c8a2eebc5d4fa6569c8bbdc5115;31232;ce758cd61d9ce5b277b30d95005ab3a1013aa1c07bd0e5aad6046b1d13bf43e8;5;0xC000;30720;245;512;2;0;2;13;1986724;639
b149264f8cd32505.dll;34816;899b0afb5bcc2f31c202d5c4f7aef417bf21a8fe69939482034458758050f6fa;35328;d7275533dbc6bdd4c5d3e403636c80e876e9e4faf6d1b450833df91099da5587;5;0xD000;34816;47;512;1;0;1;12;1987363;629
b14bbcd51075e0a5.dll;35840;c2a079f1882e19fc2280e5b354494d3b78160bfea6a3551cf539998b0c46badb;36352;2ed3427b6f917e5a5fb04f9f6f1bf3da49d4182afc0c427e8aa69852ed3e3050;5;0xD000;35840;290;512;2;0;2;13;1987992;640
b153844be4490393.dll;35328;45d4b3b2b0227c6c43d5047da4f8d253854bb7d1d1a8456c6596b3cadd52d2b8;35840;df082b08229f829b90478e434b45d8446eb4b5c90d917dc7dbb169ad2231112b;5;0xD000;35328;113;512;2;0;2;13;1988632;639
b154b2fc58562e65.dll;28672;ab7bac8348c75934062c7a0e45e13947443197c1128a6dd66508f9faa6bfc3e4;29184;1531be6fbf7f301137426b60c7fbdcdceb7d903224b873d8861ac2578d487666;5;0xC000;28672;40;512;1;0;1;12;1989271;629
b15a2f19d4b106b1.dll;36352;45697397f6cb5deeccfae494b71d93c5976a3e2fe3565029745f491774b7991c;36864;3f4623d4a4e14b07bb0d31d12672684b0bb64ea75c995252770b57dd46518049;5;0xD000;36352;22;512;1;0;1;12;1989900;629
b172e64b2d0ecced.dll;38912;0551ecacbcbb539d8044923e6e857fb18297045803c69cd38e6694cd931f6af1;39424;b72e509df72eb5b2b41b32c688d0d45b111d23cc89b80d1250086bbeff0d3a70;5;0xD000;38912;233;512;5;0;5;16;1990529;669
b17c161600aa4cc1.dll;31232;4e936522915925ca2b349985aee1446d6139f44c585e4d887aa184a1fd84743d;31744;5aeafff7d058002cd023403b67eb8f3eb6e28dd1c3a57ecc1075012351a096bc;5;0xC000;31232;31;512;1;0;1;12;1991198;629
b17cf81f5ec10be1.dll;28672;9673ea2e93cea4939f53021e7d4f5fe843e9b802653eb6599a9f3bab04a9ca77;29184;c39ff34d76600680252a3f3db76b8eccd22c53e3c49860625e61f86338ae5176;5;0xC000;28672;41;512;1;0;1;12;1991827;629
b184385464bb4ffc.dll;30720;796f8bb6f351a27ddb7a3cc159d59ff347d1c178eaa14f0a5a393d005d0720c5;31232;8a9cc00fe663fbdbbe9b389a505a8f58b08f4f194ad1e7f379e8230a774978dc;5;0xC000;30720;195;512;2;0;2;13;1992456;639
b184385464bb4ffd.dll;30720;587ea0d9991d9055535a7f4d4802de1f3b6158ccf47a4b13b7a0e8b25e0889e8;31232;779cc8010c52ed74f80bc591ba2d8707f4952148a1af085fde82b1cf959fa440;5;0xC000;30720;152;512;2;0;2;13;1993095;639
b184385464bb4fff.dll;30720;a684c3cbc73a0af0102eaa77beb192290a77b296163ac13ff20acfaa7486fdf4;31232;473631bb43d03e238a296fe168cffd67c670a8e1c1d9177557d72cd403a005ae;5;0xC000;30720;147;512;2;0;2;13;1993734;639
b1bfbc23de3e7fd3.dll;57856;e03a1c98932759e991ac5f63ae71511581e63921fdcc76e44bc62eefd083150a;59392;054666b854bfed2cbc35d9be10a961a7a4fdd5b761cb839ddb63c9793bb41859;5;0x12000;57856;1041;1536;22;0;22;33;1994373;1861
b1d8d8f78ff8f468.dll;30720;f47fdab697f47158462fd6860cc7fcbb53ec6ca57232dfea25a7eaf7dd038774;31232;9c4f7a3212257f2406000b91cf8dd278bcc1640236e59855beffc2381424ab35;5;0xC000;30720;237;512;2;0;2;13;1996234;639
b21a8bd304e40970.dll;30208;966849d2cb6448c91106c63c774e67b0953da5247de53ab71e99ad7698e1fc74;30720;e3519f50cb9c507232b79859f0b42d36341c6da75dd25e5e855a29da0744f79d;5;0xC000;30208;67;512;1;0;1;12;1996873;629
b21a8bd304e40971.dll;30208;dcbafd7c12a6da7f42c43debc155798a7bfb4483494dba364a9b4785fa2353bf;30720;1dfff006efc4c5b7a732bfe0a3655b30d85de429cda3e235edc7c91c7b750916;5;0xC000;30208;81;512;1;0;1;12;1997502;629
b21a8bd304e40973.dll;30208;e5ae496817238594641703b57ccb3a28647e7968ae2b61c05f82ed8179232a98;30720;69a664dcfbdd060ed90cda919ab87252ad3c799784998c58c8439ee9e320b56a;5;0xC000;30208;95;512;1;0;1;12;1998131;629
b22851012a9c4616.dll;31744;3423c113aa3daee2cf653781ab6f5cfc329437c16d65d7aaa25c335861a281e9;32256;6cd92a895f60f05242d86bd41cd5b597c57e28d311d39ae9c6c20d3297c7aa23;5;0xC000;31744;277;512;4;0;4;15;1998760;660
b238e1352348e33f.dll;34304;a7a47ec460b390c112a4ffb38e2caec4a63598f033f27e97e87ba26f927b0cc3;34816;0f26334f1c7c786626f9103fd64e8c4613020e3049074d7c08006779275cca9c;5;0xD000;34304;81;512;2;0;2;13;1999420;639
b23dff5d830aab6c.dll;32256;3c24884e134c44ddfd9d92a657c8bd9aed0b036b389ec9b59ce33ffc6c9ec731;32768;ac6683f88711c24a46900391242eda037a4787740a50dd0fc43be2bc7edfeb4d;5;0xC000;32256;283;512;3;0;3;14;2000059;650
b24143e489f599f7.dll;32256;1c36bebed8ceee9e315df24b6f50c8b84d387ef6168343f314c10b5825bcb391;32768;4408f546f866549ac580d176e92b0b149815647dcdbe2c11e5e954b4043c757a;5;0xC000;32256;45;512;1;0;1;12;2000709;629
b241bf8b8d7cfacd.dll;32256;2ffd089ad8150d20c16660e803f880cde36bbce198ec310dcf9146a73b1e370a;32768;94c304797577f69615898c9e91dc88931d50f6fcd674fb6403efca35ecf88999;5;0xC000;32256;72;512;1;0;1;12;2001338;629
b24b2baf81e9dbc5.dll;34304;2a49250eb4a741396192d5e2e25013ac7222f30dee1f6f42111d624cae193859;34816;e8346aa33cf52f4d1ce5d4d737a5d9e8930c4ae72579993da1044c04e57df400;5;0xD000;34304;105;512;2;0;2;13;2001967;639
b2594ccf91301af6.dll;30720;2653f6e940c2ca4109a711fe6789d35f5e3874c2f547edf05ccaa5f8b25a68ff;31232;c362dbf9c905da70ee8878e33673d7011aa008746a7efee6ea8a46e3ba2f82a4;5;0xC000;30720;199;512;3;0;3;14;2002606;649
b25e043fa374eb09.dll;28672;509ad5fb3ece8732a9742a9d55bf3b9d755b39cc33d356ef18bc0917c9f0dcad;29184;d567d97e6287c90e6a40b17e5aec9b7377ccd67e2b72eec1f06c1788f83fa25f;5;0xC000;28672;46;512;1;0;1;12;2003255;629
b26c9f4486ea4294.dll;31744;07c602ad81b67388e6399ebe0e56acf3d6185f6d04b0b362bcba05c05db2800f;32256;470f7905f7e68a6bca9d228feafc5999cc9f022b0e6d64567188862496d54d0d;5;0xC000;31744;189;512;3;0;3;14;2003884;649
b26e897b3147a5a8.dll;31232;c2e2ebded46f03d9deb35537f16b7baafa20e69dfdcb26b8614864a75f605c67;31744;30be7ec5f4a65a4be530f2ad647d5df29400bcb6a5565c08c3192ed0acb9d326;5;0xC000;31232;351;512;3;0;3;14;2004533;650
b280fdbba5fa4fbf.dll;30208;25267ecd0f5aca0c15b01131340aba0a8529c865a8b746b3cc4a1f43370b178b;30720;711f258765d007c408bf7a77fefc197536cbdbae94a8b94104d07d1bb9eb72cc;5;0xC000;30208;89;512;1;0;1;12;2005183;629
b289ea593d26c56f.dll;35328;72092948ec819ecc438ada9f0f6416f88c511801599d485865c12e37b975c2e1;35840;80d4313674d5226e1054cf4bdea17be72691a8f1e6dbec9ce8627892232f7c24;5;0xD000;35328;483;512;6;0;6;17;2005812;680
b2d31735845179d7.dll;30208;a4cf25572bbefc2a9d2b4794b468f661f2a6f4ad6933ed1b7b507992b9e0afb8;30720;27b5269b3ab01102dc273ead15bdd5e466d7c02527d9977a3522fc36d47f8f13;5;0xC000;30208;110;512;1;0;1;12;2006492;629
b2dc714305c8039f.dll;29184;9a9765afd5506d6c76dbb89eeeeec9206c1e8f861ba614160545ed74ab25b57b;29696;0fbeeb3eff3a67e44fd244bf7e65577104628b96e7256a62c648c0d6498b2a61;5;0xC000;29184;135;512;1;0;1;12;2007121;629
b2edfa873dc9db6b.dll;32256;8acd58fd302e49d8877d9d9ee4ddfef9f287260fa6179b592724e936b8d337f5;32768;44b029029514b7ba646e6ae8220dd174e752b1a01123c53490cab7510aeb321a;5;0xC000;32256;47;512;1;0;1;12;2007750;629
b2fad8d8f15c51a8.dll;31232;d33f37e48e8c6df7417f40ac97bf0c26f12f5862a1fddf6da7416709cad34e09;31744;b18a4ba428c813c2519e4ddaf1dbbeeefd77c766c3178440b0d530edfaa3955f;5;0xC000;31232;108;512;3;0;3;14;2008379;649
b2fad8d8f15c51a9.dll;30208;8d27e28140cd350398fe153de00265b4ae97e25ee5c529ebdefb05dba5bcaddb;30720;b8c5e1f0ed907c38f3290dfc03e3fe6be57dde8df9119fc52f1ad7c92b2507e8;5;0xC000;30208;63;512;1;0;1;12;2009028;629
b2fad8d8f15c51ab.dll;30208;267cc0dac7aa0378f9d08f736c6d9d8bcaa60968b5ab9620fd8a9fce5a03816c;30720;696772b5b61ba7f5f44e6a15a759284a7a30c134eb026ded7e047e5ace8d7f52;5;0xC000;30208;77;512;1;0;1;12;2009657;629
b30280c58a828260.dll;35840;3593c0133d53482ff894ca86df09cd3bd0ad9cf264249d010ba40588bb942a64;36352;386302921a103edd3727cf5fb45ff8b0bafa1ea01a5779ddc08c5d54a5bf4352;5;0xD000;35840;142;512;2;0;2;13;2010286;639
b3122a4c96665d00.dll;30208;41df3e711e70f9f7df0cabb33bb8dc79c89d071d5eed01a615f19a5c71038c0f;30720;c57f5bf1a8064eb25755cb9d657c67b8f3890a4c722887402f4f9fb59ff125e4;5;0xC000;30208;82;512;1;0;1;12;2010925;629
b32a151229514656.dll;42496;fb53a311a264c00deb97669ac54ed57eaafcb8b4c1954f5712dda8375ae13437;43008;92ad2c06c263eba06e58a75bb91e8f575ccd9830f6a54dbd5c9fc2102d8208bd;5;0xE000;42496;341;512;7;0;7;18;2011554;690
b330b76c8613accf.dll;30720;f557de9e858e4063a4a69662b03e08c9b07b6fd247fbf19130df3a05b9e56aae;31232;254aba22b0e8818310068b4cbdfba7e5a3705c69a7e758d9c83f06b81bb3dced;5;0xC000;30720;52;512;1;0;1;12;2012244;629
b340a73bc59b3b0a.dll;33280;7e4c1d2ab108ca9af0e84fe821e785b1f4fa608c84ad563200ab062ce684f328;33792;da19960abcf2095a378285c882c19cb2156f4d25c5201628d72ae52b655a9b30;5;0xC000;33280;406;512;6;0;6;17;2012873;680
b359f6567b37fdb7.dll;29696;6d335eff3611afa74e8db202e806f488b7b1bc2fa88867c30b1ba3a1e553705e;30208;4b7a3509c61deacb9a269d551bd151781c34e6fc0e6bc5bfbfa494e521302457;5;0xC000;29696;40;512;1;0;1;12;2013553;629
b3756258c7050d22.dll;35328;92f86539072212eeb8079d43eef2ddde7b676533b1fef0a279525d5ab707cf12;35840;503cc6b916d5a8edaca2c940e0a9dfe02861a84283a41b2b685b09834c5407e2;5;0xD000;35328;477;512;6;0;6;17;2014182;680
b3a4fbee5925dd16.dll;31744;11c47628bca2a75cc9df91ee42b20397fc2afc1088ab96a3c0e19cae3d8137e0;32256;54c58c0a92d2f74a1e065d7983038fbe058eeec231a18cb6773566a67290494f;5;0xC000;31744;68;512;1;0;1;12;2014862;629
b3a7e89bcc7f8b0d.dll;30208;61ab0ade7c46dff7aa046978c856c1605f7ff8fced34ecd91f34b790381096c3;30720;9e9700b050522f07136b1f503f0832d5cf82271913da0fabd00e83831ae9627d;5;0xC000;30208;176;512;2;0;2;13;2015491;639
b3aff0dd4c35d517.dll;31744;770a1e0e88c50ca068272bed6e72b436bce86b9f9373ccf2c4e6965543424e1c;32256;a93651aa7eb02a7b701ecf0a6cec8d469c79637a6f83fbfcf73dd8e450968deb;5;0xC000;31744;86;512;1;0;1;12;2016130;629
b3b37d22c2a25462.dll;37888;976643678644da825520a478ecfccee15953ec35e1c732d9235f548a3d20f33f;38400;459381c170b62a1d05830460e7f869c911ed0d6efb912e460116634526504064;5;0xD000;37888;188;512;5;0;5;16;2016759;669
b3d23d987a5d69f5.dll;34304;5cd7a0a4e6f2c3997444ceefb6882b260677f669a394fde9b6ba064a0a689db0;34816;23ed51278539841239556dc5c094eae655c826458ed01ebac07dcfbefc9b2eb5;5;0xD000;34304;35;512;1;1;1;12;2017428;629
b3d23d987a5d69f6.dll;34304;59f137fa74256d1e01555e699fe5a0dafdd65a12e0a5ebdd8318fd3f9f059c1f;34816;c815ce14fe709af3dee6f9e00ab080256527e926ccda2ffbb484b431b0a796ec;5;0xD000;34304;45;512;1;1;1;12;2018057;629
b3d23d987a5d69f7.dll;34304;dc92a141e7821ec3bc6a28809e9fe023d1b1f3f9b078d2d9b5e8728212edabda;34816;618f3763e5c5573d530cd346bf84ea41cab6753a1526aa77f969f66db84dfaa2;5;0xD000;34304;43;512;1;1;1;12;2018686;629
b3d5314f4b6af6ab.dll;37376;4a966da88dd3a5d9964948513d7758b331a2b64a5f2bfeeb9ee67a8ea1b48c19;37888;c187013807b2a16b5412d15e8f808858ac4e97ac1b957324163fff62148f7a1a;5;0xD000;37376;359;512;7;0;7;18;2019315;690
b3d6f7c2a2b587ef.dll;30208;a932c971ed09ad6558d36311ded92487115b934457b12d837eda389df2e26c2d;30720;57fe730fdf8f3b0e95862b3c4c575710b54ed2cea96568d288b28dfb74a682f2;5;0xC000;30208;109;512;2;0;2;13;2020005;639
b3e6aa643d5d3ec4.dll;37376;09c2ee4c0806e95289246ef31f2985c322753b12f5c1b6515e3cc157318736ad;37888;aef13cb652fd35125733047b8a5e2ed3ffe1b3d450e0674975117b3c069fce16;5;0xD000;37376;161;512;4;0;4;15;2020644;659
b3e9a21562b6b66e.dll;30208;dd170326673cde653685c07ae892e77c7d0dfaf17540bef13b2a1baccc8a63d3;30720;c7493adf3ba0e4ef595c92be4864e3e028ed7188ed0cc4be62c5b26ef407a78c;5;0xC000;30208;103;512;1;0;1;12;2021303;629
b3ec10d0560bcba0.dll;30720;03959d897b6f08a2d1cad896e01e83dda882a87b380aa4e10ffde84c34f30f23;31232;c0723a9fd06b6db06e6520c97a9002bc4e9350dd1a52fb933eeded3c65b1bd45;5;0xC000;30720;169;512;2;1;2;13;2021932;639
b3ec2543c273f8f3.dll;38400;ed73705d7b3f8261db9223ce61586aefca7f5532aba8897ba35ab16d8ab7ce19;38912;e6d7055c1a55fc7246d63b32d7cd890c9a9cf63b4ce025aa91d27f9a0d22530f;5;0xD000;38400;362;512;5;0;5;16;2022571;670
b3fe7db092a9f9fd.dll;33280;d30a7922db4e458da5d013a5fd960459ff380fd4530b6a8a5df834144201e064;33792;2aef08640d174ca8819ad30f95fb47a2e8a45628a121d514faff282b33e6aea4;5;0xC000;33280;18;512;1;0;1;12;2023241;629
b3fe7db092a9f9fe.dll;33280;a3fbf845059cd4f517dea672d2e06580422eccb4765d7a9a93431d0284526d3b;33792;007a3baf1ed7f1ce7b968183dbd1af096bab2916c2e3552810202be4124591df;5;0xC000;33280;19;512;1;0;1;12;2023870;629
b3fe7db092a9f9ff.dll;33280;cdd196401ebeccaad50c0fe43f80f448f89266bc6528b1430453992ef27e01b1;33792;29d57db0f3f9960ee38397ceac5b61c337c37486d65cedef1280c7633a03c532;5;0xC000;33280;41;512;1;0;1;12;2024499;629
b3fea61a679ca975.dll;30720;ca988420fea5113f0b9b9a17fd6d0d5a0d5b0322f9ad9844cf473c557d8be1ce;31232;687fe517d33ed6650ac15884f8d893ed04366297550b8b5c045de59a27d310f1;5;0xC000;30720;143;512;3;0;3;14;2025128;649
b403f5bb972db848.dll;32256;30fbbfbfb35843757ba5be86eb8562bd6f53b0955078efa96b315a850fd5a4a5;32768;d1a3e464c0d69d414234b2963522c33d039c0299352b223f4b696f7319f8c640;5;0xC000;32256;38;512;1;0;1;12;2025777;629
b403f5bb972db849.dll;32256;2ac08c724e47046e9dc9e9b96616da5924b49689231be2f2c9f890136bb4978b;32768;baf4d9160372593715d194e89fe31bf5f194e7b5f5642e024f8a4629b418ef4d;5;0xC000;32256;19;512;1;0;1;12;2026406;629
b403f5bb972db84a.dll;32256;4fd1b7689f3b3f145042aff8f37b4845847d8fa600ad544e27a2244c8a198f1a;32768;af6982d253903ddfd6dfdb08f514c261213e344284e34ea1eb938036de2d06b6;5;0xC000;32256;38;512;1;0;1;12;2027035;629
b403f5bb972db84d.dll;32256;42f2060eacc163c0c2eaff8781b4b77ff6184d883605c5277186b0eed90e5b88;32768;2985ac7820cd633e0d1954b158609043f902c785383ea412413395fb6f2f1d62;5;0xC000;32256;37;512;1;0;1;12;2027664;629
b403f5bb972db84e.dll;32256;6ead6746182f5d352b04a8563d7c21a443488c618090b11c5c0926c204cc9925;32768;4c0dd412da70ec567cccd8b9f043e946974bd4c3c363ca008bbf64d5f93c2f7a;5;0xC000;32256;52;512;1;0;1;12;2028293;629
b403f5bb972db84f.dll;32256;b5ddfe3c787e59488f196dfd9208b5a5d86c878b7e12be538d93dec455514164;32768;aacd4357f8d72f93f48c95df6564e8d899156fb4f155e8340042aee1a03003fb;5;0xC000;32256;66;512;1;0;1;12;2028922;629
b40c654d97e9cad4.dll;30720;636e680e1f40e3be9af5b683a287edb326aba7960a00d9833edeffb6d996bda4;31232;a031f41122adaa7702ff5c33bba04653bff72b8d5d4762fee352002a4ccebd7a;5;0xC000;30720;111;512;2;0;2;13;2029551;639
b40c654d97e9cad5.dll;30720;510b8f87fc34bd3a8b365074a8720bd4ffc8ef099beba10c1c5571575f360b9d;31232;4862e4666b18ac00e860a9a529fcb9729a283909638d2e56b8f0173e226ce6c5;5;0xC000;30720;111;512;2;0;2;13;2030190;639
b40c654d97e9cad7.dll;30720;a9853fe0a447f55ff676bf7b3af303ecc2366873968e04e20444c817c2c9494b;31232;c769fa3b043a307106ccd219400ab79b796d87d12a66e938fdfd7be7401398ce;5;0xC000;30720;114;512;2;0;2;13;2030829;639
b4353d6ecc76a1fa.dll;35328;4f07727ff0630d7f09bc84a2324dd5460de52a3bbbd4c52bf84c72509e1b9107;35840;fb96e8ed8c1abcd07b36a50a716df5f23f1422eb1e2ec715fffa6a5c0c5df7ce;5;0xD000;35328;136;512;2;0;2;13;2031468;639
b436d370ed6f38d9.dll;33280;1869b112b1bb19693f22938ac4ef7ac05fb3ea5d4ee71960c4611793435b8ca4;33792;ad5e2e214654394e797b2499774e0f3a654ee3955f38674127cd5e5952eb1e59;5;0xC000;33280;73;512;1;0;1;12;2032107;629
b443605df2ac4a3a.dll;59904;98cf2361b733f29091177a27d47ce23564fe16c3ac8e875b1e7a3d3745091bc1;62976;cbd37be52cf7e4b1164b72713b23a6a0a0cbef5d6bf4ba91e3a0b1fa36662055;5;0x13000;59904;2724;3072;36;0;36;47;2032736;3541
b443605df2ac4a3d.dll;47104;be142d061606789bad4fdcc0f6af43b2fb9830a469e21bb125fc80366921a3ae;49664;4a63430537b4de7e75e4f1d3d0396f31a293cbfc5297914087088764e280e956;5;0xF000;47104;2410;2560;20;0;20;31;2036277;2868
b497995e94c6864c.dll;30720;f7617b3455eea7f2860715535d9af336009c2b830c43dba168e1dcbf1c6c6383;31232;55b20b7da5577ed3a44db9d6e98b6b36e15496666aa1873f5dd1f1b71b044873;5;0xC000;30720;90;512;2;0;2;13;2039145;639
b49ed448587ace55.dll;35840;364db74a209d54822026ad35b2d1323f0285229bff3a75303683cdb2a758d623;36352;4cf271e191ad5fab307b0d101804dee07efc0e69a588de6210e7fc7d3eae3276;5;0xD000;35840;21;512;1;0;1;12;2039784;629
b4dac1a4e743e97b.dll;34304;6d0c51de455cb9856c651291655760be404d9c666d2a06b7f28e695c1bb5cec8;34816;bf8acc99ef2f39e51c69db6bb2ad18146d9d10d9591469e1c1cfec4a1ea2e836;5;0xD000;34304;112;512;2;0;2;13;2040413;639
b51c313be0ab749e.dll;30720;8c862b1fcc682360a38bb869eb5858b3899007351f5a14e4ac630170a6e24d3f;31232;bc38b2499fac2c39fce06c2fb7fdfe6c9654564715dfc0644c1cf0f7dcdd1807;5;0xC000;30720;238;512;3;0;3;14;2041052;649
b527ecaee986c16d.dll;31232;ca8036103fb014690a5c2aae77a5f50340632d05b20de7b957dcef7cb75a25c6;31744;ab830e4fc66529e65ede4a35a0e439ef32379cb37f16f4c28502310452a48fb0;5;0xC000;31232;164;512;2;0;2;13;2041701;639
b53213d7fe3468b0.dll;31744;d6a7667d0e81761cca8c8cc3f69fc66d046db0449b1bda9b11039f45be0e89ea;32256;9a7a9d46f5fd039db836283faa576c23158aa2298ea835eb0b77dc4e9768b4ad;5;0xC000;31744;285;512;4;0;4;15;2042340;660
b53cb7cf303c2cd9.dll;30720;38441b3c69d82bc5b7a0736506903454c79e81fc82eb64b6c87f4a3908ef4715;31232;9b3c15792c025bf70edf744dd68ae9f3d9a17f64561cd6e1d35d289e3d791c11;5;0xC000;30720;54;512;1;0;1;12;2043000;629
b55f50595598a4cd.dll;35328;1d46e1c606e46064ad4e824e5bbca955eb144ce7f36ace21188cb8b8b4b94d51;35840;600c7b5738266813453fc19b8dd93791e2041d4eced8cf6eed50eff12c06e796;5;0xD000;35328;94;512;2;0;2;13;2043629;639
b55f50595598a4ce.dll;35840;69f9d6ea4b2ff8bfaf321ba9080b3863ef60d6c4060d0006ca0aec6791f3cf6a;36352;31fa805ceadf6420fe052d0f2b6152130c24d2bbf0af394e53365b168ce0c8a5;5;0xD000;35840;95;512;2;0;2;13;2044268;639
b56e516bcc805340.dll;33792;af015ddabe00d1f3966fe36c06af933d26dba7db305eee1fa0fd41af1f9c4d66;34304;49d461b58fbba7f99000cbb54c610f00c2dc205b255af0e6f4cde21e10f317cb;5;0xD000;33792;17;512;1;0;1;12;2044907;629
b56e516bcc805342.dll;34816;4c45b4294cca17f33cda22407717eee3c64b12e2153e190ec15d28aee474c15e;35328;2058734033d31a01884db2f868498ee3917df5afffd4da4e57d0d6bb56e8fab4;5;0xD000;34816;86;512;2;0;2;13;2045536;639
b56e516bcc805343.dll;33792;5ed160d7686664caa83291a224a06e21ea6cb6d2b6609e1ae9f6b9483f795ec7;34304;2a4ac9b66c1b7efb9be630ab346e720eb4141e220e60a13f0ade5b953adce43c;5;0xD000;33792;29;512;1;0;1;12;2046175;629
b56e516bcc805344.dll;33792;fdd0294e185ca8d888c25f3b5cf750514674e0aa2a395f3ce26367160368e5cd;34304;9910710f4b173d7e62827f68fa904362e52acd3af554aeab2b6155b9df5d9584;5;0xD000;33792;41;512;1;0;1;12;2046804;629
b56e516bcc805345.dll;33792;1fc3dbb922cfdd701eee4c1443178673689dc0c8486469744f6a7e2836d4c33f;34304;4021ea291c3779498c915df299f5ed1c148907e76dae3af868051f91d03c0e1d;5;0xD000;33792;46;512;1;0;1;12;2047433;629
b56e516bcc805347.dll;33792;b6a2d366f8a71d71738061b4835c3b554fd606ec20110e4791f3c777a6dc3953;34304;175ef9133335cc2a300ea495bea44fa1265eca2ccde61114a5392df528a32911;5;0xD000;33792;50;512;1;0;1;12;2048062;629
b59f99a7e85a626c.dll;36352;0bb4150146d88a03e61ab16f5933af4fb7e5b01f1d7872543a389338d3645498;36864;c6513b40701030e18385d6db2e24c89378ec1f42c2f9ce901dd57561ad55ae08;5;0xD000;36352;145;512;3;0;3;14;2048691;649
b5a128dbe93e2585.dll;29696;15a0d8424ba41e3b9f6c2a53ffbe9fb384ca760998e3a8d75d75509564ad4e8c;30208;ca14131ee5660614ae69410dab5481ec7a146c6904dd26c1bd6d7aa920115fc7;5;0xC000;29696;292;512;3;0;3;14;2049340;650
b5a6af4339e44eee.dll;31232;63998bec73b69e95ed2a1cf2e4016d9400b0333751f8661291d1f76a9a391856;31744;4d3ffe97f6fc7193a84498228ebc7f9f42a360e1611fa5ef0052adca61d52745;5;0xC000;31232;251;512;3;0;3;14;2049990;649
b5ad831891bec731.dll;40960;d3c9300e52c70a66754fec7a37080fb36a3dfecc632499532a2839d7af3ba7fb;41984;53403e0e5e8d372cdbcdaebd2bed3f661ba04fd3828f70a7098cab8ed8470d24;5;0xE000;40960;522;1024;13;0;13;24;2050639;1262
b5b0faf6e5a3bafc.dll;37888;7afa144fd7ff1cca485a2c0abb41a9355a6c69cb30a7f0b01f5f45e6fe694aeb;38400;324f6941e36dc910502cefa537a26aff2570fb4360e8436033fff87275c3cff3;5;0xD000;37888;382;512;4;0;4;15;2051901;660
b5b1959b122625de.dll;33280;561fd14fbdc7960cee3f5a0f6272629b5aaa91001233cff53a2144d3d34a4bcc;33792;b28d9cb5ad0eb5296d53cfc44c11554011c6828308de7654f0abe72bc21f4f3e;5;0xC000;33280;206;512;3;0;3;14;2052561;649
b5ce9d2c8e8f6cf7.dll;41472;1c9c224bb70eba605c65253cb712187284d4fdb9e2ecbe57011181d189c2ff6e;41984;c4c9cc27244403c64137445c56313b22f204fcd3cb893856ce27b7b2b4132e16;5;0xE000;41472;181;512;3;1;3;14;2053210;649
b5d667c351a08ec1.dll;31232;7d483900f515cd6f2dc704ff6e5f2784ff917a92b541b1c11e3b54a71156f983;31744;3d29a21d15f861cc89fe609a24faa7f75924694691ae2b67b0b161bda373b53e;5;0xC000;31232;168;512;2;0;2;13;2053859;639
b5de3555b1be9429.dll;35328;e25dab1180010521a4605ebdcc72e3f8601d4e3150c48920c76f717c3ad693ae;35840;2ec687bcc6c10ccd2e311d57d4c93ded49388fe8083c1003845c40461f24e9c5;5;0xD000;35328;103;512;3;0;3;14;2054498;649
b5eb46d3542b4354.dll;47104;8b66190d8d56eae433a3d69298e1782a9bd35b8d79030d4f45b18b7ffbd7b45a;48128;c04acf67eee111f4a83fae78b653680a3993c1367e0b49e2c1b874aa06ceddc7;5;0xF000;47104;775;1024;18;0;18;29;2055147;1313
b5fb3870a8b51d4a.dll;30208;e9d315d093cd291482f54479cea116a67b980f0e45680b2092a126809d67a944;30720;8917baab5ce41135c6f6a79d0dcf611a429cedacdee06463481ed628ebed1a1c;5;0xC000;30208;61;512;1;0;1;12;2056460;629
b6095b15798fc580.dll;34816;62b1c9e55e32a741e3b9261ceea87fe16d15e606470fa73d336c2f578e18dc4b;35328;64f06bc38d912ace331bb3dd75265aa48d7becc6c0b71b6f11f566c0d0321eb9;5;0xD000;34816;88;512;3;1;3;14;2057089;649
b610bd4e937bae8f.dll;121344;342bec1e57baa1099c449e1989e21f80b1e2223af30175a70349380993481365;121856;041b48072c6b713abce374a2b5e0c6734bdea197a1709a9fcfd0b57cc2090ede;5;0x21000;121344;348;512;10;0;10;21;2057738;728
b61a331d809f4514.dll;30208;a6e4547fbdb5fd66be825aa06b78f612b6a843cc30b81cd73bd596f4e6447a38;30720;a5a82251fe35a280447847efb96a7bcfde517125a5a3cce1ae1c3426ff1444f0;5;0xC000;30208;26;512;1;0;1;12;2058466;629
b62052eeae180cd5.dll;31744;a5471e40ba7bc291c33249d792b4ddb71fd0e2a4d7226e77c646b4fb29b6cb2b;32256;45f113b2c97fbdb46f9092fcd83efbd35f3e7cc0bdb7d0239f95a568cb9d2d6e;5;0xC000;31744;148;512;3;0;3;14;2059095;649
b634bb76af324b91.dll;51200;b6737b4ff4397d54fccfd07e13b2516d7b9704d081531978d39981dfe37eb4e4;52224;de309caf63851c3fb8e2a8eee0ca7dc5e2b22475e75cdab1d902ebccd773de57;5;0x10000;51200;930;1024;13;0;13;24;2059744;1262
b63a34bff9912fc7.dll;32256;94cd13b489789c7ccbd76148c72660a703d335ee91557ea49a78c3088e71e1a1;32768;49bb12de472ceb9f9e873a81d247bee9641a91b7e0fba52232ffc0368133b063;5;0xC000;32256;223;512;5;0;5;16;2061006;669
b63d6337ce0df781.dll;31232;aeb993d50e35e78947dee23ff872da238460676c1c35fda4af4a31b99fda8849;31744;862ecd237624addfc312bcf840e55bad99da83a0ff58e03bd65bf1c52a2eb87c;5;0xC000;31232;145;512;3;0;3;14;2061675;649
b651998e5271aa0b.dll;30208;d23196db826bd3776009b7519a03cbd0ae994fc1398512cda2e35133c145b9eb;30720;51e6554f85b1cff4f5a64621e467d006298dc892ebf64e1c20986c32db492a1b;5;0xC000;30208;107;512;2;0;2;13;2062324;639
b6542bc44847833d.dll;44032;ece966fa68085d1c4b7c85a103cc9c84d4b9fdc428901124037bf5ec2f8f5171;44544;7996c2f8486b31797cfa26a40d05910674d4beed3d43a9f237a30b841b318f13;5;0xF000;44032;397;512;7;0;7;18;2062963;691
b6c59dfb0a5388ed.dll;30208;5b81e27f1e925e6157f8f8e4a2987134e204dd0dca96c22b810945faa66d9b91;30720;07294c52d4c3c0c6a87a7a96ef665643ee5ea8bf4d93840837a62c5b82fdfd9e;5;0xC000;30208;70;512;2;0;2;13;2063654;639
b6c59dfb0a5388ee.dll;33280;35b07f995728e4b1ef0f35be63ec3ff6033fa0e74d20938ef8b7446800443dba;33792;9b09baecc9821a22242a74269b1e7c8e58334d1e75b0cadd23c7701de702fa8e;5;0xC000;33280;358;512;6;0;6;17;2064293;680
b6c59dfb0a5388ef.dll;30720;af831f63f6ed579030d9fe5f86180b037ea7e8cdac1209ec0ee92dadf51ef1bc;31232;b756a14baadb2cf9c15748c9618527ef1e6231a2e0a06d3f7eed359861d00031;5;0xC000;30720;69;512;2;0;2;13;2064973;639
b6da923334805fad.dll;28672;bc4dabb61c17ce123d7d55e3f9b8b337a62205dae46de76b5617c14d91aae116;29184;f2fca97bcd3047ce67a20a6cfd6eb3ce1d8b74608363698c172cbe1ab48f4796;5;0xC000;28672;23;512;1;0;1;12;2065612;629
b6e3efc1546527f7.dll;30208;c5aeada083e9cd4b8ccc0d6e87c6b5c47fcd34bbcdb4c2f3b5d1db02778c55c7;30720;314988eddf37b7cd3f10d74a1dbd626295d3042eb6b14e2df64008875a82f3ac;5;0xC000;30208;49;512;1;0;1;12;2066241;629
b711400b70f18ce4.dll;37888;30eae3adfc52f92e10ac2928b2286108e419ccec1185e807e687b51aa9aca348;38912;5ed5277b3b93efcafd60eeece08f283a4992e04f02badc99e7e22635961fcd53;5;0xD000;37888;642;1024;11;0;11;22;2066870;1242
b71ef80629ae8471.dll;34304;f606feb9341ccd7829050e1c47dacd4dc4bd1372a1563b558477e4f4290f3995;34816;40a277b8029f05977c3dfa1824d0746685a635554d5c0c223fedd018b39d3999;5;0xD000;34304;75;512;2;0;2;13;2068112;639
b72bb8b4243e6d44.dll;34816;8289108312d8d4740ed0cd1e90df339912c7c831f6dbd4f5788d16f49f1e176a;35328;0fc8129c0256a7d8ef04fbcded8af5f43974baab6d3718e01c5ce27e98ad9485;5;0xD000;34816;28;512;1;0;1;12;2068751;629
b7625ea03ad814f2.dll;30208;18bc3631c9f591ff748d4b6705971fb783eb5a239a19d6c71878765f2a0c3b02;30720;e74697e01bed4fcd565f55e1037bbf7b590ff1e601a7430dc4b6e152c5966620;5;0xC000;30208;165;512;2;0;2;13;2069380;639
b76818a232e25b67.dll;28672;ed4dfb121bbc76e19deda3824fb7fea2cbedaacfc8967b5eb5a7f919179cfd8e;29184;43f709bce1a65839222e17a2a7b1e68ad3a3f217060442568cabebb2a8e18bee;5;0xC000;28672;85;512;1;0;1;12;2070019;629
b7775f7918632999.dll;32256;71fb8b79258ad0b0507c08e642d3fbc9bfe0f433662ece31e0e0ae32eb687090;32768;a42bfe81a974160d71830e98f5986fc3831d17463764d420014beba3228912ce;5;0xC000;32256;43;512;1;0;1;12;2070648;629
b77f446a2effc24b.dll;31232;80b4a28fc82977fec32dfdaa183a960e4844ac5567bb9301932994fd7d8b8157;31744;af21536234543b5b65df794c309be77ff3b3cdeb35d9cf36a5102d2c342b2137;5;0xC000;31232;78;512;2;0;2;13;2071277;639
b78f68cb0b815628.dll;34304;c1de787909b1181157ccda4609cdf42aead42197c9ced6756053fca5f3fc32d1;34816;66413fd9a8325e4c0a978987070fed7507ac077dcd0816c94ea2e14794fc6bcd;5;0xD000;34304;162;512;2;0;2;13;2071916;639
b79047778eac9c65.dll;38912;cfe9744c12834300e4586aa4d5e3147df4684879787c28819e1115fe1c2da4f4;39424;0e61bb58f4b05d55c9455a8f02f5ebe0d2771c622e071996ba8ccff1cb2445b7;5;0xE000;38912;364;512;7;0;7;18;2072555;690
b7a4f416cbf04300.dll;33280;96ea23dc48997baf48d66b4128d8af6404888ea113de5ba9de056d5bfa11b8fb;33792;5cc4e82fe7f84299330c0234989a0efa701d1b24647b3ddc4b6d8cc8792aed6e;5;0xC000;33280;109;512;3;0;3;14;2073245;649
b7be9e16b46d201f.dll;35840;e56ac2f69319c7cb82b61802887b34f8cc2f45de5ee272f87f4849d15cd64b0f;36352;bbb5730325303e9ed52277f164360b3598f187382fd7b02488cd5fbd788f2fc3;5;0xD000;35840;181;512;3;0;3;14;2073894;649
b7c92ed282e14d49.dll;38912;820345448799309db01dbe660d8781d0eea4b65355a6497edc32f5cdf69a7750;39424;61ba04f7abad495d7c53a4a94157ab99928302f964d6282dac086bcdb8643d93;5;0xD000;38912;191;512;3;0;3;14;2074543;649
b7fda1c8b24bcaef.dll;34304;67d92992089901cfab026dbd99455220b01ce1e9cf29ae5550d7b283dfc840dc;34816;6aea62afd2bf143a7d1146c2128dbf8d1fdb13c16e7a76d4825df82944c50040;5;0xD000;34304;91;512;2;0;2;13;2075192;639
b7fea8d426520cb2.dll;28672;2b3331f3f774d2261ca7f3f5a98c4817ede13b0df9645d54247068d6ad3a42b8;29184;6c98536e1eb0422ad8deeb40426d361ab582c00f616b6a423e7fe12c0e1b65cf;5;0xC000;28672;46;512;1;0;1;12;2075831;629
b801d32bd0d8e8c2.dll;31744;4a787cfe720b2b8f29d8ac8a1f669ad3d2ac9ef014ac00b8e84089bd80aee48c;32256;44b2ce4edda72adbda9c5ce5d71ccff1e6179c803b876f87a146b8e57f952c8f;5;0xC000;31744;187;512;4;0;4;15;2076460;659
b80a0e25936313b1.dll;32256;831cc6fc31fe52425e1d710bac9b35ba8e6334dd898eec20f8494965f33d8ac1;32768;11f4cbf5106910decd758a0a9405525a0837170dbe42667b86da10ed52ffa032;5;0xC000;32256;212;512;5;0;5;16;2077119;669
b830fc6e293fff08.dll;35328;ad74c530baf310b192d3be022e369f5de6e74d0844636463f9efcb3c0c8224bc;36352;0da35b567f6a8be75e450fd57270ca3eae897429b430bea8cf24802131baf96b;5;0xD000;35328;769;1024;6;0;6;17;2077788;1192
b83543e8c5c997b7.dll;35328;e1fd9c635410a18ae7bc196d5a6e741e352ca60c020a1b8264df49e3f312eb40;35840;6f506e07de65f1824c44d22e9b19b82e90f8750c8a163213692e43478d54f8b0;5;0xD000;35328;172;512;3;0;3;14;2078980;649
b83a11d2d1ebf601.dll;32256;aad519feff398e84d06db3f9f31d0dc41a349f00df61bb40bcb68f43bdee8d3c;32768;1d7bd3e66796296e3280be1eda213d0c930de27d9f3b76584003b2a519644eaa;5;0xC000;32256;25;512;1;0;1;12;2079629;629
b847ba8251aeaf39.dll;31232;02bb03d118e72d3a337f8dbb43b5374d5ae9102c40613ddfb71d92287cff66ae;31744;9fa20c4e4cea573c50965d27189b6f5843a7ec4ad03846a920f02d0541390728;5;0xC000;31232;278;512;2;0;2;13;2080258;640
b84cd96e4a3b4832.dll;32256;eada644e1e0e1d47d82304d3fe56c87b912691897364ff391216e221801b11f5;32768;155a93650cfa6b6954186c30ad0e671b11b061a89d0781ea60b830cc400c37d6;5;0xC000;32256;157;512;2;0;2;13;2080898;639
b851783cc857a327.dll;30720;8532965e1b4c6edd19fc9c25401d292543b9c1d0bb0bf3fda8635cb6c37c863d;31232;f0a75ea5bc959fddab316f671ad90c1291b41cbd1dd8923b949c2faee645dd9e;5;0xC000;30720;27;512;1;0;1;12;2081537;629
b852576b5ede691e.dll;30720;15defb674c03614abd6bd9318ab6650661f2cd7a99bf8fba7709d187eeb9024d;31232;80e17b156be8c2aebedb75638503fc8f12255af8c00853ec5242f6534025c4e0;5;0xC000;30720;130;512;2;0;2;13;2082166;639
b8542402e31596af.dll;28672;315ea04ce867866a50e4d092614913b41019e8d6c71400ef60817fc5a407a6c0;29184;b97eea52dc27f7641d11fb59bfe453aabf9b48ff302c56a623201510b3e48fc6;5;0xC000;28672;43;512;1;0;1;12;2082805;629
b85839290e73de22.dll;29696;2731e6273e7fe3c391737e406266a791dbefb3edc1f6f5d126f9ac7bb3327bd2;30208;d37f729b2ef3f05159a4b9162604c1bba416919f75e2b972110e2fedfd473fec;5;0xC000;29696;49;512;2;0;2;13;2083434;639
b8597c22973e03f3.dll;173056;ba06e0b1e22e2dbf6892ceccb5a8f7c67921073e04ce61ef39d91a6c1b98d59b;173568;b64ae8d97d24bd76e1313252c92890cf24a6f3e13a848a7814d72f30a8ec582f;5;0x2D000;173056;304;512;10;0;10;21;2084073;728
b88fe3fb6fb31fd9.dll;30720;fd9a1176b88d7813dbd66e3cb4a598f942f09b4298d7ee4c8b05559d7d454f96;31232;11d78362839c9d2545a85f72e7dc33a13f4e980cbb1889c12fc5b2c50f7807d3;5;0xC000;30720;137;512;2;0;2;13;2084801;639
b8ab08542de5cd1c.dll;33280;5b8677954b211ffc776222ce8de51c359031b99f813ac94bc7b627705817b934;33792;ba690895438b5d07bfcfbb440b5e99cdd82f5b4e92eef221ca368c927c4fbe4b;5;0xC000;33280;71;512;1;0;1;12;2085440;629
b8c4c7cb5cbbc42c.dll;51712;b55036bc8b73a41b29cad2c039c8c3321c251be6e0abacd576c0c7d25fe9c0b2;52736;6e37b2e63d38953ec8c45161f754fc7c3ce112ca2c20a8469fd5ed22fefb21d8;5;0x10000;51712;919;1024;22;0;22;33;2086069;1349
b8c79cc75630c8cf.dll;31232;66e4313177a7686a0831c304ab3dc5dde3389743bbff7a1c65f22804e3c3d8d8;31744;045ac1ecd3fe912d813d2c2cc025c55077fedc146bdcb6b59ec7114d32db7c39;5;0xC000;31232;166;512;3;0;3;14;2087418;649
b8d48a107fa404af.dll;29696;dca4a000588026028f4a3c2040b1acceaab808d810db45e82c1271fa1d969f18;30208;97f70aea1f9b4e6bed5368dd41a940b6804c8c0098e45f710e8d4ed1115c508c;5;0xC000;29696;38;512;1;0;1;12;2088067;629
b8e034ebfb823db1.dll;30720;2c066d9dff15ca92c5418ac4cbbd1f800c6c94f4d0411d319fc5a5d86e4202f3;31232;94ac5f7938022b98ab4aa1a81570cd9cc459011bb7841a5a00500f3647034ad5;5;0xC000;30720;32;512;1;0;1;12;2088696;629
b9040b27faeb8e65.dll;36352;0ec67c058aeb134d0b23fbaa8287585a1b75a29eb64267992f669fa72103ee9b;36864;88e27dc9fcaddaa024153511e3338b31548ebadde3b2626cf67d0e8feaf33a88;5;0xD000;36352;305;512;4;0;4;15;2089325;660
b90f649be373f9f7.dll;29184;c8e988d5df881060d555bc9ff0a50be3786c92528df66a9cc480b9fcc56e3d6f;29696;8eebb204f28ecf21417a530ccbd1561455444c2460d19efe6ebd1e2f96856fcd;5;0xC000;29184;142;512;2;0;2;13;2089985;639
b91d766e13b07ecf.dll;29696;5625f05c69789f77ec18069e39fe29e62017cc814ee286dcc0a760a5f34c9b6b;30208;ce4a3f3e11363ae4ce8afecc89c299362845857129998a2fb91328d50dea4fb5;5;0xC000;29696;35;512;1;0;1;12;2090624;629
b92aca982d472361.dll;32256;03025fb5aca8925180e10eacd2086b09296cf5ac1a5a97b031c30cea45331409;32768;be5c9aadbfc6d1d7092cd83b0b5cceae23e9db352d5d66f41dcb4296b9c0f9a3;5;0xC000;32256;37;512;1;0;1;12;2091253;629
b934662626665564.dll;28672;a3bbe0e65171165ce7419b81e343cabc541ffe0486cf820eb67d848cb5a5ccb3;29184;4b351b82b374fbb779c4c27d57c1383dd776cccce2b64b5e2e9ec2fa053f47fb;5;0xC000;28672;59;512;1;0;1;12;2091882;629
b95c6972c3bbe578.dll;31232;a0d445ad5c20df4d12e69e49cca8cab57f92f197a369aea67def06269923ed48;31744;9faa4e9ca58d6186a7fca1390ee87b8a6e434055eb44c8074fa286a520806d3c;5;0xC000;31232;111;512;1;0;1;12;2092511;629
b960666c358126fd.dll;28672;7e9f552dd71bbfb4e09dedb052afd8bcdac70c88d0ec4f0f343b6034df7be2f2;29184;ddb7c07ca6fff8491e625f10cb8b80c72b9f2a977c6e45f42ffa5f12faf4fb35;5;0xC000;28672;58;512;1;0;1;12;2093140;629
b969083d473950f1.dll;31232;d974a48457d0700287ffd023918ad2a060bed1c1956f6e7a35bdfcbe47f17d72;31744;e7ca137f641ab465e0445dbd29989e36c82d296d57eb2d670428b88a8809f3a8;5;0xC000;31232;41;512;1;0;1;12;2093769;629
b969083d473950f2.dll;31232;a9b30e79e96ed1e1f2c19d6bbd3ac1d6f1ce9bf6f2ae6738634ba709bb64bc94;31744;0bf7e12a95c5bf01e40508466d60d51976e5b2d6ea6af0f2dd2c77b47e292131;5;0xC000;31232;31;512;1;0;1;12;2094398;629
b969083d473950f3.dll;31232;169649bd98a06e6ad669ab26f18700f8dd137c305f4bf3f8b312d723eedaba4b;31744;81c3f6548a3d9975711a6f0d34c740608bcd64ce6adee9e1c9ad92fb09923f88;5;0xC000;31232;37;512;1;0;1;12;2095027;629
b96ecf3fc5baf4e9.dll;32256;dffbda1b4403c0231425c313f52fe5842b60142feb6f229c33b0d9a1fe6e5f53;32768;a7e86c655a066bf47e7d778eb8c6d3a07f64ce23653991f7f50adb993cf61da0;5;0xC000;32256;75;512;1;0;1;12;2095656;629
b97367ba897024e0.dll;34304;682dc0f1c07b85578aa7c338014b1694f6ca1c30dd75687d3d35722f3eabef20;34816;0272675efedf6d398e2c1f5330aa9db46e2347481efa3e375e0d43ca2fe13594;5;0xD000;34304;105;512;2;0;2;13;2096285;639
b9a171281d61c543.dll;28672;38c060a08fb26d733864409910a662f1a14f9b2b5fd68343fa73be1956735cc1;29184;d0a7e78ae2610d7e9e00a8938d6ce22757cd2509a420459e9a635422323be0d0;5;0xC000;28672;49;512;1;0;1;12;2096924;629
b9a3ea6c3e57026e.dll;33280;4c16f46f27f86d2262f57aa17eb7535655baa7d728797326fe6d71b388f2ec70;33792;67a35328d902b8a675a6bf90be637d546f19409df0044cc799d7ba6f33512c18;5;0xC000;33280;70;512;1;0;1;12;2097553;629
b9cc31ff6521ba71.dll;31232;6866f1da099becacdfbff0001627691fec9d6a04da081e7780de8606e5dd6e2d;31744;e750ad66e58978d97046bd506640df0126c721899bdc73212a24f12668053e21;5;0xC000;31232;69;512;4;0;4;15;2098182;659
b9d5c19f196595e7.dll;30720;85393e84dd026ef35e0938b6bf08759614f753c31443238381ffc6c9efdc2199;31232;a81ada2d8e0c1ad767c970544ae8d18e0865aacc22a41f6a2e99f741022a4521;5;0xC000;30720;108;512;2;0;2;13;2098841;639
b9ecc312dbfbe4a8.dll;40448;9fb91b40810aaae1f232f68928bca8321a2e003863247d41d6cf5cfe26b5a7dd;40960;224613bad1a1e67186d040d16558c0f9c79050147d59064233aa15184f5114d6;5;0xE000;40448;352;512;5;0;5;16;2099480;670
b9fd5db1b4da7e37.dll;32256;db280799a91271b2b67bda285fb92d0f3037e58eb1d4f3f3ba7e82f8b1c246d2;32768;52e969c11386f2fe356623574f237ab0727ac6ff5c4c118b98d716f9f671fcfa;5;0xC000;32256;35;512;1;0;1;12;2100150;629
b9ff8948cd0b91b9.dll;30208;ba8d6b2daf1acd477eb20bde6186e51198b21d057986bd05f120bb45cdbac370;30720;8904119345bb411a5a299eab2b6fac630b2dd75ca38aa6114bf1a1b160331e71;5;0xC000;30208;70;512;1;0;1;12;2100779;629
ba2d113913e9d71c.dll;31232;b17d9b4123bfb56320f46d672f953e7256ee8fd3f2d05959af173cf19034963e;31744;db45a4f43e0d44ba9b9d1017c9a09c4f0cb60dd48e1d1875b93a111ef25018c4;5;0xC000;31232;51;512;1;0;1;12;2101408;629
ba2d113913e9d71d.dll;31232;b863c3ba7a74b2ae621635600cb2765c06e5ad6ba1282665b0cf4cc428593a4b;31744;f3fe2e6f05eb06a4084a9526774d89033c0df99d4739d1b527f42f1146220d86;5;0xC000;31232;27;512;1;0;1;12;2102037;629
ba2d113913e9d71f.dll;31232;4a548df17d5e58e87f0f90ce801590177b5392ef07e0d03c07a79498771062c8;31744;3d6faa333f79fe3199419644ab5c88ec921fc93299b941db8fde79a9804a567d;5;0xC000;31232;34;512;1;0;1;12;2102666;629
ba2d99261c0322f5.dll;35328;330a62a71e2cf870ff7f65de327bae38f57b47ad04ca17ea0c5bf93761480ad9;35840;5fffc6598ebd5a58296b192c37f26ec791909ad317d6add569049e9da078c2d0;5;0xD000;35328;201;512;5;0;5;16;2103295;669
ba3694bc047b8d35.dll;28672;82434eb0ac5ff8fa60e092eeb5fb17090d5a49cc01c4c2c6c3c91d852bdefe5e;29184;72df1229d71d73aabc387a789e1f921222eb0f4c1da68510dd3dbbfcc99d1be9;5;0xC000;28672;31;512;1;0;1;12;2103964;629
ba3bf47756d7af0b.dll;59392;b12d93e076242e8a7252be967444853066cc3b95ac07114726e49f4c08af974d;60928;d42a24d4433c860a76af7ec6efbab80345067491738598d9dc3a01db9fbb9916;5;0x12000;59392;1045;1536;25;0;25;36;2104593;1894
ba49516717d8be96.dll;36864;2d376e6ac639e1a4c8bc1d57057b754dc1fa94bb951d0eacf55c760b6e384348;37888;fc97aefa43da976710182bbf98397326ef9f315480ab7b0c5494613fc385eb0e;5;0xD000;36864;604;1024;9;0;9;20;2106487;1222
ba628638b8c20a10.dll;37376;ac18ca78638caa4ecb5529e20f80b57417cafa9927a9245d6b9681c6c10a8cde;37888;d7b91a2592e02f40cec97fe65069b14f3bb0a5788502f1559bc7da4263bf2832;5;0xD000;37376;179;512;4;0;4;15;2107709;659
ba68eec88fcdb502.dll;30208;72b97ecf9e292b38391477aca2cecdee1256dde7e84e72c693176c58652d3c0f;30720;78aa5ca423db268d4b1bc95ef4e3d85fb9f0ceda90b69d2f278964814a30a95c;5;0xC000;30208;61;512;2;0;2;13;2108368;639
ba748a194f5563ad.dll;28672;f81cb975e8149810cc7897a74ecd97d0719ec3e9f2ff621035ce935aa44e3fb2;29184;6f5a100f56fc85f3996a529ee04b7d1fc14205199d4707b0f574d751d9163ed1;5;0xC000;28672;126;512;1;0;1;12;2109007;629
ba7cc649d4caa29c.dll;37376;416e9d21a53ff498b526528c03f38e7f7f7b18e380ec56cba1d00d36c11e59a0;37888;a6e535c43d4b773459c06c550f2fed8df3f8a2bb7a609fb67ec2ae86968d8e9f;5;0xD000;37376;167;512;3;0;3;14;2109636;649
ba8d24d71fe89991.dll;29696;43ffa0ae3f819027636a5e475353c0567aff739463bb3edb160575d08de4c914;30208;cd5e618d3b3168240db7f344a32683ef3c727942e7c300c06e53b779eaf9fba4;5;0xC000;29696;32;512;1;0;1;12;2110285;629
ba8e35f30a402453.dll;81920;b630c2447d98565f20a27b86a0cdf219ed599552593707737cf0b4a489189ad3;82432;31ea97559bfe6fc0b44ba5ef92df84aa1d16c95cd682083f043b572ab504e6d6;5;0x18000;81920;76;512;2;0;2;13;2110914;641
ba966516805726bc.dll;40448;9f65fb9ea974ac81c188292da02202f97015b5c0c0e139dcda1f8cd918796294;40960;4a2b007a80ef6074b31ac005ec759d72ea1852e67be48168f4a08624295e4509;5;0xE000;40448;398;512;6;0;6;17;2111555;680
ba99a4530dbd2b35.dll;34304;db74dd5552d05c942973ca14efbc9115bd05f4d459f4805d53cbc3946fb55562;34816;e54cefa0b5366cc12d52fa3bdbb19076bdbc168df2b198d07032a49873d21294;5;0xD000;34304;69;512;2;0;2;13;2112235;639
baae347b3c6f9ffc.dll;37376;4c6208aae510e49019f4374f731694324d816476c266732fd9db2db5ebb9c0a8;37888;0a023f701f182bf13af17ecc11a96bba8f9a61da81e716969bb6881d7711279f;5;0xD000;37376;87;512;2;0;2;13;2112874;639
baae3c7d0d7683fd.dll;35840;0ad6eed3555e834446ceed38ef54196f32565bbaba14aa5d6dea99f12d8bedd0;36352;ec32bc9ae77d3be1f8221b9fd79900b3915013b1dc6471cf790fa8ce455863e1;5;0xD000;35840;307;512;3;0;3;14;2113513;650
bab747c30dfb8939.dll;31744;f68e3162ad9ac376dad7590837a2dc862c4560be19b2a6b48e746b4a8f5e5bd2;32256;e8a45bc4741937c995cf593938dcf3a7e150e4e8e081942b34f41ba0aad3e83f;5;0xC000;31744;82;512;2;0;2;13;2114163;639
bac765d26adb67c1.dll;33280;efbe5eb31a2234307e08a65b52ec76be32fedfc117fe4cf4ae89e17b5d52e170;33792;b7a007e39b526c1abdfeb2cc532fe4a70ad86f5c141497e917572e9224a25800;5;0xC000;33280;107;512;2;0;2;13;2114802;639
bae6249d5e3f09c4.dll;30720;7870559164454966df942edd7b2136414c04c69023137fdf47cebb5119d13344;31232;8a9bcd46995fd2eb9eee57d1d4f802259f2540aa97facb4c3ca31ff0d3e7db6d;5;0xC000;30720;136;512;2;0;2;13;2115441;639
bae6249d5e3f09c5.dll;30720;49235ffd571b36ab2caa2bbdfb782f712d2097e7eaeff142d87785b1baa7fe78;31232;48a18c83ed467691cf109b037ba5d27a890165c28d037318cb36e70d28d44c67;5;0xC000;30720;162;512;2;0;2;13;2116080;639
bae6249d5e3f09c7.dll;30208;de63a8fc87efcbb23f9b9d9b817a6af0a672d7c297c50348df444824cbc87b0a;30720;e5cf98d5ceb2dbc6a92e7f9671e8da3474a54682348a1e87952c74bc90dab6b1;5;0xC000;30208;97;512;1;0;1;12;2116719;629
bb04af7b69c4e1d1.dll;33280;c5dc4333a9fb4f19ae392a5b46ccd70f0f12d858f108faac9169c2f7055685af;33792;fc50cee46bbe35ee66186caae87578dc346653c548178b3977ac840ee7bcec5a;5;0xC000;33280;80;512;2;0;2;13;2117348;639
bb1a3ec330b56085.dll;31744;c7358dd438546cd65bc20ef9f226d3ec619c1d0b941f0267257a0c5b31b84191;32256;463507415b9912a68fa005ce3733592768ff1c4111ae9bed50e99297e7e63492;5;0xC000;31744;80;512;1;0;1;12;2117987;629
bb20f9a45e8b491b.dll;38400;3fdaf3509109ba67abdf711de750d88d7508045f0dd378d3d32b31929a55ec69;38912;d9f1d49ff3da13893e8a3ac20ff1b6dc3a70b781d51221cca6d2bc1532c4ef2c;5;0xD000;38400;193;512;4;0;4;15;2118616;659
bb3f0bd2e277069e.dll;30208;745717d2826cb7baa62eb5884577601ab15a436a90e36b05a9bca31c91b2332b;30720;c8b5ae43b4ca53522437b56203aa47f088e0d31b28a0b0af5526a2f640f80156;5;0xC000;30208;44;512;1;0;1;12;2119275;629
bb4b3938ea32846a.dll;30720;1746971bf060003bd966579d2070beefc5ba0dd3df36ef61b9fc23f1e74189db;31232;e51dbf976a0554b0d55dc806a27a2a3c9597f7461933a9d7d72cd75b32bbe74a;5;0xC000;30720;158;512;2;0;2;13;2119904;639
bb4eaed5ae619ca1.dll;37376;d7cf3eacb8fc5a970bb0a7da8f9aa35148d93c4cec3dabef4623ac2c9a26c2cb;37888;67b63a3c7072c9fe7d5dc324eaea03a30764097918f424752d37887935b45de6;5;0xD000;37376;108;512;3;1;3;14;2120543;649
bb4f6ee1a2b5f784.dll;31232;b13d25edba7ff3e6cf5b4266255ebfa2f1400c3f00b4dc9988f1b518b77634d1;31744;253a3dec7347505134c6c38c6b81dc44e176d5292625980c2adde4c2f4442f00;5;0xC000;31232;64;512;1;0;1;12;2121192;629
bb69e06d61efbdb2.dll;32256;75ff736e43c11a0e062cc7cdc867b9bd59312d05c37c245c8b73bf5b7fe148b3;32768;bfc65442f7ed9a9488acea799eca47343b9bfc5fb3d613291e2d0e6dc9b14de1;5;0xC000;32256;63;512;2;0;2;13;2121821;639
bb6c773bc071097f.dll;34816;bb873801847ec10f146a1a6dcb69e589732ceb88bc37c9b2c6afa732b8b2207c;35328;c4d757292501dfeaf0235d698f32f1236dfd26496c3c7ce50c570bc7521f0222;5;0xD000;34816;243;512;2;0;2;13;2122460;639
bb72621b43365720.dll;36864;040f734f8f5bf750b0755c4870b0698180626296e2465884a63c511724eaf98f;37376;302a5aea6af91adf64732da8e40a42814d59086c0c279ddba19b0308fdff4c1b;5;0xD000;36864;136;512;2;0;2;13;2123099;639
bb72621b43365721.dll;35328;f5daa4c1e0d9f35c8f4db359c2ca337591d19c85bac6204e1aa0d57d0bc05cea;35840;76e8b36ff3cdcc7f049dceebe11728c530e199962c4b88b2fa4a8c57befa989c;5;0xD000;35328;71;512;1;0;1;12;2123738;629
bb72621b43365723.dll;35840;3f794da67e75ccce39db76c97d063818a31811bd4df2649dc7dd87b28585f751;36352;362e9e44476210017a46d875ed4b63706b94e731ec37127befab9d0ba37232bb;5;0xD000;35840;51;512;1;0;1;12;2124367;629
bb72621b43365726.dll;35328;9004d72940c42040277ff323968bb7e3203962dc978ed2ccb7065c1c1fcdfb6d;35840;05d01a7de5e57c5879cae5085f7c4ca16ea77ad115165f4c70e52727cb3223bf;5;0xD000;35328;66;512;1;0;1;12;2124996;629
bb72621b43365727.dll;36864;5f1563283bbe254a5870b0329253eaabeccfefeff4c0b2c7582cf2636a52562d;37376;76c79f48902e7e12277eb2b989bfc286af5256e40a78ef33eccbd6574004d5c2;5;0xD000;36864;126;512;2;0;2;13;2125625;639
bb8b38d4748be259.dll;28672;01914e1c69a9b7a8ed6d88c5d71b6a8a8b3422fbb992e17755d6344174d32828;29184;f69a54c2b926670c5936a43cc439f73af171d8a1c6b6cdc3e11e83dda1a8e229;5;0xC000;28672;79;512;1;0;1;12;2126264;629
bb91aa4090dedeb6.dll;38912;76858e1e1ce2b995fa4df4a191f1e62dd5c5e6d175adef0471d04ce0bf5b6a21;39424;441398959500cb9b03108d3d588bbef74abeffb76819af727393ef9c60a2b3f1;5;0xE000;38912;125;512;2;0;2;13;2126893;639
bbae347b3c6f9ffc.dll;35328;12305aa9c7a6a0c37919bf88fac92f45158fdb58bcf833f95360ef37df2c7f87;35840;27986a3db138cf9b494177d0267c0eec1e64ba3829ea527414fba683e028f268;5;0xD000;35328;164;512;2;0;2;13;2127532;639
bbae3c7d0d7683fd.dll;36864;83ac839e8156bb2de9cde5aa6dac3357cb6c1ae28e511ef821ddb02aeead70a3;37376;0dacae1fa13ef9853f718978e8a4eb0bf911bae516a5000498d20b18edd30abd;5;0xD000;36864;105;512;4;0;4;15;2128171;659
bbe997f3a8cf1713.dll;36864;dfe74496460f8ca78091d203fbfa42984d41fc7872c2f4142ed3f2535bf19370;37376;b5b26d9dfdd50197393ff89c2d887df9c0c349973ba94249a667a8940ab8774a;5;0xD000;36864;65;512;1;0;1;12;2128830;629
bbfe1539a3f9e943.dll;31232;3d7f8e620be3f59bfd8c86e09d1ec66d252e6d272a91b235a5cfb6338ca3c4b9;31744;c43eb121a02e4cd40c2dc5423f6e618b724aae64a8e966ded80007f1ebc155c8;5;0xC000;31232;116;512;3;0;3;14;2129459;649
bc13c9d40718df5a.dll;40960;f560c147d358532d304aaba9ee75055b8e8b4183f41ab1b8af22bd5362509455;41472;f4afaa5da2d476194ac72daf726b142e489eea7cfe5422983acb31949e882edb;5;0xE000;40960;186;512;5;1;5;16;2130108;669
bc1cd605bcd1930f.dll;32256;c17eea33bd86b27f77ac550544faf2da55c981a539d377150abb36f8b52af528;32768;15e172d08ccd686a4dd4f76356638b35251de7046998c07ae8d2266adbdc3d29;5;0xC000;32256;42;512;1;0;1;12;2130777;629
bc41fd2d227beaa8.dll;40448;fc77562496e6c7c6cd7c820373b8a2db2a735e3fe1df06229d990d89e791283b;40960;26fe57d578148feb0fcf308a1c2753b5ab7e602e69a2ef485939d2a7746a7df8;5;0xE000;40448;117;512;4;0;4;15;2131406;659
bc58d3a2542c4487.dll;32256;76592acd97f7f8b4e82c4bd2ed01879aea5cb9ff2f222c67269edfbba3c824ba;32768;a3e2fa27c425af34b906b5f99a25353efa19549917314ab9ca55088efa21439c;5;0xC000;32256;20;512;1;0;1;12;2132065;629
bc976db58cf7752d.dll;28672;eda91b601b87d88c34dfd8543baaffebf02d4a3e554fd53776fab0ce9e6124e9;29184;8dd0f1838aa8eee3ad7c25a29e62305f79730a3bd747b3796e8cbe8a0edf34a1;5;0xC000;28672;44;512;1;0;1;12;2132694;629
bcabee2464062f83.dll;33280;29264cb1893cb505cb608e581c21cc7aaf3d401073ce72491d0b3ffa2a84071b;33792;06cdd74bb8f4a39d93c7d1eec5946bdb5611466069513db882507c9433555d26;5;0xC000;33280;51;512;1;0;1;12;2133323;629
bcae3c7d0d7683fd.dll;35328;42a5fa231569e990dfd90c478741098570528eded364b3264a5680bcf8fbef17;35840;82ef9584ff3ed69eca258d3f3b972ddfa3cacba1066bb588bd6a94fab0584f28;5;0xD000;35328;108;512;2;0;2;13;2133952;639
bccb412c254cce59.dll;32256;198c4d16a55ff571b9689e2067cf182f8f8c4c288be5866a07c560efe3ae86af;32768;c888479c7d630cf9e4cc4f6c489aeccb67430adfa63b63ba4e04af46fb45c0fe;5;0xC000;32256;34;512;1;0;1;12;2134591;629
bccf4988eab5f4a8.dll;30208;b2789f64fe6d71e35576c2e45b0a7ab047b71984ecc3c50e6edd6f6b119b8773;30720;f845d73f98514e40aed1b62c7bbaae3f13af2b62ac2f09386d76acca610f1a15;5;0xC000;30208;75;512;1;0;1;12;2135220;629
bcd0d350211ae011.dll;33792;92d3275dbbdf4874bc29d6a4e46f8ce2c9ec2fd176a8756e7cfbf9e75afd7bb0;34304;984ab19c00f9db375506647c9e21a2953e09b72f3dae05d43ccd14b6182083ee;5;0xD000;33792;396;512;6;0;6;17;2135849;680
bcdb6fb3e71980b7.dll;31232;2c6f5d0a7677362f844d3f9b8a2cf8bbfc92d230247add31ec2d539320e941c2;31744;f35c722c1ecae08e8e45df6d09cc0cd620418c79a8b1891e072736c86e38de81;5;0xC000;31232;92;512;2;0;2;13;2136529;639
bcfee098e6d45f40.dll;30208;739d566a22a29134c9974999a23f819fde8586a2474df7daf8a8ff18c590edc1;30720;a5976441dc74bee30bf36f19de1e1b32ef07efbdee52785d1b71e924706f4f30;5;0xC000;30208;82;512;1;0;1;12;2137168;629
bd21829c4c0aa6dc.dll;30720;f6424db3e448c64148747de9abf8101e087c09fc849914faef35f64bb12296f6;31232;cef852ab3f955a0ef04338d81bdc140753a1bd849f86342eb2b121050f6abeb8;5;0xC000;30720;244;512;2;0;2;13;2137797;639
bd457d3e44b01e21.dll;32256;fe7d651ee13d415ddc63d4e6430de9a8e8f4b8465ba0b5bce7aa9ff00fe5aa18;32768;47b668e5ab53d720c53cc919cb29c091f6d3f48d08090772f341a63cfd73e545;5;0xC000;32256;210;512;4;0;4;15;2138436;659
bd4f43a2afc279a0.dll;92672;21cb0eb9cb25a1ede82c27acbb1f08f3224792f8f6449ed1dc848a5ca50d6b73;93184;f5131e53b037e0b9ea86e159b29c49c722b4c8c4bcfac43ffd40e941c3858266;5;0x1A000;92672;74;512;1;0;2;13;2139095;641
bd62389f728326c1.dll;28672;46d0711cdc3dbe4f751709af812079a113375e42da0e6568e61e9d6e2acc110f;29184;af65ee1598562ccdb2f9b364feac03546e31895c400c09878f05e1fe7502e142;5;0xC000;28672;67;512;1;0;1;12;2139736;629
bda8c70ab169f651.dll;37888;9e741377d0df408a4df5b7dca55ece0b084c24f7b6f121801f50231bce7362fc;38400;4ff55717ad28b4d6425cb147d05ceda57bc290fd7eb23c342c2bd05dbf4cb764;5;0xD000;37888;24;512;1;0;1;12;2140365;629
bda8c70ab169f652.dll;29696;f5fb4c5ee8ca190ec555e6171b6ada7db04c39260d6f2f2bc394b5d0da8cb846;30208;db685c0b22acc7e820d2cae594759719472260e6898a1fdf6e05652a94ff1164;5;0xC000;29696;23;512;1;0;1;12;2140994;629
bda8c70ab169f653.dll;36864;f37e7c6c1e122ff382e8857ff36786b67d24e61be36ef1e10b54a643e22a02d7;37376;33ab007145e0588f99796daf534930c3340ba30a99d822b230d65b886b77607d;5;0xD000;36864;99;512;2;0;2;13;2141623;639
bdb0413b49ce9774.dll;31744;c6b92e68a861fde337f586ed3252b3d9714a53211e9c7b8bc30567aaec0dd1bf;32256;484842ecd58f223c2421c5ea4db3a2b947c7fedb43e7cc3ea15092c3e41afbe2;5;0xC000;31744;304;512;3;0;3;14;2142262;650
bdc553c653d5e5e5.dll;34304;5a597fe326cb329e3485d4f9d5ada195e609fccb869e06bad972217e6f77b382;34816;914ebe1a28440d78bebe4f5b2025fc5cb1c3ea132d7e183edeec289ea8849b00;5;0xD000;34304;489;512;6;0;6;17;2142912;680
bdcc5cca0d2156ba.dll;30208;b54cdacac620b975568281b809e4a0f4f3176eccb5a6bf91e0063fca35bd2fd3;30720;00d32bec9481de7298090acc5eb22086264761bb17ed47372bd9dcfc04a551d6;5;0xC000;30208;165;512;2;0;2;13;2143592;639
bdecd9bd75eb97d8.dll;42496;f0f8d6b9ae38a19c38e652a2e78026ea57b9b6a3d37e1426fcbe39a6bd01b2bd;43008;242ce3ed06e9e0abd9523e731b0878e17ca1a81f315ac462d481b912c76e2788;5;0xE000;42496;249;512;5;0;5;16;2144231;669
bdf9f33815d5d7de.dll;34816;41255525f46a01a472de16163dae28db2c5ae6319bc8c8edbf6ab2dd4f1af64d;35328;c6b1f6fc310fa15edfb51e129d0c86a4ad0a7dfaf1afc10fe2808cdf1c3f0526;5;0xD000;34816;24;512;1;1;1;12;2144900;629
be204b26d34fed77.dll;32256;eac313b9c6c3064a3f113892cdf546b40cd2d804de194e5bf8d191080b40a780;32768;680e0c32d532391e09f49636d843c43787ba5bc0dc7298696979c44161aa8da2;5;0xC000;32256;37;512;1;0;1;12;2145529;629
be28883a2fa57b0c.dll;33792;49856620c048ee2d7893e7de3137d15642937f39e87e10be9342df3d8ec2e998;34816;679837d82b845aa59559ebf401ead3a61669b12776abc17272305cc1f6e5c669;5;0xD000;33792;582;1024;5;0;5;16;2146158;1182
be32b3e6f85251bf.dll;32256;4baceb3af95738469d50fc83e47353e6253163920433fde41ac09da450e88d5d;32768;d6a3c7449cae48de286c5caadfc8dcbb34cbac7e17423138f5c4517243627f4e;5;0xC000;32256;29;512;1;0;1;12;2147340;629
be3782a1ae0aeea2.dll;29696;d47690e951eac84cf9fd2df21de1f0b0e2b3938e01b934395d496d421da822f4;30208;07b14074dbd3ccb0e7aafb29345694fb89e3c2fd8569679c5353a567aff0984a;5;0xC000;29696;111;512;2;0;2;13;2147969;639
be47b96de6171fd2.dll;31232;87c152b2c2fa4cf1c2e578cf26b70afa7b8f6fa49b7ef3c7d11d544a2aafbb60;31744;dc1b43c99c39ad8ba6cda1295f67a3f78789933f476471b36337d443c0941733;5;0xC000;31232;101;512;2;0;2;13;2148608;639
be6eaf13cb427bb9.dll;31744;70957916b01b6470d74868998f68ad3952309f7198c2006e321157373573b16b;32256;a69b179e219ba47e26348c088cb52792a589f1c52e33b621fe94444c78f05fce;5;0xC000;31744;93;512;1;0;1;12;2149247;629
be6eaf13cb427bba.dll;31744;4954bbbe75ebefc72677aba2902a879d11e74f34ab8ba64b335336d47ac73177;32256;e11dc48001cac06a6bf033d1e791fa3b813f98a4c779d964b2a712e2ad16f455;5;0xC000;31744;85;512;1;0;1;12;2149876;629
be6eaf13cb427bbb.dll;31744;3317f67ca9380fb8cf763d756dea17092c46992f51dcb8086004448bc2bdb08f;32256;3571ddb71958917ee0c7a902cf0d53e267b4e7d13fb28f407d4acdc9a0b04248;5;0xC000;31744;138;512;1;0;1;12;2150505;629
be71827a9293a09e.dll;30208;5907385bc1d30960c4873e882f256ccacec6b402d32fcc4e8c9aedac541e5846;30720;dd604d02031ae5798bfeab02f771ce394953d06378006d0d99a0b46620563dcb;5;0xC000;30208;124;512;2;0;2;13;2151134;639
be71827a9293a09f.dll;29696;cd71325b482607536bf2c74732bd2dc9b9d39e4e85770c23317792cd397c0650;30208;d93e9cc89a2b722f9d05930caf3aaccd9686f56787ff46c1e3bfa5c39929f6ed;5;0xC000;29696;33;512;1;0;1;12;2151773;629
be78b69b046d3265.dll;31744;48677b369c777c40cb5169ee71404cf5609e09b681e63c6a29c965351602af89;32256;563c9199810ae0a134a562ac44f1c784222b334dbaa55b60b08dc09a8e334951;5;0xC000;31744;144;512;2;0;2;13;2152402;639
be78b69b046d3266.dll;31744;d478bdf85e913bb6f5c7c845463f2dbe170456b6b2ead6866448136c616da545;32256;736d0f3466dee4145fd527ad44a9c26ec43b9876efeb44a3d08ce905c81f30c6;5;0xC000;31744;144;512;2;0;2;13;2153041;639
be78b69b046d3267.dll;31744;9b1709232b7ae16c56c8014af3f7d474420805a619f1c53d7a375da59c9c5547;32256;19640f9f14146c575caf07d2e3792fafeb61fbb06f924d94f2900f0137da3968;5;0xC000;31744;87;512;2;0;2;13;2153680;639
be78f2abc1730b6c.dll;30720;5156c10b45f4d75154e72b3683d21a546d535ba787b770a82342130357fadfa3;31232;659e91836c7de93e24634713b08f48b589a1db7f582fdcdeba3e7529dfd88fc6;5;0xC000;30720;87;512;1;0;1;12;2154319;629
be84395d0b4391db.dll;33280;a282d0d25b878fa100b97db4b3d70fe7aa542546ce7e53ab055d2ba85760892e;34304;f828f948c0f1db05527c6af21fe6c68a0594690d1115d9d9550df29bee83a1ca;5;0xC000;33280;539;1024;5;0;5;16;2154948;1182
bea22a472d704bf5.dll;38912;84043b6b000343908d6ecb9d8a0a237633f2a73caa04e63406b10a5d1b231fb1;39936;cfa3ec10949800c0211ef06a30a040c2309b84ed51914356e3277dc8b97ac8d0;5;0xD000;38912;657;1024;6;0;6;17;2156130;1192
bea5a5669b514e84.dll;30208;de95103cac4eb0bcea08a9e50ba32ee0ee84409d8898add8881e8581eb3d9ea0;30720;c66545214a1eb1785ebea797173e2d73fe931aa326a919c09eba134af4a4826f;5;0xC000;30208;235;512;2;0;2;13;2157322;639
beb2350f48969d52.dll;30208;f66dbda29bfb6d87f436a7844bd6b9463d703fa6de2babfece635067792c3f11;30720;99136f4678253e7a583efbdda9a262bf7bff71855533f356b4789e706e8e4d8d;5;0xC000;30208;18;512;1;0;1;12;2157961;629
beb6833bd6b73fbf.dll;35328;1fa393232cff6093a7247225d7c96085a8279cfd218b967778d4c53e194680f3;35840;e30506f6b57bb0a6d477f3decd9aa42b7ed4a2c427d55dc7400ace55ffcc1cf0;5;0xD000;35328;186;512;3;0;3;14;2158590;649
bed27d3bb80c0639.dll;30208;179f52ab8a8b28e3a802f1582ae81d24570327c71542e945d071fc4e909201e4;30720;e311cece4fd4875a65009831ab42c55ded085eff63c5b91682c533428200e1d9;5;0xC000;30208;90;512;1;0;1;12;2159239;629
bed27d3bb80c063a.dll;30208;efc3ce74500a83dfa6babb9366fd4a5d8be49215de9c8f5f02f941aff64526b3;30720;c3660ff53ad6ac15950e3ebdb3cd318acf8e0f9fab42b87600a9ae8472a84815;5;0xC000;30208;91;512;1;0;1;12;2159868;629
beec1ea08b7f3eb3.dll;31232;4da4a6a64a828e10cf2aec42f4c5c66753fc0d9b235829d6960ef89d3054606d;31744;655b8d4baa304ddcdcf6f24f95cdb6a88ce9b273126d4d8156a9b0320ffc200d;5;0xC000;31232;204;512;3;0;3;14;2160497;649
bf00882195ed3d5b.dll;28672;f0125b1df4b37dd6d811dbdedeb3427a5cbbd06a77a2aa31e969acf2dbd38902;29184;24d0f18b2cfc2992061a0c656af22d17355d0e4f5899103c3a7a215b194f6f10;5;0xC000;28672;51;512;1;0;1;12;2161146;629
bf03c5ee49364cdd.dll;40960;ea5a5c4130526cf362231471acadda7a5e0f12f2acb9dbd2776d8ad6f9476a4c;41984;d21fa935095262907d07185fc1fd1c51c5593cffef69a9df104fcbff05484b8b;5;0xE000;40960;588;1024;10;0;10;21;2161775;1232
bf198c227665f53e.dll;30720;1be1b22d4254c8b961bfdb2b08f7c0d43623da0a79c83b3c67e26251f1af4612;31232;c0586e43158e61ca4ad5cca6b37fd64c8c9c76910f2770e38ad22839cb63f7e9;5;0xC000;30720;145;512;2;0;2;13;2163007;639
bf3b6643607eac28.dll;32256;df4682a2da9afd2724c8113296176f00ecd279c836306cd07dcae37d68103719;32768;f9c837bd4e0af87f34906280b7fa2fce6755d6a3b83fcb7a738595e20385041e;5;0xC000;32256;38;512;1;0;1;12;2163646;629
bf541a7e45a6006a.dll;31232;7f545c9c84b2ab133c31bba1e93f9ef35da7f0d339662ec2abab4dd04e45414e;31744;cedfa5b7eac46b5b4cb4efecfe0459011f4ddd240c5f29b87a11ed0d338f3db3;5;0xC000;31232;27;512;1;0;1;12;2164275;629
bf541a7e45a6066a.dll;31232;a6aceb1851f34542888627e88add594a323577d4658b7c64dfc8730fa6bba50f;31744;d3763bf29963150532afdb1397d3b1c35d60c0778e690889b01b3fb76adbd134;5;0xC000;31232;27;512;1;0;1;12;2164904;629
bf541a7e45a60a6f.dll;31232;183ffe4ca31c80a5c1dd4e0fa21727f0b2563264391feb1e7fa2a745c21c9c98;31744;6a255c21af32594feeddd9cbcdaa80d667acbed142e047f494af7e8c56d80b19;5;0xC000;31232;27;512;1;0;1;12;2165533;629
bf65eb411efd36df.dll;36352;f6950657bfe79b672d03a684687fe5bd4cc31325d208a6ea00babecd108c2577;36864;04cd8f087498e5ba92aeadb9720c4199954652221e71b17e48d297f06c530845;5;0xD000;36352;143;512;3;0;3;14;2166162;649
bf9bf0f9a010a897.dll;30208;64cebe3511826c12c85983574186d2398a38f770a411db6fa872857d7bcd046b;30720;bd3f372cf8bd6241b8b06b030b6f00074157dc9cd0a7976cf44d4b85fd5ad13f;5;0xC000;30208;110;512;2;0;2;13;2166811;639
bfa947e686157ddf.dll;30720;367131d9ef63091e9d75217fa69167814872806fa7dd833c74a73c107d9e4052;31232;684bde36c267c8f65e99edbd67364ad79a7355f3f8a1f390fa3d4a3afcf00042;5;0xC000;30720;138;512;2;0;2;13;2167450;639
bfbbb3dc7386d607.dll;32256;8c1809b850fb96756fe27addc97203f5c8a5e4bfa50387865677e1af47933d8a;32768;5c4ea199bc15506c1752779501ce191eb480669c187d01ec9044d97aeb01f2b7;5;0xC000;32256;46;512;1;0;1;12;2168089;629
bfe1d50bde99d63d.dll;40960;e5c61ceac84f6f91ba5594a8f05229dd30cfc81c2c44082ce994d179c58d4302;41472;1253ae9d6ca56cd806ce9620601f41f9cc1de7e7c1dceb93d69cc26274c518df;5;0xE000;40960;391;512;6;0;6;17;2168718;680
bfe8df9956cf7c81.dll;33792;63bfaf8ab1aadc0c12c51788eec3f8583c83145fd995389f6ef18154071424e3;34304;8bb8a3dbed80ecf2a72731f73085611962dfaff884da469e27c279c714ae5912;5;0xD000;33792;88;512;1;0;1;12;2169398;629
bfe8df9956cf7c82.dll;39424;f4fed39af889a27f751b1ce33c9629adff3d8e2b3a8e8f13937e24f18c4f36ee;39936;b3120ec7be2c9aa54cc03b2a1ff86ffc157bcfd6caa4cb14dced88361220fa8f;5;0xE000;39424;67;512;3;0;3;14;2170027;649
bff8f55efc17c454.dll;30720;d42be11f9fe3979c2197d776d808f58da87f3d0e1e20e60810c06f97186ccafc;31232;f9a98ccd0bf8971f9496d17a024c32308534d7ac80ae9a4bbc4277299ef38764;5;0xC000;30720;115;512;1;0;1;12;2170676;629
bff8f55efc17c455.dll;30720;cbb013234cdab3081fa6519d71195e1f6e37ad056ea5f0f8b5f2bad5dedf144c;31232;a95b80442c1f4004c55c03d33aaeb7724ff17100b0ec80b1e953aa72d51ba3f0;5;0xC000;30720;173;512;2;0;2;13;2171305;639
bff8f55efc17c457.dll;30720;ca9729b97190f446309d5d0f92180fa73529bc325e49a6bd1dec2d89fde26bea;31232;32a157624da672dde6093a9af77fb6259ae18e858ef503b825e705b4bef331cc;5;0xC000;30720;169;512;2;0;2;13;2171944;639
c00b10fde50f2439.dll;124928;17bdd2de3ca435936d9050e734e27edcccd8a7a5aac138873911e5c7640b3b3a;125440;6d5281d97d4fce315430e7041164bd2886500cd126c4d07187a2c301db288ee2;5;0x22000;124928;59;512;2;0;2;13;2172583;643
c0157241127adcde.dll;32256;b8c9654998b56b5f20327820298729a1f0e4affc05db3f5d92bfc412c6434004;32768;9f2756cd0dcb8c56c9f6e2057cd2c794078d8d24566a94dbb1e989f69a35325a;5;0xC000;32256;215;512;3;0;3;14;2173226;649
c0157241127bd5cd.dll;31232;7391fee3ae87b1d2f4f4e49998507a1df2b69181b76e458d8344c45c3127326a;31744;a1d40e99488fef332725b8d0407b35898e6fdc15c0b26d91a3b89372762b2f11;5;0xC000;31232;46;512;1;0;1;12;2173875;629
c0376b49d4bed844.dll;30208;45d8c64f20a3cd8726e35ec6e0155a4c24b8e07ccd1a0c2085dc57e528447f5c;30720;85a1d1a957bff919635a0c18364f62ad33e55f8530360de0a0c9bc58d9a8981a;5;0xC000;30208;59;512;1;0;1;12;2174504;629
c03853bd113cdb6f.dll;31232;e77a80ee1177a129d37a6a8ef4bd2d018b4503f6b30e634abd6903fa8d62ee32;31744;120b0e536ef4b1e8250e609e3ac5fa7b1844e62181846df905c484424194f2c3;5;0xC000;31232;72;512;1;0;1;12;2175133;629
c03b957d44de44d0.dll;37376;48485e9826dad0fdd910a8a3f64a851af488d86efbd33840df84ff088b1a8535;37888;8b25d44a4d22ada7783833bd8ac6f896acf182f5d61a3036a5e429fd4b2d5494;5;0xD000;37376;167;512;4;0;4;15;2175762;659
c041b93ebddc3aaf.dll;38912;5189b62505563d9090b3dc761ffd39342ceb36e7ab4fb9127d20a72804e6357c;39424;25a4b89dd6081612bbc6a7e2e99adb42ea6a21ea8fb6e497775dbdc7423f76ca;5;0xE000;38912;182;512;5;0;5;16;2176421;669
c080f7e6db564023.dll;50688;1fc457e17ea238d535a4656dc5df034bbadccf76f6b6e1fb6273ee9867943205;51200;3927423fb8a1182207ebdbeea352df0ebd7fafe7ed293f2696acf343f603b667;5;0x10000;50688;30;512;1;0;2;13;2177090;639
c08963de9621c6d5.dll;30208;9648465ffe2dc24e1975e344d3c7876061a6168dc3587091385c772e21ee08af;30720;4ef68a691a091f1cae0832bd8e0270d474c41f842dfd3189ce10653dbee5c70f;5;0xC000;30208;105;512;1;0;1;12;2177729;629
c08963de9621c6d6.dll;30720;a70cd013fd91fcdf7472a4998883e075d0c02309f2ddc6f5fd79aa7d1032fa5c;31232;2234f5fcd4edeb7bdb7cc58fe9c36e705364ea53447e025132b5d5de436a75ed;5;0xC000;30720;177;512;2;0;2;13;2178358;639
c08963de9621c6d7.dll;30720;1851f64bdec997983449a981f68df1dc78963f014d9ae9f0f7071befbd98b591;31232;8c9eca536098743fbc776a9b35bb657e60d0333ef932594e8ca684d259a41011;5;0xC000;30720;105;512;1;0;1;12;2178997;629
c0d33af87b267292.dll;35840;d44214e9aaf7dc0d3bac2b0c988bcf06a3970f906f75eeb1de74bdd869e12c74;36352;176ac22e587b3c12c3569e2017dbc4bdcb61595c1080ae128b4080fbbc1d07b0;5;0xD000;35840;165;512;2;0;2;13;2179626;639
c0ed8710ef87631f.dll;39424;00370d52fe8b6736823a167fbdac9a2a383051a081221a4fa1a2660295a6bd2b;39936;0195d9c56a4ac110387454d084a2da9b41fa0688ed7290a2e5e090518b2cb522;5;0xE000;39424;109;512;2;0;2;13;2180265;639
c113329035336697.dll;29696;fa89a40025977b07280f4394126cb3ccb6234a2fc763a642aee9e8c0944609de;30208;7b87d1bcb2c62fcc97db98b543ae0d493285e493c3f40fb4ed9e9af90ee88165;5;0xC000;29696;34;512;1;0;1;12;2180904;629
c12405a6e2a5c6c4.dll;29696;318ca800ca169be23d4a33273ea138ce31a62018f09a62ff53eeed6dad201236;30208;fe521c121c84b9f904ba5cf8d2efc95568c1ea22c65b60365eea351a791527de;5;0xC000;29696;26;512;1;0;1;12;2181533;629
c126c433859a302b.dll;30208;540a5a5948bedf36c0508bdfb5e944e76aa2687b2c12b7f9acf0087d23f9bdcf;30720;aabc7aa61c08b79d7c4a937d7b713dbbadcc352df705825a7498c9936ec23d78;5;0xC000;30208;41;512;2;0;2;13;2182162;639
c128c0631839077e.dll;34304;af423de1bf32200495e8032d4e3efaba7bd6974864ffd2786ac0619d1bf1c852;34816;37ecf557526b0fdbea57b9fef34d36df9bc6a1d973f1cdcd848afdf594b98ac9;5;0xD000;34304;71;512;2;0;2;13;2182801;639
c13d36eb9355c7fc.dll;39936;42468fdecb70e587489d02dc88b11cc3c9fcb734d98207c502de44e77777a92c;40960;6ff0e08dac8a80eb297f082c7a93504ecf68d152f5a0eaae45a432c4ff6c039e;5;0xE000;39936;524;1024;7;1;7;18;2183440;1202
c150e85864db1066.dll;31232;aa9ad41b3aaff350ca6811fa20dd951c585bc53ddd2b98b77a05b8454e043a27;31744;5ebc62dd81cf43b25d5a04a6288b2c3c04320497c2a77d6bea840c7999113023;5;0xC000;31232;68;512;1;0;1;12;2184642;629
c154880d59148ee6.dll;30720;bed1934197925a5500dc732a8803726b1d9e291b33f6aa56ff14a35254e09ce0;31232;892decf67e6ffd57afe68a2b1faa6ab47ef4defa8d2ec7d3c4f2b8b4b8cb7904;5;0xC000;30720;36;512;1;1;1;12;2185271;629
c17141bf00dad068.dll;29696;eff91d0349d8056c7b276dca1d97a1d76bf6cf83745f4c3e7bc7dede020785ac;30208;380ee6ab74f8cbb1c37b9d3adc8856e5307c1698e16a92f513f8b6b1b7a420d3;5;0xC000;29696;54;512;1;0;1;12;2185900;629
c17141bf00dad069.dll;29696;9472a0c040faf0fb05efef7bb30ae4d529e2266858de6834d09a8657c522b8dd;30208;eaf6bca220d1b98a3808614735a256f995fe46d58abc55b5910c2bb205e10c26;5;0xC000;29696;45;512;1;0;1;12;2186529;629
c17141bf00dad06d.dll;30720;3c57dc72d71d90e569615d8b0bcf899bf59c6e6754d21f87fc8e31d4a431b056;31232;d909fb42e85694e1ab664b30085fe99f841513f6ea327d43173e5867d80d996b;5;0xC000;30720;213;512;3;0;3;14;2187158;649
c17141bf00dad06e.dll;30720;968f07b849ba6745ee6479c79f58557aa428b1d9fcaf10f7f70e5f31e547021b;31232;d2a2ce97fa2d023aff0a94d2d3657c21ecae33bca522dff266ac943c2dc8c42d;5;0xC000;30720;157;512;3;0;3;14;2187807;649
c17141bf00dad06f.dll;30208;fa0e1dbd15dd736ec8edd9b36404c54ff571034cb522c2e428ecc2d3dfc3351c;30720;113930d8e9e9a912f1fafd122e90415dafbaa46aa58c85a6ffd59bda25b6748c;5;0xC000;30208;92;512;2;0;2;13;2188456;639
c17363d38a5e8037.dll;28672;6c55a283805ce4a4cfaa46ecd4f526c22c1d153e487615f713a8c696fda9a6ae;29184;2f4c11136e9b2c98ce1b2edbbf1c810042b18201f478d94038375e54aba12808;5;0xC000;28672;41;512;1;0;1;12;2189095;629
c17bb0f25571a9fd.dll;30208;b0277ddcc72c7ecb8e0b016b2d63245954010e0fba7c18f42903366bfde606b7;30720;4bced7589ffca685f15bc97a12339652a0cee44b2ed0b947388dc6f2c5d74c52;5;0xC000;30208;74;512;1;0;1;12;2189724;629
c1bb927eba747653.dll;31744;6290fdcee97042b5253a063c65780e1cb4c5d07e56b89bebf60678a233a943df;32256;0b78cf9c3ea160b851b328cc567e541da5c29b4bfdbbdcbed7c3b8a5bb8c6335;5;0xC000;31744;220;512;3;0;3;14;2190353;649
c1c317455f1be409.dll;32768;7b6c88a617f9f453f4be8bd59d4b07d9ed2baa26b8fc2c4da80c9d64d22a420b;33280;205709615b980352a099913db9eb82a265d65c4512cc0519db54c8accf147f00;5;0xC000;32768;39;512;1;0;1;12;2191002;629
c1e6269e834b59e9.dll;30208;3ba5a8f735842e5ac1731b90ff140ec6b53d70f5bd61e9c15f3d20d415128ad1;30720;fb811dec24e6f0b9a215711d6ca8690ca35f8dee17b89ac1f7d16dc2cd416f54;5;0xC000;30208;53;512;1;0;1;12;2191631;629
c1f04feb66c18da2.dll;30208;3c865fa03b50e194381d88a90046dce2c36789f1a276f5294e3d2cb3a40572e0;30720;abb6d70bff6e6e3cdd6d4fe6c18c609e123ee388169eb54d35dd9ff20cccd8fb;5;0xC000;30208;173;512;1;0;1;12;2192260;629
c20977f7d92dbc20.dll;30208;494162f7a4d32340cd930bc6d536d2ceff70b8c972e51027c1b41e3b092740c5;30720;f4b253718103a0a34af266aae90f5d6b4b57d8d292f599b56547af9ffe4841c1;5;0xC000;30208;57;512;2;0;2;13;2192889;639
c20aacb967840fd7.dll;35328;3271d616db7cb7d84209288a654079c2ccf722619e66f2a19841f387ff784d91;35840;cc183d689b9ebc4e92e3516fadf3c3895b7e6aed7d656d76fe89d3af8a01fd29;5;0xD000;35328;121;512;2;0;2;13;2193528;639
c2226dcd93191351.dll;161280;46a32889bc33899a95af3ca6ae9791a5e6a95df2573d34a35ca17f3436d76d7e;161792;b958d5c4418765571fe0ca209a580afcbfc4f0f4e96944079879b273537f13b4;5;0x2B000;161280;123;512;4;0;4;15;2194167;665
c2592ba3d753ed4d.dll;33280;27199cd66c4065e66f5fe80d6237ee37e956207699dd1d7b0f5a0e49491ba9bf;33792;c83b7a8d43719a82e97bd550355c5cc014514fc07200cfec346d1182a4d51540;5;0xC000;33280;87;512;1;0;1;12;2194832;629
c2592ba3d753ed4e.dll;34304;0142c127e16c18b6e0baf502989d656761ae9d0b9d13cd9c5d764fbec90442db;34816;d585627a9c513a4fc7e33d7f06f7d1d768c306c2d6cb61ebaaec247372be30a5;5;0xD000;34304;124;512;2;0;2;13;2195461;639
c2592ba3d753ed4f.dll;33280;87bcfbb3aa8f4d1855a0591b0b0e724a7c9ddb25171bd0c138e9e830f9d296d5;33792;d4bc8913f2a504295b774c0c6664030455c67eea503a418c4ee3d9a4be98da25;5;0xC000;33280;91;512;1;0;1;12;2196100;629
c28de94cceec56fe.dll;30208;e5b1deb7e80bb5da934f3ae4523eed9aa1c854e11180a702cf43ad51a524abc7;30720;86a33d0e7b1fc6dc142bf955a00648b958962767747bfe46fc93cf6a8f405aeb;5;0xC000;30208;375;512;1;0;1;12;2196729;630
c2929f4fed7e6f41.dll;30208;53695e2903f637b65c190a796437bf16d112cf8659c2d1cf8498b1d7c076456f;30720;6182aac55f7a749136b19e744efd32846285b3e6a83834e08f4f365f200b7797;5;0xC000;30208;79;512;1;0;1;12;2197359;629
c2929f4fed7e6f42.dll;30720;8fa30be6cf7881ece5e6409463df4522c1d018dbb82b97f021459103b7cf8ae8;31232;c4668119c7ce149b98edfd294c47bdf3b71805d68c0d8924537427b7ace57b2d;5;0xC000;30720;91;512;1;0;1;12;2197988;629
c2929f4fed7e6f43.dll;30720;0918875c2133920b59b6db9936785ff8bb0e3ad2438cfe75a5b19435eb20fd35;31232;4af95adb80e88675d5a4e76b56b37d0dcdf73459a5d09179e2a3039db9c658f4;5;0xC000;30720;112;512;1;0;1;12;2198617;629
c296256893069898.dll;101888;18401e80a2b76c33affa92d66b0fa515c1ce89cc36328c6c4317c804ccb14e6c;102400;14791a77dce0bd7830772e05a1e176dc3644fd34557518bef56604d6ffac23fd;5;0x1D000;101888;169;512;6;0;6;17;2199246;684
c2cfd0c9d78d1ee8.dll;34816;6d1a28c5e8dbc98f8534d1a613884036b1de0a784244085afde19aafded169c6;35328;915ab42d671de09ca51f9ba50e20bee604b838b19aafc3a6cda6666baf53a4da;5;0xD000;34816;55;512;2;0;2;13;2199930;639
c2f7f4b42842bddb.dll;32256;9943396c33faf3e8e19dd9bdfbcb880713d6226a940415abab9cffd2f657622d;32768;47f6a6e275c16c0d974030239a02d39b88b5714d848b560b7798f5d12c125cf3;5;0xC000;32256;67;512;1;0;1;12;2200569;629
c30254e2c8214ec4.dll;29696;40fc357daad23058e092a4146ca46d01ed940dfdedfd0e2eb63328c25cd773f3;30208;feb96197ddab2e77cd5099bb9f959fd68aff9820e4e2e2953eb716ea24b742f7;5;0xC000;29696;49;512;2;0;2;13;2201198;639
c30aacb967840fd6.dll;35328;4e31ba992b9cebf0be435f5c1bd0874d95c04619a13676d5f0ced76b9692a5ee;35840;05afd8a4fea12ef6c5460553a68e44461ccb8fe730107546d9676b0f60e0cf44;5;0xD000;35328;164;512;2;0;2;13;2201837;639
c33d98e03179ec26.dll;30208;db53865680b5df5da415540e78968bf0ecfa53cea5693944209bb5660bb169b5;30720;6f799140cb18b8496851df8c7d9afa184b4cf729188bc97031e04f233fb7b83e;5;0xC000;30208;87;512;1;0;1;12;2202476;629
c35102eb33f40ee9.dll;35328;86c26fea68861d50c6d4687007cdfac3ab8b5b894db2e2c86f9472efa6edea4f;35840;1b20988065d7d829f2b62bc164bad185de5e827f5365c0d9fd493d7eaab078f5;5;0xD000;35328;177;512;3;0;3;14;2203105;649
c36522f8dfcc53cd.dll;31232;189513b4ad345377c55e6f8ced2940ea703549ee02a6d5bde9d56fd994357e6b;31744;cdb49f38652d105fb1198075c12efb3bb0932dca90b5a8db91c3855ec0fc5d31;5;0xC000;31232;407;512;3;0;3;14;2203754;650
c3897eed392a7246.dll;31744;0a4b14e405dcec4568800a8ca1438113cbdd97309068dfd39d4ddd89b4899bc4;32256;e74b1d61d0c95e287a3f0aad04462410ec0a450d2eba3fca97a2fa2a791b9f9f;5;0xC000;31744;65;512;2;0;2;13;2204404;639
c39fc9f670e9e078.dll;32768;d06458e0673f72f93bee7ecf68ba62710f6efb30d064ef22379d30d3a1912300;33280;e46e30b1072679407f2e0b53132b7674318414e94c3373d9c6c404a86053fe06;5;0xC000;32768;150;512;3;0;3;14;2205043;649
c39fc9f670e9e079.dll;32768;a5969d5df916e88757658a4e4c3fcd4c999251d4d29ef1b39de61e0c43d7e556;33280;db788eda570823184615d994f504a2f6a92eec7b6e6bf961662372568f7f6d19;5;0xC000;32768;163;512;3;0;3;14;2205692;649
c39fc9f670e9e07b.dll;32768;ac3cd2d00e81e9807a1c5100ab310c8959e69c388872e67ec28f1b531e5cf9c2;33280;128dd75cabd9983502ce345f3676e6bcf8b407c7c659477e11c2e40f3a2ae62f;5;0xC000;32768;153;512;3;0;3;14;2206341;649
c3ab009d7c441e77.dll;35840;1e2f82bfc0f7c7eb9cb38d3244e8611697ccf60c0d7966689915d3cbb76091c3;36352;ea808e139ed7e5beb7a94f57cf705f00adf97b3c7a78460c1013c5bd3148ffa5;5;0xD000;35840;295;512;4;0;4;15;2206990;660
c3b792e3eebe6848.dll;30208;e55dda155f010a6afdd395e962059c18fc7c1e9b6b35ade01818703e496ad3af;30720;339c251855bd7570113d6ab56fe9c56a4b322a9602658a165a86514fc9885af7;5;0xC000;30208;88;512;1;0;1;12;2207650;629
c3bbfb443f3c6bb5.dll;32256;1a1c714e5190b64d8a4935d8a8d86385ae1aa56f54af58853f5a89ebfecb3108;32768;5c507dab6b7b49d22176e2af77abd30cea57312caf46b6fbd33f974d293f5d8a;5;0xC000;32256;48;512;1;0;1;12;2208279;629
c3c85126c5779324.dll;45568;152b9805f19122931c7bd38f57ca6f304880a4977b4e118b2d7fffae2dd30b5f;46080;7da82301c5af92df9b804b868b0d70d5a1fcd13c63fab33417432c5094dcc34a;5;0xF000;45568;133;512;2;0;2;13;2208908;640
c3c85126c5779325.dll;46080;e8e505a11ee2dae591f6708b36de9dfd80fe7a1e98f5223937fdeda5d6bc41e1;46592;843b0c3399275b078fe608d61bced70c0d96dbdb08a4f788693bcd28072223f6;5;0xF000;46080;181;512;3;0;3;14;2209548;650
c3c85126c5779327.dll;43008;d21e1e3071d8268e0d77eafc30d7147d7fbdd2fe7692b58845dbdeb86227a259;43520;b2108d14407eaaaeb01bd9a3af47f5ed430017e077c3eb5cbcf1811a553e8288;5;0xE000;43008;188;512;2;0;2;13;2210198;639
c3de9dc6f5eee123.dll;37888;d919d4879d6262a7ca565981cb392a1e18b6e2c402387f56c119371ed7f96ebb;38400;4a0cf9b86d7384b3e7d650275f768c01e7d44d4e7e5701b879b88191a6cc592b;5;0xD000;37888;481;512;4;0;4;15;2210837;660
c3deccfc40408a43.dll;30208;a2287ed1f26d8b8436effe01c19451f95ec65dd88c1c3806c613bf40e306d9a1;30720;dc2dabc7a2f883b4b8e13e057f6488ebade3045ae3ad0345b0cd7eddadc984d6;5;0xC000;30208;66;512;2;0;2;13;2211497;639
c4179833146dfb9e.dll;36352;4422059eb1438d2e46778b7d11a84c13ba927e294d1d2f42f6d5dcbadb8a0372;36864;d4658c5ddb11bc4a84881c66ebd2860a10a67f7b9f27582329eaa901da9a17ba;5;0xD000;36352;122;512;3;0;3;14;2212136;649
c41f943e1047fe9e.dll;32256;d4c88e42985a2dbf1de6f52bf360539ae36c81e590504c0dad5bc20ba8af6d2f;32768;641253c86239d8c87866f7bc2d0845153a600eda2109c59476f3acdb38c829da;5;0xC000;32256;207;512;2;0;2;13;2212785;639
c42e78dd0569f89d.dll;38400;a6de9bd9a31e0ce053819873f5815ed5973a4c2ce24cefc3721f0b7a6449fa9e;38912;243779cd8055d07d04100e4eea3c61c6c564760727e2df8067377d55a323a870;5;0xD000;38400;68;512;2;0;2;13;2213424;639
c434d7ebddbbc9ff.dll;37888;6363f35d492f4912167081afe8d11d29af82bfd49a556058236fd0e1af28ed20;38400;826774940d6d41a70efb218fdab8d3552e61773f495baec8539bcf3b8bd539c2;5;0xD000;37888;215;512;4;0;4;15;2214063;659
c4382056e62f3a90.dll;28672;c7411cda77139cb90626f504f3bca01d1dd489e8ce6a9b0f43a324f80cd3ab8b;29184;8adeba310fa9630eba56e85af66667a7ba58f775c736034378c60117879b9421;5;0xC000;28672;40;512;1;0;1;12;2214722;629
c439880db7f1024f.dll;30208;1de27ca8322d6ccf9cc6368bc0fa52c1c692da7e3b0ea9dce00faa4179652660;30720;61d0205fe3c560cfb17dda104196ea1bf4d9ac26bf9df28eb31c2c8158f9609e;5;0xC000;30208;180;512;2;0;2;13;2215351;639
c4457f4e1bc83059.dll;28672;79aa847b0a0a66d72ab9084f2199a981053a1058ee95ab0827a00880641ff87a;29184;1055c7b7bc4967bc6eccf4e359af201df7b7185d0047f215943f455181c36005;5;0xC000;28672;49;512;1;0;1;12;2215990;629
c4637fd6197fcd73.dll;30720;06aa502354b504551862da3d94d12cb623126a25222b0671b5614b9365a9b3b2;31232;eef16613b51eae60165630ee2e1fba9cd985e3835d9d555e79c744cef478e847;5;0xC000;30720;41;512;1;0;1;12;2216619;629
c489da178a740c78.dll;34304;ebcf63b4500f52160b73e5826f4fc16b8b5badaea1bf48706bf7ab44c978d2d1;34816;6003809767396f94a3c37943585b6d6bd15b001ffb340a52b70cd4008f03f578;5;0xD000;34304;285;512;5;1;5;16;2217248;670
c492d3debb18aabb.dll;48128;bf938a2f3b713907dd2de09975e86eaa3d2d5225ee83da6b9666221e3edfa1f3;48640;9dda5404a8defa05ec04767a9b940a3147973569111e51d66591941c15c52ee6;5;0x10000;48128;359;512;4;0;4;15;2217918;660
c4a09e3f29987962.dll;37376;6817dff46db0815b3b01bdab08c5ebedfbc39a34b0f95a74e3b232ce4b4e950a;37888;d789831b367aea8ee07371b152334ed41fc257b4780baaa40d7a7e4238d26c53;5;0xD000;37376;139;512;2;0;2;13;2218578;639
c4a81269d9f51139.dll;28672;ef69b117ff062feb5944668790a8d077b645375dee2f787042d24dc0f5c80371;29184;e790325d9a3e05eef27bf0110f2c601dcca402a65b38f0b94efe4be85241fde1;5;0xC000;28672;30;512;1;0;1;12;2219217;629
c4b5f3c097531efc.dll;30720;4b7b3832284bdb31ac8d93a116815d3e5fb5d610831ad14dbc6bdf6b93bbca91;31232;101315464bea79d632c7c752e81fac33f1104748345fa23f1f951c478e438ef4;5;0xC000;30720;43;512;1;0;1;12;2219846;629
c4c512d216a59525.dll;30208;752846850db70cb9e83037ace9edc5d4889562e2aedbea3c4b84a976bfc8348b;30720;2fd56154b27eefc8e44fad6dc71af398004a82e0842f913efd1c05f9bea57428;5;0xC000;30208;131;512;2;0;2;13;2220475;639
c4c512d216a59526.dll;30208;16bebb6939725ef5b953bf1fbbc22e4e18f057bf19eb7ced83ceeaa442d3dca9;30720;7bee6465e8b853acc0e703022d06e9119f50f41befd8fdcba4aee2f93b88ee3c;5;0xC000;30208;113;512;2;0;2;13;2221114;639
c4c512d216a59527.dll;30208;c39b10671c513f9be35fe99ef38ee981e36480dc1dcddf248646b7aceca471f2;30720;515980a517a34429bf5e9d97ca9903c4896b23929ddd4ec68c2871c9cea9deb1;5;0xC000;30208;74;512;1;0;1;12;2221753;629
c4d59132c35680d1.dll;30720;1d8bb5918a8572f29da78e0e4356e031708e3264610686e62fa8ed7e85ab1b03;31232;cec2ba6f98eb5cfee162a1ebc47bd203575f3dd86181275dfe5bac805c5a14d6;5;0xC000;30720;84;512;1;0;1;12;2222382;629
c4d59132c35680d2.dll;30208;f817d9050e80a88e60226c748c96c46cc1b7602f532b74269108bf8807a6fad1;30720;686f1039a66db9a3dd95bd0d80ab0df6191ceef2d6d8c4115ff0b943f592747b;5;0xC000;30208;148;512;2;0;2;13;2223011;639
c4d59132c35680d3.dll;30208;221e21d71138745c2612fffa1d6d81e9a15aa724fb18ff57ef833d2cc7537a24;30720;861f8a910efc7f618092bbdf35301b81081d686e504590c30ea3310f8cc99adb;5;0xC000;30208;145;512;2;0;2;13;2223650;639
c4e8cf261d2cb0ac.dll;30208;ae5958c41b59588b935366faae31bb5b9f78361e96e1a74f7a813386587275ae;30720;6490b22650658a07d4637d77e6f9b4bf5c8a51c598de4b572704b639c224eda4;5;0xC000;30208;120;512;1;0;1;12;2224289;629
c4f2d16cbb2eff29.dll;30208;454ee9ccb2382bf3b5687b8bf8d1003980385d3303c8b1f9c2388513d13c5162;30720;51ae35a8da4241864a2b233f6502e4ef62f7af7545e727e57b42070397b490f2;5;0xC000;30208;129;512;2;0;2;13;2224918;639
c4f2d16cbb2eff2a.dll;30208;98cb9af69f97975e346505933e71a776bd95206b821bf9f829ce5d7699daaaae;30720;1cbdaaaf1c9f3eec347b0e447eefb74470d37af48d288f59ec07f5ea2fa83c06;5;0xC000;30208;166;512;2;0;2;13;2225557;639
c4f2d16cbb2eff2b.dll;30208;97fec806562c6f2c1abda42fb37b1818bc62179b17c0a7094242f1f252aad39e;30720;951d5735c75d72e90073e856b86c260cbef829e54302c3817f4b7f02f41790d0;5;0xC000;30208;74;512;1;0;1;12;2226196;629
c4f2d16cbb2eff2c.dll;29696;cf88588ed697c37eac553b2fc3a45cb653360aa5fc17bd90f322717e60eb3fe1;30208;685c5ec8f984e7db41588e43e4a53fab03477fb84add608ae619da6b4a481461;5;0xC000;29696;39;512;1;0;1;12;2226825;629
c4f2d16cbb2eff2d.dll;29696;6c4af7598d505c3ea406ef9d5bb66b26e313022ff2e6f5ae21bdf2a794111582;30208;7740e0a51570fb6ca8b56e41bea31c54605d42ed3be7a3422fa9457bce7d971a;5;0xC000;29696;40;512;1;0;1;12;2227454;629
c4f50bd8ce8d5467.dll;32768;9ab202582b842ab69d81a3dcc2633bc31748dc416de0e723f4209557e58e0262;33280;875e9f1167ac741d06561d78ab329b67b0a811b94aebea71bb3c3a5fdd96c83f;5;0xC000;32768;40;512;1;0;1;12;2228083;629
c4f68a545ac16fee.dll;28672;658eee795e2e4c60f6b37e243996f131d9b8cb59141b6292ab61dfcd82e85678;29184;83457bafbe88bd6c28f819162de2d52f63a9f60668ad7e7a451d18fed080ce31;5;0xC000;28672;76;512;2;0;2;13;2228712;639
c52e1823e8aa1530.dll;31744;5d1ce0421318f4bb95466e83556f8034c492ddad3c6d372726276180be9dfa7a;32256;14d46e11fd317a87ff2edf17223aa27cdd6c33f1388c509b933a82ee6fe3af83;5;0xC000;31744;74;512;1;0;1;12;2229351;629
c550491ba0790a6c.dll;34304;ba95ed074df2790b9f56a4287450a4ac6023a24950545f3ea05d7cfdb8555c85;34816;e1719c35ab3720e81d63dead8ec52d4a183b195523c4a7a36736181b3e5d6b9d;5;0xD000;34304;88;512;1;0;1;12;2229980;629
c551395a4c031157.dll;36864;44aa71415286970ef676bfd3111442bddad35ad3142da8674647bd708e19680a;37376;84e62732702f2a422dae7daa95e47c8726f476671c431c45fcd13fa6f6b066c5;5;0xD000;36864;501;512;10;0;10;21;2230609;720
c5a03d15f8548c46.dll;44544;bf15a12a8498a5fc7154c75fc568ecd333e6a9e5e9b0a988732573b33d04db22;45568;428a34e11d8259e03207e72acdef095d02132fe6a6e7b2f97eed38c96392f9ce;5;0xF000;44544;605;1024;6;0;6;17;2231329;1193
c5bec32b9d9c2219.dll;36352;df7f15058b9979e747228480eb67fa6ca609454438f4fcdd8ad44d7902fcb25e;36864;78e4df9964c4c4b954e56ef26193847b16fffd16b96ab34dba4ac52a557a36d5;5;0xD000;36352;152;512;3;0;3;14;2232522;649
c5d65ee17cb1a283.dll;32256;405bd2b1776ad17c74c360d66a115700cc7c62fcc034e5908cfcf2ef69ce8805;32768;28e5f9d50ddebc4d951a7e0322b21cd3865375274c573e6a14fc2c652def8ff6;5;0xC000;32256;37;512;1;0;1;12;2233171;629
c5e1a616d6eac8e4.dll;30720;15db60cfb4b3f695ebfebf20758984753543b5a8e4c3b859d08f153787e86b34;31232;347db0131e2aa8fef7fbcd06ef30cfcd00c49e61a1ae523d0fb1538b70cd0f3a;5;0xC000;30720;97;512;1;0;1;12;2233800;629
c62084842455bb5d.dll;31232;b5726df6d8e8534b189f346a37e79a10dd2348e1cb86c449d7f2ca99bc12c795;31744;5d73251949a833ded95f24862f217364fa2338a2ceeb1df0fd1215c33bd5ea6e;5;0xC000;31232;171;512;3;0;3;14;2234429;649
c666e169130c5c5f.dll;30208;42d176748b6f5e5c0fe122579ca7632c8c1ffc5bfedc49e6c68a6daed8e83f99;30720;6a03ec6bcd40a7a6d787f72076485bb9ea6347aa5583502b41c3a6aad7f4c31a;5;0xC000;30208;55;512;1;0;1;12;2235078;629
c6828a988857080c.dll;38912;ebe628edfce33f93a4f799a9f694750de187d96a57e8ea43ccfa5fc5f28b1a80;39424;38f4e8b87e22f9547e66774b131c30ee435f3c8fcb1f0df9da1886a7a3cae883;5;0xE000;38912;452;512;7;0;7;18;2235707;690
c68de7d9aeaadbdb.dll;32256;2d1da58a187ac025c9e584b08f642273d5b90e9fce60f1c8f29daea7d7970d2f;32768;de3f1ac679daf1c589b32325f426380b31032222fb19146ab9148f06b24e9899;5;0xC000;32256;61;512;1;0;1;12;2236397;629
c68ef35361ac5805.dll;31232;a5b6081bbf98d3e532f354ee8e00480a268aaca6ae418561adb4d2d2061de6e3;31744;2a0e6ae1cc3fc1eb80625a835a72fe4a3f322872be3cfcdc6e59e9236c7effb0;5;0xC000;31232;133;512;3;0;3;14;2237026;649
c690f82c3858ec91.dll;34304;7a09c3874c3418516c58e7299acc906f3e25e2e26a79cb988d1ef2ebe836715d;34816;5554f498438a070f6b72327987bef642116c03778bbc2da644e36149074bfa59;5;0xD000;34304;462;512;5;0;5;16;2237675;670
c6a7ff7e052aba5a.dll;31744;6bf9e86c6a87c92c3b6dee5aa9a88aa152b848f1baf3c0f7062989c0db7f640a;32256;ce675191e70444dcc4b6efe6cc14b3ac0dae2c555a3dbe7c7f5ce16b7510fb8f;5;0xC000;31744;121;512;2;0;2;13;2238345;639
c6b907c3f278ba63.dll;32768;f38aca47bd30491f36e8a3f554bc72d8008baa9b1a158f1d69beb7be5ee680e6;33280;176e76eaefc30a00fbfba078a083bd9aa4b33709090c4f0288d47944b8ab4ee5;5;0xC000;32768;29;512;1;0;1;12;2238984;629
c6ba50ac933c3305.dll;35328;31da452969fab31f1cf618bfe68517240aeae7f57d379ff504f631ae31564f1d;35840;73ea5617d92ec798320c080425bea0ecc3dd68a2a8006e22217f62dc95a49656;5;0xD000;35328;67;512;2;0;2;13;2239613;639
c6c59aa9ca4dd017.dll;38400;afd6c249559894d1adb4c82e5a26706679532a2b0ab931a1dac9dcd01b97c7ae;38912;078fe9d6ea90a90403778e627fb0baa6964d84f156b368d94eae20d723124fd1;5;0xD000;38400;133;512;2;0;2;13;2240252;639
c6cf9f181231146e.dll;30208;fbb554e3016d7695b1b7213daa57c79717d03b9965f91bf603f5cedc4dcb7e4e;30720;e1e9e4c5d3a85698269405d3546efc035ba34bbb38fa739af296771dd4953df4;5;0xC000;30208;20;512;1;0;1;12;2240891;629
c6d7f09de83f4840.dll;31232;ee9738123ae1f2dcc688daaf89b1bb2dc3cf9dc4b20cef628ef1b8b37c34ab5a;31744;67a85ca581ab0ec4f67771d2f9c33c4bb77bdfc488af9f8d1dce48a9f798086a;5;0xC000;31232;233;512;3;0;3;14;2241520;649
c6d7f09de83f4843.dll;35328;7f68031a51f0c70dc6741cb2e27c0705d88d56ca2a8aee8d2f44cc17df3999a5;36352;afb95c292650cbbef450b7a9b6e4e18f09f516b354f0e8522f524271e0f5702b;5;0xD000;35328;822;1024;8;0;8;19;2242169;1212
c6e10ae7680adbc2.dll;35840;0b0dfd9d5da05199f998d3297a9066652a6ef0cadfe866044f55d0efb770f799;36352;c9df48097199dc345a35615ec5ee8855561e1387824938bb40803a3aecb0374f;5;0xD000;35840;137;512;2;0;2;13;2243381;639
c6e4428c41a5466d.dll;40960;ccc4a725bd08647838f1baf816d92693f6eb233fd363e3697a1a261d925defd6;41472;ab59f74b7b65a33e49644770e4e1ba7d17aedf6b43a66fc6431ef942b32315ab;5;0xE000;40960;374;512;7;0;7;18;2244020;690
c6e44704f356435b.dll;48640;48bb7f527eae371b6f6953e25cb64f3f1e91790ee70ee76835fb4a948bb586ea;49664;b53e11e6187f6bda75a32f9f985f6019461cd2c20f6591d1b89edd3bb09c8870;5;0x10000;48640;605;1024;13;0;13;24;2244710;1262
c7154c162edea0ce.dll;30208;e24a87955d5b677b4c7dc11292bc1ab8136eac5b12440df2963e53416652fc8d;30720;f167c85000fedf2668656ea4ba98eabf2007189513faef21155de94701639822;5;0xC000;30208;85;512;2;0;2;13;2245972;639
c71deaa51213516b.dll;33280;803582cb761914e3d31f4b859956723b763aa66b02ed69491236481ee5418f2c;33792;16ebf5559545d5a5c86fef0f2c6846793335596dc6d0ca018c83c247b3dc58b3;5;0xC000;33280;64;512;1;0;1;12;2246611;629
c72364e2c9bdb612.dll;36352;c41e7de06bcb2ead7e57890d2ed00303c339d0cbdef2abf95a6f72e2baa1ba81;36864;0b245ae8d844557994cd483748b420ff2de390f3c7122ee2f544433a68a986c6;5;0xD000;36352;225;512;4;0;4;15;2247240;659
c728787227ca6bbd.dll;30720;7654a48fe994bd091f93b2b4da21b309ad5f7dbdc667bb8e3ff0062408b2276c;31232;c5a36d1254523e0ad7ae469919fc94fc183798a5dc40d34ec4982c79e7472500;5;0xC000;30720;54;512;1;0;1;12;2247899;629
c73b816d4a545bfc.dll;32768;72e105254267eaa9ecb1daeb09e742ecf4513501664f150e98943b23b40b6463;33280;7f0cba339a315f7ba22dab9ca8a35ca77b321402cfafdfb92933730086f036de;5;0xC000;32768;299;512;5;0;5;16;2248528;670
c7563db54e9ecc64.dll;39936;27124bf68d7ed3f10d9d3430d9e04b8a6f84165d0831d98124fbca285b60a1cd;40448;29d0c8ffe75b979b4a00605aef73d5408b6daaa90de190845a0fd005c7037ecc;5;0xE000;39936;336;512;5;0;5;16;2249198;670
c769145285db5f91.dll;32256;23041f3f423fab441c2d2af3427762998e8fda2109281b8c71ce0396598512b4;32768;9ffe74e924f8eb90f37e3275c5e52ddd0ffabc08c5fe63b4e689a8d67e805592;5;0xC000;32256;31;512;1;0;1;12;2249868;629
c7862954b5fdd974.dll;29696;35e11917c63b2f11fcc4cef9fe01f227068ad021d1c4fcbab44372d40f257868;30208;5057a5867258a80d8a68b2b10c75feb18a756543e7bd97c1a9c2bb419c3bff1b;5;0xC000;29696;18;512;1;0;1;12;2250497;629
c7976a44c19c21c4.dll;37376;187047208e7010b13641cf4f609c6e8937ef500ae6e0217301f13aa36119e911;37888;aaf103deff778c0aaea55e2df9da8f875bd82ca1882cb12b4810f843d7c99b0b;5;0xD000;37376;206;512;3;0;3;14;2251126;649
c7a605d8f47c2838.dll;40960;5abed7e0431e582d5c3fcb6ec7f0df6126cff3315646bc8b99252018bdb78692;41472;26094c2a7737627c4127d63615598c4c175c33a5035264c6ee75c5e5376ec07d;5;0xE000;40960;334;512;5;0;5;16;2251775;670
c7aac52113ec0e94.dll;97792;7e3a59a70bcd44d011579ee735a771b8150a5e049766e1b446ea49480ea20b59;98304;0896f57f936da0120f6f22ff17918c42caf58af66810d6e56ed6feabdd56e246;5;0x1C000;97792;182;512;2;0;2;13;2252445;643
c7af2b3a8bbc69d2.dll;31232;1a3bb2df2a8e2189e3b2d5bc41b29beeabef6e5ef51a722757892fe74c68ece3;31744;ead174ed0dba6df0ce17238efc9af0664a9e53a241a173d9f7bbe26b822dca2c;5;0xC000;31232;87;512;1;0;1;12;2253088;629
c7cbd5d2b435b051.dll;45568;f1e4a9a31e5bbff25d5a353b9e20636226e4d99d3dc18b547b17ca4ff4bb60b4;46080;d764d4d613ea34649e0a2c208c97a7938c9460ba7cd140dd3cbd0b8bda712f1d;5;0xF000;45568;441;512;8;0;8;19;2253717;701
c7d28a0b8febb21b.dll;66048;49fdf9a4adb54dbf8d7577a5cb1ec0721f9e905d3c82e3c870ed8c9cda43b3b1;66560;3f49b1f71445bfa138b076d6e7bc314db5d366f0294d5f368f1eb6c0bcd42602;5;0x14000;66048;45;512;2;0;2;13;2254418;641
c7e0e19e48b10b2f.dll;36864;86855479fb94397261b5d8f56b784101f5af32eb91fc4997fa6a111ac2a674b5;37376;549b92faf2a113c3b4ce573f782bb77b13930bba843bb44b083672f34bfac5f1;5;0xD000;36864;168;512;4;0;4;15;2255059;659
c7e15c172cf833b7.dll;33792;9a7d0f7e523ce5ca86d60a88c0468d38d06286c90223ba7d7bd10e754ea2fa63;34304;f46745066d8e9bd185f44e58e926c2c1d572b789bbebbf797084f30b0fb9da2f;5;0xD000;33792;88;512;2;0;2;13;2255718;639
c7f955be66fe0372.dll;36352;d6274da34e7a6bdd7693d57a6f271a8bb879977ff184e64bca59b796c3c297e7;36864;f93bf37a7e142fa4a6302231a93adbfbc5f75cbda57d458aa74b72ae09d6f934;5;0xD000;36352;205;512;3;0;3;14;2256357;649
c83482f8e9fc0248.dll;31744;2930df85fdcd0e1a7b5af52a17b8f7d264f24436b80fc83fbe684ed0b8bbc688;32256;08e6e0faeb03476280e802ec9f85d4ee7d8658fe96ccc7ca18507793b4127499;5;0xC000;31744;66;512;1;0;1;12;2257006;629
c84aa11557111ec3.dll;31744;f5ea262d1850fd8fcf5f78634dcd2807f81c4e113956837480612284c83a2121;32256;32c32e660eb9375d9343e6491d4178d38372a0314b1d63defa592aff0bc2f52e;5;0xC000;31744;181;512;2;0;2;13;2257635;639
c87ff5e9816331ed.dll;34304;cc48a7734a769225711a529dc25f017d5edf87114342a06d21bfcc6143b74281;34816;e069807ade42db8b7de2066aa1fdd9b52d30f506eaef96b14ea3c597c7089501;5;0xD000;34304;19;512;1;0;1;12;2258274;629
c898d8b3e249a21a.dll;32256;87d4d977e700b3abcf76f079760513a3ac7c936d7a42d33b4634706e11f5c9b4;32768;67192b89950b20e9d8e1b7ec994f4b432f437fcd13767233f2b9591b568484db;5;0xC000;32256;392;512;4;0;4;15;2258903;660
c89fd592bd73caea.dll;34304;4dd1447775ef298946b4339ce70b7abe00565017e30831219b933818d40c13c2;34816;ee3e42ba48afcc4d77eb1c12e73c9146a178a82ed0b881e75642678f4327e5ea;5;0xD000;34304;76;512;2;0;2;13;2259563;639
c8c2928cda136273.dll;37888;9523654d80577876b8b2310c6bde5cdf7e53641d35617ab4e9a7c0abb03e4555;38400;78988b10c429c1107ac0407422fff12b08e2e2dda470caa0c6d5b90741516115;5;0xD000;37888;159;512;5;0;5;16;2260202;669
c8d7a67354b0fe8f.dll;41472;ee6f574db3d5799c8d06682a43a8bb1a25b44d16cc5ccba6bc53d491ad136b59;41984;794f0beda7a1a3f24de461e7ffe8f88d9bde0d206b1e82a91a6160a2f2ce7f69;5;0xE000;41472;488;512;14;0;14;25;2260871;760
c8e392ac14154222.dll;33280;8703dcf9dfa3ca92d4bc7492a823bd94b173f423436d7f59ed17a7cdc993e1f5;33792;74e51b7f10bf4c793e9b5a2934cc019433154f20939041f2d71fb2efa37fe384;5;0xC000;33280;44;512;1;0;1;12;2261631;629
c8efa03ad7cacb57.dll;33280;ee169b395c757162225677c8d4a9510f9200c14b2981dd36bd9094ab0a94c800;33792;b6eabf1c4db699060b6f4c16c1e1a6d5a44db840afbc76b112291d730baef737;5;0xD000;33280;175;512;3;0;3;14;2262260;649
c902612064bd6944.dll;31744;9ecc3e58cf598c5b9770dc83ae8a97b282e2869bc563f3570617a7e3fafbd673;32256;99648c14f41fec0b76b7733fdda3c8ff55236857573e6198bc281ff07b986b14;5;0xC000;31744;140;512;2;0;2;13;2262909;639
c902612064bd6945.dll;31744;267173db6794b554d98c963a00df04731f0932ef4b7868f09c4bb1fdd9c75a52;32256;b14b280f0c8914210b8bd0116326f8eccebf1f7fce3d89c7e5bd18f7f4e27185;5;0xC000;31744;181;512;2;0;2;13;2263548;639
c902612064bd6947.dll;32256;edb8a64bb10e95a257b9324627379f5abc09eb984bed2846a3beb2e081cb963f;32768;d18814c45376450c2db2ff3b971d5bb4051c687a41351b71fab509dc414df0f1;5;0xC000;32256;162;512;3;0;3;14;2264187;649
c912e72512303fc1.dll;30208;df35917e4f921a586c8a067d48959d909871ddfca717448a877cf5262f0b37a3;30720;89dd99a6b642609d1dec5fe4d0439882949adb80f94f8e382ced1faeb6ceb842;5;0xC000;30208;88;512;1;0;1;12;2264836;629
c912e72512303fc2.dll;29696;b432b49c9d9f33dde6a427f13345e477df70fe1d3e4a39aebf6c6c1256f93ba2;30208;73707487a69d42ff6f79419c03d27ebbb47ab433ba0f931e32765657f83780ba;5;0xC000;29696;48;512;1;0;1;12;2265465;629
c912e72512303fc3.dll;29696;d629f12bbb991bbb42917c987bd4c8c1c01cdb4a704966ca16957d187141163e;30208;b43c44b0d8d4a9e319cfdd60cd40bdffdef88994b75e7faa4eeda611528f9459;5;0xC000;29696;65;512;1;0;1;12;2266094;629
c92effff8187edc6.dll;31744;d487bc06ae48c88b1424b431988114d5e7c64d6158ab02fac807919da1b37e7e;32256;5d7cf45c8b72dab4d5933df2fecf3bb3d7dd345c2a986434a20015d02709864d;5;0xC000;31744;85;512;1;0;1;12;2266723;629
c9407d5d2497419d.dll;31232;2dc216b4f910bcd9841a70ba029aa30b02167d4aae540c70a3605538f0c799e9;31744;d399383313741745ec4919f726406f11444e619c55fe71f4875af2b1c1b07b28;5;0xC000;31232;144;512;2;0;2;13;2267352;639
c944cd0d08925abf.dll;28672;d91a010e11485878ded91dfb5c9a3cb3558e27bc8e5b3c145c5d7b516ad5100f;29184;3742cd09e67916dc365b0ad8db5bd06324cd98b4bdd0b82916e8d3e5fc937769;5;0xC000;28672;20;512;1;0;1;12;2267991;629
c95ee89665a0eaf6.dll;36352;64409039c647c9816c8cc69ab5b558a0bea9774c4a1881534c45f054b15e1101;36864;5193c82e040329eb1a2cd589323b9711708d96b67bdd81356d936d0f0a3c6164;5;0xD000;36352;43;512;1;0;1;12;2268620;629
c968f1d20cadeb70.dll;29696;452058fab8bd8ad8b30889ebd150013ca8e8e1d8a04121cb7522e8a37aaef786;30208;b580120b15097136107c05d17df23038206050e57c54ee3bcddc204186b7de99;5;0xC000;29696;33;512;2;0;2;13;2269249;639
c99805238d6af0f1.dll;35328;8591c7637d49fd99636742782eaa8d3505f1d94d85dba647d181498fb8c08041;35328;8591c7637d49fd99636742782eaa8d3505f1d94d85dba647d181498fb8c08041;5;;;0;0;0;1;0;0;2269888;4
c99abb128afcad36.dll;35328;0efc6f28b23a09e9e5353e0ca6c8dea2a23ebba252aaa720d3385be32dc3ed24;35840;871542cac3f4ac6f3769af2de4b6c2c7064f6cef499a983fffc6c79e921bc460;5;0xD000;35328;137;512;2;0;2;13;2269892;639
c99c9d0cb2ea868b.dll;188416;b1ae6af46a1d864e3845f704a07234c305a25d9bb7a018813572d299b8c6c66d;188928;4252d34edae7a88b39174699d7cb98eec5c88f0b7fb19d78378f144f07b96275;5;0x32000;188416;458;512;18;0;18;29;2270531;801
c9aead4eef072a8b.dll;33280;f3970d939ee671fc59ede1913f85f91a8bbbe3432eb55ff2ed45307fea1c98dd;33792;cc994a9efd52a9698c7101825614ad5e55faada8a34bb525728e46a1ebf3b801;5;0xC000;33280;62;512;1;0;1;12;2271332;629
c9c34593bbb3ecc7.dll;35840;b970f2d40f7bc1c47a57f786d019d7d1aeb41c757f17adcd0a856039048830aa;36352;3698b7dac14af637bcef087161938c77c10cbd45fedb88777d99a4240372659f;5;0xD000;35840;35;512;1;0;1;12;2271961;629
c9c4b7798b05785d.dll;30720;89becd0f82ed35b8068ff19eabbf07a45f6d8895f722d94fc41deb2988f49507;31232;aa1bfb5556aaec099225c804cbd3c229c9862a9754cbfb6cdf8b729a4898db05;5;0xC000;30720;128;512;2;0;2;13;2272590;639
c9c4b7798b05785e.dll;30208;39e350b520b37cd0d8479befd188d56af2a1af5a7c66916688536f8cbe54bb59;30720;f92b91e2526a6e0b9be56843e44a54e4f2defddfb3ac6533744bb73a44995fae;5;0xC000;30208;81;512;1;0;1;12;2273229;629
c9c4b7798b05785f.dll;30720;6c8b7e1119830f465131eb08f45a27047bc0031363683d0e736c1b561e11a1b2;31232;94628af67f1a5cf13ce74225d02870b674b23172fd0a8d608641bde13f02ad11;5;0xC000;30720;102;512;1;0;1;12;2273858;629
c9f4424ba65b7f0b.dll;34304;b2d540ef6dfbfa2b1deb8a6d463da91b7e000700ab670358e7501eef484e5d11;35328;f3c4835e91e3f4198e2e6d74e31d13961106d337d585d44eb52304721f9133b5;5;0xD000;34304;524;1024;6;0;6;17;2274487;1192
ca087fb5f6c12701.dll;31744;67bd2cceb4d66826123705f4e1ca2948d377fdcc70c836e7b78fc3e0f3c90cd5;32256;7e0ca323fa0010335550ea849c3eadad4420ec5092391dc08b11737647e04517;5;0xC000;31744;76;512;1;0;1;12;2275679;629
ca0e2b3290473fca.dll;30208;df1d8d4775f9a24d4947108b1756617f85ac2c45688676bfcff36ddd8b37b023;30720;f2c9a173497402e2535cc9c56be59a9110586a377f6b85de85a1c4b701248338;5;0xC000;30208;81;512;1;0;1;12;2276308;629
ca0e2b3290473fcc.dll;30208;e04607d4a0c98feabecff13eecfea8a83993dc3be58936e5bc72af7989d93f18;30720;ede9c9965568d88980d09923e5c87fe8f10663e9ba13d1c5a600f50f85e7bcde;5;0xC000;30208;65;512;1;0;1;12;2276937;629
ca0e2b3290473fcd.dll;30208;f6006dd41ae7f94b36c671ac40ad62729f512faa2a7f917381d942c5727056b8;30720;0a9e7fb4ba7443c077cda2e916a320f3d13a91e1b5ecbb0750eb2de4484301f1;5;0xC000;30208;53;512;1;0;1;12;2277566;629
ca0e2b3290473fcf.dll;30208;f79b67909fa1d82ee74b28a40dad6336dc8a9792e25d01202afe8a730368bbee;30720;f48118529113a2742b669f6e78f9c5d8bd21101f827eecd814750b7cddf57cee;5;0xC000;30208;54;512;1;0;1;12;2278195;629
ca0f4ee13ba8fc08.dll;30208;76796ef898be84b657a3a7ccbe8e38cd950c3c07a5fcf25b3e02097f2ff2033f;30720;675c57373c8fb163391d7ac97570f030fdeca4ed5b60f702f22a2184a695b591;5;0xC000;30208;73;512;1;0;1;12;2278824;629
ca116c52a5faf850.dll;37888;e34c22b8ca9b2bb9f6a17e3920736bbb59b3b247cf9de150e194a4866b2e5f9b;38400;3a811ca62a964ed219096a98e6d0f28196768b0d351edf4e95a4784f81a81a94;5;0xD000;37888;141;512;2;0;2;13;2279453;639
ca46f1c60026ba32.dll;32256;407585a0b88565d7f36d2f5a6d5708521c9672827ddde92c9bc50daae9590987;32768;555a3ba2cc2bba9356c77515290600d5dd2a50060973124d861b9576eb994686;5;0xC000;32256;75;512;1;0;1;12;2280092;629
ca4747d6efbc784c.dll;32768;79cbbd6fe124ede860222013d7ccbf033efc3a9983a1ed85dcb15ac489e0832e;33280;959ebf618b019adfcafdfeec5184bd9d6432156bc8c1474e3bdfd7e8c88daeb4;5;0xC000;32768;93;512;2;0;2;13;2280721;639
ca507bc0883ddaec.dll;28672;ba2c902f16255f1c545427483f26b5b7bbdf8d639c47a9838132de9088a92ee3;29184;5d45a16acc36eed96d4c8b55dfed0a498421cdb5c41b659bd22045998895bff1;5;0xC000;28672;102;512;2;0;2;13;2281360;639
ca6951be7125ce16.dll;34816;45790c232fb07a69c565ec1de0ed2cee247f994737b0d98c55bbd72db8940b72;35328;92a81d846cca61436691f4bb63b5a245546a62bd072985c82659cc03f6fd4f68;5;0xD000;34816;114;512;2;0;2;13;2281999;639
ca88d2494eaf2ed2.dll;30720;1574f62f298b91cd6302c3a98969413cadb57007f6fb7d457e4defcdb9cff9bc;31232;200761f54d1abbe700c3abdf990b96c16366aff17d5f026eb84f1179901f7e3f;5;0xC000;30720;63;512;2;0;2;13;2282638;639
ca8b680fc954ac80.dll;30208;ad0fab285f169902f2be2fc2fcbb527e88f40f3fdc3771dd6ce67544c22f32d6;30720;11a5f520ed83a24524414c1761e66700d04a70c0618be0d1446f1102772934bb;5;0xC000;30208;89;512;1;0;1;12;2283277;629
caadb15aa54e4134.dll;35328;0dbb9aef9ff0b65cafe3182b0ec947c8aac483b2bed296bf397273b0327839a0;35840;9552cd8abb811855f392a2ae8767f35834eae0a1ecd8a58d7f407bb90140ec4b;5;0xD000;35328;50;512;1;0;1;12;2283906;629
caadb15aa54e4135.dll;35328;9a937ac1fd966f59b369a24d48ee8f958814cc1ef0bf8b80068e06930492a1e6;35840;3d9c44a0e0f39a6febd5b858d398171e2c8a8f0a9f66024c3461de00bd1b3c83;5;0xD000;35328;40;512;1;0;1;12;2284535;629
caadb15aa54e4137.dll;35328;fbab49abea08902c46b11162b001c59154608d405a143336b269901e482309c0;35840;5e439f6ce1668184916e0439d44cbb17c77bf25347794cfd9df6389f508d013d;5;0xD000;35328;34;512;1;0;1;12;2285164;629
cae0bec6742591d5.dll;76288;e8afe03d6a786016c78f9cd9b37b0ea2f2a50a94035192149be3f7274bf44db2;76800;89a08e0d5b4cbb80828e79320ae1ef6c7054acd302fb1287cfd05e00c217d9c3;5;0x16000;76288;69;512;2;0;2;13;2285793;641
cb05deba197b4bf6.dll;28672;4a31d886024088266622f165adb0bc1f6a8f2f4c17f062f77d766b45d60e7b17;29184;04bdcfb83d9951b52e27e80042099b303befbe4a4412f98c6e420828761c383b;5;0xC000;28672;97;512;1;0;1;12;2286434;629
cb2c2f8180653a29.dll;30720;79d440fbba1e15786308f3958d6ccc6f58f1768cacb6f2c562e572cb16a0b330;31232;83d2cb09e86056663e7398fb403e514d2efd76d021e82a5160f2b88c89d9c19e;5;0xC000;30720;125;512;1;0;1;12;2287063;629
cb36ede673eac063.dll;31232;5d31b32aa7ae9723f649e89aa201ceb0a10d446ca0982f8ac9c170bea57a8b90;31744;71470b4d716f19bc42adbed08b5e8306c942a2eb3ae6438fb9d3791557971c88;5;0xC000;31232;142;512;3;0;3;14;2287692;649
cb527366f093ae1e.dll;31232;fa9212141d8f7920206d8530a91fde64b048761fd37013e1cf8c7b5ba164b056;31744;b5b3cf000423eb4c77d3e66a0a1241430620381b13ac24ccdcb4f593cdacfdc4;5;0xC000;31232;43;512;1;0;1;12;2288341;629
cb5a07d7ada7423e.dll;30720;4697f49cf158c9f0dd98c67cd039a0282eda032e235e7f15f3b4a713cc5e4a6b;31232;9aab32e255d2e3225682d2bca9a18e3c01c2e49ba44d4f453ccd1d78ac2e26d3;5;0xC000;30720;201;512;2;0;2;13;2288970;639
cb69e3ed0c99f11d.dll;44032;6c4eaf3c2096b97787bced229644f8b55d87c1b11e353a327897b3fd918fa31b;45568;f5bb056f47d25f4ce40f7ec6724c34184fc3e4da1d97560e931c8576830c8905;5;0xF000;44032;1203;1536;19;0;19;30;2289609;1834
cb6fef3817346f47.dll;33792;d2cecfac88819ec32fa56f1532950a5a96ba37f3ad7c08a928401721db14655a;34304;7bc45cc2f1391dd4a4cfa81613a4e98cfa3b81c513aa11274fe32bd2f6ade489;5;0xD000;33792;179;512;2;0;2;13;2291443;639
cb9f896f790133b4.dll;30208;ef0d01a3a9433dd2d479fbbf29cbd21fb2d2ad7fa64b9c18d07ecff065f5c3b0;30720;774b1f85e16a8d333f7dcb44160fdc25ba07b68685d69765f59de61e12483db0;5;0xC000;30208;74;512;1;0;1;12;2292082;629
cbaea614039430ac.dll;37376;8317434dde7679ceca42bdae3fe00541c3dcbdb6ff0e373793f0195f1c598bc1;37888;9d24bf1b264e5f31e97342398fb41d741716a207ff0086a6ae0a65d7e5024886;5;0xD000;37376;281;512;5;0;5;16;2292711;670
cbdc2ad381fe74bd.dll;31232;a0b0da3f8c3ec2564704184506ef2789e49f706b2356ebf2753b2fe0054dcba6;31744;9882448bac8964b7f7e77eabfed34534daf8aa3811fbe891be7082a2c03c1f5a;5;0xC000;31232;158;512;3;0;3;14;2293381;649
cbfcb05863f03be3.dll;35328;200ba9de590949d527c6d208c97905ae436dbe4e1606c632c2bde90f53b7039d;35840;e14a806b853a7df0534dcbe6ff8aba4d86efd13bee55ed514024a7dfc47654f8;5;0xD000;35328;147;512;3;0;3;14;2294030;649
cc02edaab7ca52e4.dll;32768;730e520e61182287701827f8f4e768243780e68f755742380db89b79c3c7de0e;33280;51a3b718adcdbddc53160506b3134f5dca8b14e8f9610c0426dd9c28bfcbda48;5;0xC000;32768;340;512;5;0;5;16;2294679;670
cc0c50eaf02eb25d.dll;32256;280cff06957e876b42f74fcf7039e28f804ccad21315db47c5f551f4c9d14e09;32768;ad06317decf8920480d289e84eac7ba75d0070c5d735932d100bbb0b234e1575;5;0xC000;32256;307;512;3;0;3;14;2295349;650
cc14f037f25cf855.dll;35328;653b57c57ae1debf8548c2d29677abd6274c3255f4908865dd42ffb62c7ef2c8;35840;636baa1f2739bd38117b1f8417140479eb7d9452642ef3586e23aa531c8d9669;5;0xD000;35328;87;512;3;0;3;14;2295999;649
cc1f1b414901eb4d.dll;30208;d274b8cdea880354a25c7623c09bfb3d7b4ee00e2e6373353409a15eb4e1251f;30720;e87d510a0889bb1b82a3677d994e622b12b472466212e890151f01f76692f10c;5;0xC000;30208;88;512;1;0;1;12;2296648;629
cc1f1b414901eb4e.dll;30208;a66981daccbb63cd4e6293f4b96862c1a1249e3b3972324007a22064a77667b6;30720;8bcde50cad4efcd386b3a9c25943d2cdb1e834b562625f4b313c142c4e3d7662;5;0xC000;30208;94;512;1;0;1;12;2297277;629
cc1f1b414901eb4f.dll;30720;7fcf451b530eaed176bab0235f220347626bab2c96fb9b0233dbe9a810247223;31232;db06eb9cb0a7e07473d72a377da983bff5cf823a080275a47142b21ed8f1d306;5;0xC000;30720;149;512;1;0;1;12;2297906;629
cc45a13703c8153f.dll;36864;8f21372b543151e95ab55ef59c00e57b5137f569fdf250f04cc1847d26f81485;37376;95059608b64592888be435fb6f4079b17ad4527551e0538a4251a90a13aa1376;5;0xD000;36864;162;512;3;0;3;14;2298535;649
cc7e87f55d277ecf.dll;33280;1f13057cb9e0c008d2ae4ae857bcd1ca5d5d97f49658c370ebc1e85892d994f9;33792;8cf3ff5769bb541bb98f0697e4bfead2710337d482fa63c5ed3853ad2c74084a;5;0xC000;33280;76;512;1;0;1;12;2299184;629
cc805e137c202268.dll;33280;9ff5d737722a82e92d7a52031d8b75cb2e883e93641d37bcca0b30421c0780a0;33792;2b994582ac12ebb2625c537445650738783963a17a697f4340cb41b2589ee54f;5;0xD000;33280;286;512;5;0;5;16;2299813;670
cc8d44c26865bd7b.dll;36864;4a0f89388cd1cd7c454743287b919e7e99592942b62f15998b6e8ce7635b6586;37376;3f0372d1794931b21490e9064f491efc83f0c0344b3fa94cd0a328ee31f65c0c;5;0xD000;36864;74;512;2;0;2;13;2300483;639
cc9b8b79b510e00b.dll;34816;32b82fc6d409d35a40e8555387968165a8ddde901489422481c3fbcf72575e64;35328;baa06d07f308f4bdd24231721016f7067d2c33bb877381ab3b6afc053662e77f;5;0xD000;34816;103;512;2;0;2;13;2301122;639
cc9c45df357ea40a.dll;30720;6f5f1b8ff6e313a73f95132f2004624ed28155c2307cc26b7629280702b91cc3;31232;6857c4a16d45576426c2df29c1d1dd7bba9b1596fb080330edc7b38f93d9c484;5;0xC000;30720;134;512;2;0;2;13;2301761;639
cca198ca61571b99.dll;30208;a5c82146aab60ab41e5a4d54e6dfa766377092d4d945d60c4cdd0c8f7d544d83;30720;7ce68f5fb5c07497001745d76bd4542858159103722db936a01ae2e6b50e1913;5;0xC000;30208;48;512;1;0;1;12;2302400;629
cca198ca61571b9a.dll;30720;dc074f902f39feb78710627e54affeee816187333d9a618619d005af493e4352;31232;769a804c5b4ac617f28da6fbd694bfdd76037d8aac3858df81a3081036e8a2b8;5;0xC000;30720;114;512;2;0;2;13;2303029;639
cca198ca61571b9b.dll;30208;0757a83c29a556f066d89e1ae37b93ad952659573e188da64c61365ec1583234;30720;1a1238f5d857af1bd2320958b90c3446d9d57d2bfd0ed7d0354531387e02ad1e;5;0xC000;30208;52;512;1;0;1;12;2303668;629
cca3b3eabb447a63.dll;32256;f6e55db2adad39586fbd67ade1764a3a87b64b3d660fe52c8209eca1c0c9c032;32768;1e0bbee2e73a4bf9955339be537beac284fcc69343c1c0c35bdb977da3b9a7f6;5;0xC000;32256;69;512;1;0;1;12;2304297;629
ccaaa65ecffe24b8.dll;28672;3d25568dd7a4e67ba00b902ffa22a604b3f9613a98b141a52412be5578dcc845;29184;926443a45478bdb35f88c7e0656001b57639371f9c80897083dc0fbc9f7cb9a1;5;0xC000;28672;60;512;2;0;2;13;2304926;639
ccab7e43d742dc5b.dll;38400;4fcac2c7de98262c5c75d27c869faee1b1f8e463927639535ef483160c18f143;38912;19364fb38c8c342c05f92ae51e7a2c843b9c4dc7d7274e93b582767c9fffd43d;5;0xD000;38400;175;512;2;0;2;13;2305565;639
cce42b65032dadad.dll;39424;259c837ddfd133c5fcdeb06c30bb734800efe628173c74a723e288baf581d120;40448;777bb231e0e4ccd9ed080b61fa0aa50adb372b82ba8525b3149548f7bd017561;5;0xE000;39424;958;1024;11;0;11;22;2306204;1242
ccfa6cce33bc011b.dll;38400;97288d9d32550574ff8532d29947d76946b94415a0f3079a3633957a7a84331f;38912;4c41b59c10e2c4aa179effad21d11509aa274afbba5304ee3530f169ab642287;5;0xD000;38400;84;512;3;0;3;14;2307446;649
ccfdd8208a96cfb5.dll;37888;63c09299674982b59b1000fc06293e1bd0deaac71842e702280543831d4bf92c;38400;b19cdb5fa39b907e8527eee9ae9461231c95019ca7eedb5d61de54d61f1368c4;5;0xD000;37888;181;512;4;0;4;15;2308095;659
cd2eb7f697ca19a0.dll;29184;1b7d7c4aa2fd1881ac47cb79dc68830d12be5a835849cf4c784632c3b68f52c6;29696;c740c96ada789de69e5df80a6d8cdfd7f2feb44b1ccd6aa9bea8d5a0d5bcb1ac;5;0xC000;29184;170;512;2;0;2;13;2308754;639
cd2eb7f697ca19a1.dll;28672;0f2e09e9e97a0ecbf0336ef47f3e108908e7002f33c12e6b7c59005d0b5a618f;29184;b4ec9736b09082bd8c785b4f08d794c287bb9ebada4e011955e1980b0b5c6906;5;0xC000;28672;114;512;1;0;1;12;2309393;629
cd2eb7f697ca19a3.dll;28672;8ecb2bbb7eec3077e816df8521ceda43c91f3415d0483eb3181d463c6902b186;29184;28753903da74b14cf446e3c5d0e8c0428116db78e6ff354614bf8df911cba339;5;0xC000;28672;100;512;1;0;1;12;2310022;629
cd3cce69250a306a.dll;30208;51c326ad9b07b3a54ab51bbd7ff5e799855d7f38ab61a5cb70f962f4510f3d3d;30720;352c5b8f4c415362925aa9572bbdc3573ac2b9fafb2cd6950ea22ffac4b2655a;5;0xC000;30208;84;512;1;0;1;12;2310651;629
cd65844e6b9f0c7d.dll;34304;b3af6f71444be004d79d023fa8e4c9922e6f56c0729f71b8b7cdf9f2e414584f;34816;608911ae42c6fbfc297ba4c16c00a4c6e8c4bafc2811e23acf1e309d55d927d8;5;0xD000;34304;112;512;2;0;2;13;2311280;639
cd6ce23d1846ab15.dll;32256;5e458a610594c61103593999b65749f5322e2d00ceff602ac5122629ed14af37;32768;31b37c0f3856f2dfa17c5ca542a0413c2acfde31fcf144b1332d196cd1509887;5;0xC000;32256;25;512;1;0;1;12;2311919;629
cd8678332fbae77a.dll;36864;74c3f3acf3f1e2b441020f69422bc053604bc8964c606cde76a3101771a94c1b;37376;d405cdfafc86231941936a9f9341a78625ea5d9193892ae2468a0e199c22004c;5;0xD000;36864;183;512;4;0;4;15;2312548;659
cdb10f0925a16cdc.dll;30720;7183fa57f61c9c4086db148a6edc172ea12e4324224abf305d398b411c2fa96a;31232;387ab276307a5f6afa9f4c87ec790721891762f20105ba92ac666e0078b436dd;5;0xC000;30720;97;512;2;0;2;13;2313207;639
cde37af9c93ccc2b.dll;31232;42d3c490aa8357e72b97f8dbe0c92b71986de5d4f49d258763bf70a662f687c4;31744;ccaa3bc915561db7a1555e33b354ce94868894ec62a45e377a20e5ed164ecd79;5;0xC000;31232;254;512;3;0;3;14;2313846;649
cdfdcf57a5f3d937.dll;31744;725af8af5dac050665f5f454d0d957d15357a1a339397e16bd34577cba1a9e7b;32256;defdee1f75b34b4a4562390e0a2c4c6046efe38ca1d52c079cde8aa2edcf1557;5;0xC000;31744;161;512;1;0;1;12;2314495;629
ce1e59ff5c2a1391.dll;31744;86b46ecdb0027ef10b7959c66a0e8159902ab05fc8b841706f64bdad2441b6f9;32256;83e5c9a08e7a2927d09a68b26057850bc6d061826bed73f6c0f229c6762e5650;5;0xC000;31744;74;512;2;0;2;13;2315124;639
ce47e8f6313f4bf1.dll;30208;b1274f9f700e8cdeea5de529fac8cd62c716b04b9f1f033682fbe1783a4b4f59;30720;15a26c6cf1a00107cac6253467d112faf57b1cc8e4026bf86ad05dff71ebf7fe;5;0xC000;30208;132;512;1;0;1;12;2315763;629
ce47e8f6313f4bf2.dll;30208;c6c4807c2dc4fa93feb35dd7c1b3dcd867f004b12c35612e81a968f49dd3141e;30720;a106fa409752438a06ef3600433480e156b75d1c24d93e0e89466012d8e09cb1;5;0xC000;30208;129;512;2;0;2;13;2316392;639
ce48705cb39dd945.dll;32256;ffdc6db929abbb390273423e3efd9c19ea5889edce55e7e6400c054a57470c82;32768;efdfc193b47440328f25415dab84fa752a976e669c4d00229baebd482bfd2b33;5;0xC000;32256;42;512;2;0;2;13;2317031;639
ce64224302b1c75a.dll;31744;c494e90c650fe0420dc90fd53ddb7effdd27a2ecb764e3f5260e172f8258e517;32256;1d729e158ab40a5a5ae44b5280c4a2eff81344a323a1c5aad4f3b6e0737f3aa0;5;0xC000;31744;201;512;3;0;3;14;2317670;649
ce7826c3a2d8ee7b.dll;33792;10e9262bb1010daec77577b96e7d940d70f5fa2acf60b6fe59e025aeb5d57401;34304;94ae701859408f4f1f268d5b1cb20206e8f138a0952f1feafc7a3c654f25c9dd;5;0xD000;33792;148;512;2;0;2;13;2318319;639
ce8acd47f59cf77c.dll;28672;15eefcf137e8faa6913d3bebf4571f200eb5d8e45289c7a5bd2d3c71f6fb3229;29184;8fee4896d1eb73cf7c581427c25d9ac8d9f0cf87689a7639f02077c893ac618a;5;0xC000;28672;41;512;1;0;1;12;2318958;629
ce981dcfef6e64ba.dll;31744;0f2854fc0ef8744bd3041cc2eb883fe641b08497f10efe59a87cfb4ec15df989;32256;b51e94c8e9ed71e47ca5882ed62d5326078e769dfe9fb6db5256870da24994dc;5;0xC000;31744;177;512;3;0;3;14;2319587;649
ce9e73a450685cb8.dll;30208;405b843db53772dcaffbc9419cc28d6164411a3d76ce6d96860ab74dd4a5c0b0;30720;e76f152ff0fe194ed841d1a6f9d9ec00423c112f53f056ae5bdcf70ca98d1d8c;5;0xC000;30208;89;512;1;0;1;12;2320236;629
ce9e73a450685cb9.dll;30720;62c4250915eb35acbfecefa26ad8e925cca1b2483b8745c9726642eb30f9b6d3;31232;e74bbd8d71f5097cfc440e6d2c3e73fa74cf72df5c4a2fc9b30915f82ac3294e;5;0xC000;30720;128;512;1;0;1;12;2320865;629
ce9e73a450685cbb.dll;30720;1a1fc314f178a3e4570d8a6b9c1ca913361b8815e206bcafa3560377546a4b7a;31232;3a8445029207e54c86bde04f5d3dd79033fcad88627d63be55e347e3277ad04b;5;0xC000;30720;96;512;1;0;1;12;2321494;629
cec12cb05fb9e2d8.dll;33280;d17167f606135479030b3faf0283cc01a41219a2a001dae0f605f52f94e02058;33792;26e994b25cfc86d812d3627a8064d5269e3e793c0ff037f4139a32c4a450ffab;5;0xC000;33280;31;512;1;0;1;12;2322123;629
cec12cb05fb9e2d9.dll;33280;3810a714828a3c00e872b70ae898b6f8a6c26834bd90650824cc747a80e72232;33792;6428b8a3dd6189fab147d0aa517a5aa0664be0ad07a1db6afc58c26a5027167e;5;0xC000;33280;36;512;1;0;1;12;2322752;629
cec12cb05fb9e2db.dll;36352;24c1b6c50d2a547ffadfbe3b85aefc3690b304e445344c7aa263a943c7492cc1;36864;c9ae64d4c6ab5deef8456a2b2c0060217702d805792455160742814c206bf84c;5;0xD000;36352;22;512;2;1;2;13;2323381;639
cec203335ac8d9e7.dll;29696;0c98dcea6c4088380171d5edcc9f709607ba86a0f903924ee1bb32c607cd155f;30208;55a1b3d91606e7489f3a98aa01ccd8fe9b7a0ff599b65964af6a6020e93a0970;5;0xC000;29696;47;512;2;0;2;13;2324020;639
cecf0b0a5dd4dbf6.dll;37376;7f20eff5c3cbeb9a66db8fc56406811b2ac1dee484b418db0b01253708e419c0;37888;89e54cff919f0238f6ebbdf36f5e648c7f482d0fb80da76c2a76b51b190e41bf;5;0xD000;37376;45;512;2;0;2;13;2324659;639
cedc5173970d10be.dll;33792;767ad777d6134899237ced2cd41abffc845743319069735654e3cdb8055f769e;34304;3dc62af3926a41b5dd8499564c7e7c9d47c932fe5d736f31cac832da28f065e5;5;0xD000;33792;463;512;6;0;6;17;2325298;680
cee2e32d98f2e7fb.dll;32256;442714282028c2329727c9365991d49bc40a0f357d3551168a1cfaaf76349a99;32768;c720e6d7cb211fc37378260857a6c138df0183c6e2c14efcc032929059d0f1be;5;0xC000;32256;27;512;1;0;1;12;2325978;629
cee836b0d8bd1697.dll;32256;ef2d8fe3d2628b7b9b51b1f41bbbba5e49f595a0997d9d0d5a6ffb6b6a36f8f0;32768;165034c28176d0065df6a4c0b33982195eeb7bfc1b4ed2a694e29229c7ae870f;5;0xC000;32256;155;512;2;1;2;13;2326607;639
ceeb60dc896ffb3d.dll;31232;7e05fcd42f7781fbf973c917fb46df892f599667e27c28b4fd8da78a722025a5;31744;cbb1eff011e9ea66f4529660744c9bffdc5418bf8c7e83d4a378283df3fcf322;5;0xC000;31232;162;512;3;0;3;14;2327246;649
ceeb60dc896ffb3e.dll;30720;b45b3c7b15bf9fda726f634d37542e2262fbccb44192286ea94b0da443567995;31232;d003875872ed485c693234217c0465b182cf9a7e14a2fec64ba8fd048aa79f7a;5;0xC000;30720;105;512;1;0;1;12;2327895;629
ceeb60dc896ffb3f.dll;30720;0298c1c99a53e24f5b7a718c30ad809e36e31444925cae0a58ce663229a7a772;31232;740093940b784533788addb91fea22b709bd8541291d8b1eacbfe43eb5e9018f;5;0xC000;30720;133;512;1;0;1;12;2328524;629
ceee66b11900db6a.dll;30208;72a6b4167f31592e01daf3aea01dbf89eadd30d15729989048eaadd15c8fd2f8;30720;22a63d6a4dabe19a8c57c988bd0472d369f2fb9d1bbc52c8fd8bd5d5276119ed;5;0xC000;30208;97;512;1;0;1;12;2329153;629
ceefd46ab00fe129.dll;29696;50d817a29610a33d832d403d270a76cb7ffda5e128978dc18ec3a950b847c71e;30208;50a69f4a9ad881ec4be9bb555aa08cef3448da0b90499d8a9ba7b3593612e0e5;5;0xC000;29696;53;512;1;0;1;12;2329782;629
ceefd46ab00fe12a.dll;30208;91226ecd1eee19cdb9e7998bbe61cfc72189d0a5fb27194c92eba8a4980bc85f;30720;2bf1ea55bd067ca609679827f7290c24e1818b1b738549bce0be650ea7218335;5;0xC000;30208;89;512;1;0;1;12;2330411;629
cefdfc8fb680c407.dll;29696;61269e17b2a580a47c39cff634ce5c32c12f34891b5ae9489b59bb830b4591e2;30208;ed00746ed111d0730cb8c2ccde0103260f24ed06f9f7e330f97a8c2539bfc979;5;0xC000;29696;34;512;1;0;1;12;2331040;629
cf16f294b5eac0b4.dll;34304;c8a4b9ce97b90efaea6d228ba39fdf384dbe3a5940969915f69cbaeb57ba53a2;34816;5a806e9f6faf04055570f63f4be001eeab7e9459c9dbc2feebae39a91a36cb64;5;0xD000;34304;90;512;2;0;2;13;2331669;639
cf16f294b5eac0b5.dll;34304;13ad52c859831a16f2df6e6adc2ea6568ecd80ea5421c422b9136fb4978d058c;34816;444efc98e1075fdf16da1f99dc1d9236df1356d001ed863b4ffc1ff59450f323;5;0xD000;34304;92;512;2;0;2;13;2332308;639
cf16f294b5eac0b7.dll;33280;72072bc02bb83830996188d6c972cdc0f8fb1637b7f5e5d4d4582eddfeaec37d;33792;8db16651a3bdbfbb33ebbc6474284269ac0852b2d25e14b673294d1e92a84f80;5;0xC000;33280;43;512;1;0;1;12;2332947;629
cf174f960797e4e4.dll;35328;6d2e6efd4b9a01de48bc7dc988964907cd522236d2e39d28248889dbd1db3f7a;35840;190e80c832cb93018a15f9c81b6e7a41b867cb4cdba30e3444f3afc1e43c01b4;5;0xD000;35328;489;512;7;0;7;18;2333576;690
cf17b9f75db7ff4c.dll;31232;5dd62969207bc69c566612fe3a2b17b1c6f1498f7b84481d5b3095ab84f73bc2;31744;6f2f763e75ce65361e2aa59c49085baa9220761b6e1855e5a398c8c0b631f5a4;5;0xC000;31232;37;512;1;0;1;12;2334266;629
cf17b9f75db7ff4f.dll;31744;18f463b3ea4d6c12b949eae35c9ff3cf72f7c17aa6bf4358bf718fc3b73eff6f;32256;ae7d641591e549d6087c7762fe15de5c73dd94211b50fa43104ddf02ffe5a183;5;0xC000;31744;82;512;1;0;1;12;2334895;629
cf2742dcc28f7366.dll;30208;4ff30450fadec500e66a4040c30654514c179b44b331c5b232eebe85504a0098;30720;1409a22bd11de38adbde2c35f4714983127ac040ecdf9f6a7c1b70b8da11783c;5;0xC000;30208;95;512;2;0;2;13;2335524;639
cf2cc1935592f35c.dll;31744;115293f0a86bef0ad951a56f7ccc00c073e0235b9dc3c23e730e225a73ebc3f8;32256;f761c0777570cb48fe55e281ed3e9dca7fe4bb4abff52791e0f89ac53fb60f0e;5;0xC000;31744;123;512;1;0;1;12;2336163;629
cf2cc1935592f35d.dll;31744;8b206471e96854a1923e40a53e7f10a7a27869c4dba60121766ceb86255bef48;32256;e853c21b1ff0e7cfcd37ac0854210375362cdc15c1b8ebcbb1ce6ec6d5f2aa0d;5;0xC000;31744;170;512;2;0;2;13;2336792;639
cf2cc1935592f35f.dll;31744;8f4ae592d7ec7acffe5c9eb45b228d4048acf72d0c9e77536c508ef75511b8c8;32256;df2eba050b2ec6a48767afcb2a918073d92a0a54f926c730cadc5db23a45d9bd;5;0xC000;31744;134;512;2;0;2;13;2337431;639
cf30fc7abde0fa3b.dll;35840;061736ff86d72d4601e68fb212fc961f7328ee441925e7a53ae4e21894284575;36352;18790ceda28b46e5172eed3fb1a0d1a1e84d6541b4ac7a20105a4ac957a04d5b;5;0xD000;35840;306;512;2;0;2;13;2338070;640
cf4096442b9c8640.dll;31232;578aa6fe12896bd97443ff354fd8a234720bf0769e0005a5b052a4479e867439;31744;a841b416540e049c9da6470c0f052bf314fea4eb68add98eedbc066db458e801;5;0xC000;31232;111;512;2;0;2;13;2338710;639
cf428c1d444d3ffc.dll;35840;368394fb0ead393f1694d6829d514d4778bcfa7608cb844b439167a2ec537cdb;36352;29996e6d6f4b48fa9c3d42d4f0909629e214ffd1afcf7e3606b17fc44e6a114e;5;0xD000;35840;35;512;2;1;2;13;2339349;639
cf57a7cdb7e8e768.dll;32256;4cae040274b35ac252998a76e1e59db4c6e29463632ffd40afbd2ce766f2ac30;32768;98d985b2b242244f671c9cb3cd3efda3d029d84f691817520889d81934487248;5;0xC000;32256;142;512;2;0;2;13;2339988;639
cf84237b351bcd8d.dll;40960;5f48aabcf5a05e6bbd4fe33f1b30be266c6a91625df0a6a678f82209399eb51d;41472;b16eb35f9d9d0d932cb3722dcd361a86cedde7a88c17cba429f2b8ea35b0f409;5;0xE000;40960;258;512;6;0;6;17;2340627;680
cf9879cca0c5c554.dll;30720;515e1f0fc433f181149b5bdbb011f04df98ef20e3bf73977b7d265d16c6f075c;31232;470746ed8bfeac03b7ec2483fb202b06462f16366feb187d01db80b0e5cb0551;5;0xC000;30720;115;512;1;0;1;12;2341307;629
cf9879cca0c5c555.dll;30720;826631012846f8a22c6e07e5ce2f9f1a86e84d5e55a5fd5257fa92442c8d00e0;31232;c1f65ec8ba517dfbc6edf3977119953069dfbb79a505b8d5936922adb76b7595;5;0xC000;30720;113;512;1;0;1;12;2341936;629
cf9879cca0c5c557.dll;30720;67580a908570012d11dcdcf16e3408880920b81852e8bd71b15aadc459426504;31232;148401635806ee80fe2d41c43b59dc873e47d06139b58022513424e0abbafc2b;5;0xC000;30720;186;512;2;0;2;13;2342565;639
cf9e216ea2a18388.dll;33792;b2b0bcab11a03b224c23170f67177ba70ba2ffc1c58eb81c5d770d8158008373;34304;1ccc8151f8f516beadbfb9c3f0e6748fee3ab51dc0e2a2d2eec9426647fef8cf;5;0xD000;33792;88;512;2;0;2;13;2343204;639
cfa0577af6a57288.dll;37376;d3d862210daef92d4a2ca1e66492765f8eeaa62fb491d10761de2b0f0083dcce;37888;d1d6f9dfbf28a3906fb836cb02752754b3292d9d6bf891b2607f66c9dad90a4a;5;0xD000;37376;121;512;3;1;3;14;2343843;649
cfa99335bcf2359f.dll;30208;7dd416d7aba591a41adcaa74bc51f34380f50a902d87bd7fe14acf9d34bc4981;30720;4f3cc448116fcb4a689da293c451e180fc78bd941b6fd73f49b9c752cf6ee629;5;0xC000;30208;23;512;1;0;1;12;2344492;629
cfab132ed582b7ec.dll;30208;7f562494d5cead5b43607b4eb6790c3a3b78e5171412a264a8c91caa9324828c;30720;b7e9ded0d13384c007755b6950594c88d68b99dbf937ac0ae132504084679fe6;5;0xC000;30208;86;512;1;0;1;12;2345121;629
d06b06bfe9ad81fb.dll;36352;01b53d9897e087be4e56ca6e6ab0d6977c81cce6177154f8556267d03188a7f4;36864;acf68d7a22920ba16a6fb0e618697b0505c07bc66468e9296b74b10cdba50bac;5;0xD000;36352;210;512;3;0;3;14;2345750;649
d0707aa4eac09d69.dll;36864;ffb9c4b54c8c4406b0a0b6f24421e173458d445499ba74bb68547e6716945a89;37888;0abf083c9a3c913fb027cc5da8062187725532720264e41ab0e687e2877d4054;5;0xD000;36864;724;1024;10;0;10;21;2346399;1232
d0758feffc4da80d.dll;35840;da430d5498d9f3015f182fe7cafff45430b15f37cf0f03be67b7237027b776f6;36352;62a85d973c45364bf7359414848b23a6c6bf69d7eb94c6a2f2b49deeacc28393;5;0xD000;35840;225;512;3;0;3;14;2347631;649
d092ccab41399c93.dll;31744;b7bfe21226f2f6ebe5c73084aec611b73186cfe5ae6f3281b9d6be66b851ffd7;32256;66a8df9dd6cd6249b64992b33b7512849df006b27c329eca62f78f7fedca11a2;5;0xC000;31744;71;512;1;0;1;12;2348280;629
d09540b602763f24.dll;30208;83fcf02229e41de608e395d5e4aa350a6c92d707f19002720da79d1d870e37f7;30720;b23bdc65abaff17b9ed326ac41cc58c557374f9fbb48101821ae97d6663c5b58;5;0xC000;30208;197;512;1;0;1;12;2348909;629
d09aecee1f2857c6.dll;38400;bf0eab866f205350df2e7093c4dca0dbdd7dd5ad0e750d16c273faa6730254a2;38912;81540cce6dfd4ce0cd6ce4bf197253f70ed21cf062a9800ca7c523005d15beb1;5;0xD000;38400;274;512;4;0;4;15;2349538;660
d0a1f7699967412d.dll;57856;4a706bf8fb36392656d3a2bf2d9b6ae6365eb3e10bd9db1c64327439568ca404;59904;379617d49a0162a86ef7f3472a5a4a806c91daec053a49a1e5e9b32ed0ad47c2;5;0x12000;57856;1586;2048;31;0;31;42;2350198;2466
d0b6fcfed700c31f.dll;31232;1fef120d913ca4cf579e92fcab9e77f665a4df0fbc3811d0ef047cecb5c86aee;31744;6fce2fa95c4ef5f1d6489974e788117dc7c03aa35de15049b62f880a3b2aa250;5;0xC000;31232;260;512;4;0;4;15;2352664;660
d0b6fcfedc0ed808.dll;30208;74431fe5533c641a47d74de6ca7e697c0a6616172b8c9d078d40b4bdcaf9d238;30720;aaafef06184f5af3aaf9b49970d2120e735734d0ebc288d9331fbe48f4d1e27e;5;0xC000;30208;237;512;2;0;2;13;2353324;639
d0bb1c72e460cbcd.dll;32256;e04a696705a62de5aa1d7d98ba29ca9a8a80305aeb34c1db00217ec91c702fb7;32768;b05cde7eb3236ba276797c1100bcdc2a09c800d23670aa8d70c139a488c3ad9a;5;0xC000;32256;132;512;5;0;5;16;2353963;669
d0bc951f52ef74dc.dll;35840;0e2057969327fe7fae396e3cc1283666b773e2a2e36b25dd671ef2c8220f6864;36352;f6cf774d8ac74460a298307e01813e35e5c4330e9a2e4d7602f25728cc5461c2;5;0xD000;35840;183;512;3;0;3;14;2354632;649
d0c6a1b531ffa5fa.dll;32256;2cacc61af810a0939c5789418ba0a98a618f4a79453cb540f24c2b76fd88717e;32768;ddeec2d7c6208dc89112d161d210fe4dfdcaab8a833cde26dc5033c1bca3d0c8;5;0xC000;32256;452;512;5;0;5;16;2355281;670
d0d1404bea4175f7.dll;31744;654b732671e88a8da478a6a93c950d20e78b1239ec42cca1f64b70e7d31dd269;32256;353b981ed2faa3bb4ea2d7e7b90aaa2e9c3748e572965f9fc495c022a02f91b5;5;0xC000;31744;122;512;1;0;1;12;2355951;629
d0e7418cf5db41a2.dll;36864;a6d457bd93a47abc28ed2dd0b0f44cfc120b1651fa36b447c113e47e368e320f;37376;c0bbb6457a0ad36bf714a7afcc3bbbe9f48089f544f3d042281bebfebbeb92d5;5;0xD000;36864;142;512;3;0;3;14;2356580;649
d121b118975affe0.dll;31232;7f82cd72d409d3adadeadb21a3a460990b6371f63e0f1b60bc20f726dfa3c0a4;31744;859591b39e116429f05f2574ce273deebd08bf2347e2fd9cf5cc5f360480e897;5;0xC000;31232;204;512;3;0;3;14;2357229;649
d13410a160bccdf0.dll;29696;bccf213c374f421adf032d488e5497c587cfed7d44934e81ba40dee5632d28ed;30208;0fe4a25238a9d7c630e37bc78ef3ad525b10b6aae19295933ee8ba59817cab43;5;0xC000;29696;124;512;1;0;1;12;2357878;629
d13410a160bccdf1.dll;29696;d9fb82a2358bf4853546d4f7956fa8f5f1ced1fb845aa5004cf241564b084b5f;30208;8c5d4998fc5d09a28dba8b6c2cb5d80ce14b4f305f66c5dd84ab9a5d7d715e65;5;0xC000;29696;84;512;1;0;1;12;2358507;629
d13410a160bccdf5.dll;29184;d1364486a880433488fd0ceeaf8f6efe730877edfeb58473cf2201dc054d6106;29696;d2fb7302d5af19783174ce932cdb1c54ea60cb710a1d2442084f36ac8fd1e220;5;0xC000;29184;32;512;1;0;1;12;2359136;629
d13410a160bccdf6.dll;29184;fa8afe6f9cd45502f2323fd9355efd014d7a7d1b7a10ffada3585cba9195c7b4;29696;c8df324eb8cc1ec1d592f81a79d7f0b516630bee2da7b00001a90bff3093ae77;5;0xC000;29184;32;512;1;0;1;12;2359765;629
d13410a160bccdf7.dll;29696;36d85ec9ffa222ebf1a7afb63e061c6aa1c0dc3b6a742393a4bd0fe80887ea81;30208;f0393cd8c6640d3caeacb1f986ba51cb0ce772bfcfc79fb506d6be2f2a6e25e5;5;0xC000;29696;37;512;1;0;1;12;2360394;629
d13f7faa2f65db35.dll;31232;fd05f03ca4d2359840f8068fec36475808afe141d6dc6a822539b4fa7bb31a22;31744;866bf069a09839be9b0148d7952a5e69bd9a3bc13d34082da959416e63073fe3;5;0xC000;31232;48;512;2;0;2;13;2361023;639
d1454b1dc379cdc9.dll;32256;8947cdeeb71f5add585cc7a759422a63c9c27a2858fc1ce83f5a4eedd61d1036;32768;9e70095e2cfdaa5c77763304e4e455fbd6700e88511c40944578a4182425e056;5;0xC000;32256;35;512;1;0;1;12;2361662;629
d14b1a2a02bb28d4.dll;34816;4ad2e1c47995993934d174cb7c22bb110f5d3974eb3ae3ecb7e5580d061a87aa;35328;803441e81fb81b1ae76f6abf1cb91cca753fbde88e36a96669c6b39626992c3e;5;0xD000;34816;170;512;2;0;2;13;2362291;639
d1548c02853c9fd0.dll;34304;e3a5041b61b4bc0f577e14c91fcfbdf1ef6ad578d86a2a0d7a3a30a862d7ef2a;34816;597a722b5d1318fcc8c44f164eff5d9b2c5cf59c3f25f5757220759ad9dfbf6f;5;0xD000;34304;71;512;2;0;2;13;2362930;639
d1779ca08ff6da68.dll;33280;404a24108ba733180e115c433d1de2e697056de9c72f0ad107b0a6abe128dcf9;33792;8c1f41f22af0c13463d6b9600c3025207ab555d3c43d92c2d4832bdd630f962e;5;0xC000;33280;86;512;2;0;2;13;2363569;639
d17c2e111e69e18c.dll;82944;8c900039fd40501074da9d75857c61025417ef28d2801899399696419fbcf812;83456;0c705c6fcce2b608127bd7347faa41efa87f5069dc557b069b226a0ac8f62556;5;0x18000;82944;162;512;2;0;2;13;2364208;642
d18e91d85c75f2b1.dll;32256;9a0e1921bdfdb2b272c1432be14ccf6945d4976ce29233c4a5202ab9405974b9;32768;451af478bb0ddb3738075057690169e3955de10557b628c600be4de56cf636ae;5;0xC000;32256;20;512;1;0;1;12;2364850;629
d196ed525e4832a7.dll;41472;d16af2016ea74df7e3b5b8dd4467ef299aa92b7e6dbfb0ca33f67aa13554bc20;42496;f2606e1a7812fbdc2c501e8ea03f979107ef4f280f3097bde858a9e748b47473;5;0xE000;41472;606;1024;8;0;8;19;2365479;1212
d1a211f4f26482b0.dll;30208;13d97b1c79382f3a7948b9de30c74bbbbc6cadd05dfec2663cb641490eea560a;30720;a6638fd0f7acb7d67e7de7aae8c7f547255ef0f337385282844b8003ba59d3a2;5;0xC000;30208;89;512;1;0;1;12;2366691;629
d1d6c1e049dd79f9.dll;59392;502e1c62c22276ce115e8b79faad00ee9a6bb9fb7a16227d5b7abb3f0c4e8b13;59904;9949752f08fcf4e619747ce81f8700e8aeea814e5a8aa0fef2170d86a8cb7eaa;5;0x12000;59392;147;512;4;0;4;15;2367320;660
d21517b7a59c5130.dll;30208;fccc652b281b3572f54f1f2cad9498a661a33ccb6573c41399f0a212bafc05b6;30720;e6f2576e9348181b62890269bc6e8f942cd2cf4b24611347debabeced6986bac;5;0xC000;30208;67;512;1;0;1;12;2367980;629
d24ad9b5018dc0f8.dll;31232;8a8d07a7440b210a6511f68d3bbaf7bab711595f4ba2380982d4ea894de61d3a;31744;bd2e86c71e5935578280f990cac7ea7b184435bcf91747b155cb852f7012a700;5;0xC000;31232;98;512;1;0;1;12;2368609;629
d24ad9b5018dc0f9.dll;31232;a57f8493b0dcabc04129187d6dcd7669cb5c6dc4dde4b8940609636bb955da0f;31744;2ae53fe41d2d92fd932ef06d9f21acb89f323791b3dfb9d74b065ae808e7e6b1;5;0xC000;31232;161;512;2;0;2;13;2369238;639
d24e6221687eb6f7.dll;30720;7ca9aaba50cc15d2672562c4782da0452ca70efe187f1e161fa46e12a167ec61;31232;d866d90f6f551e36bd9ea4652308b5a1278c539948cafd04a9fe2875d9400b73;5;0xC000;30720;148;512;2;0;2;13;2369877;639
d2667d42e1444ee9.dll;36864;d3e0f4f473b916207acae9524033093b1506aa5e7e153ed3d490778bef9c9482;37888;704544c79301fa1de406b47787e7af38f3f37f92798bed32bdadb1e9b233bb27;5;0xD000;36864;637;1024;11;0;11;22;2370516;1242
d27c8504f0a5d732.dll;29696;5d98853ecec301c55fef538e42184bcf20002bf6fbfe297222330906c1fe6d89;30208;07ba9f8eb09a16800d8632e388295780f3aa87ca760c50f00ccd20df313537d0;5;0xC000;29696;35;512;1;0;1;12;2371758;629
d27d7fbf4c617f16.dll;34304;b87ddbb62fdbdf13ca9a39aee05ab919f4399f4e6edee5e1550444decefc4a98;34816;875e70932722a8a8c9fd42e9208628cb6aa8dc69afba629630f9b9810194ffd4;5;0xD000;34304;113;512;2;0;2;13;2372387;639
d2e80631e1796beb.dll;30208;ee68a6e73dd8b847310eaacf0f6a66f807e965794d27a4dc6fae4a905607eeb8;30720;8458557890a8fde72be844d554677d09a68d8aa40671f6502b18f55d0f23e5d0;5;0xC000;30208;108;512;1;0;1;12;2373026;629
d2ec0417d27e4090.dll;28672;5eb1ff421beb5b9259b4902fbb7d9dc5ace45379c5574d9a421d56629e955ed7;29184;48230692d9ed73cc54b1c2c216271920e8995699d67c3367044e4b201f11844b;5;0xC000;28672;54;512;1;0;1;12;2373655;629
d2ec0417d27e4093.dll;28672;64ca36052f7ef57bde102dac85418f9ff4178ba6f23359d9a28bb8630d1b37a9;29184;fd883eb529a9ce92810ad946081ebfa6c1c9b615de6208879d8b240f1e8ac078;5;0xC000;28672;27;512;1;0;1;12;2374284;629
d2f5b4072ae62672.dll;39424;5e783f41d0fc76086562585fdc56411ef6008938759293ff0b994b7149720907;40448;376f85f867d8955ac1939076c05fe348ae263ec6761fd50a0f0bb148e64c0bf7;5;0xE000;39424;614;1024;6;0;6;17;2374913;1192
d3145b21db9c50a1.dll;29696;8e2209da3ef8d15d1dbc9405c572f330298e850036fe01a41d09c3c4e3706f71;30208;d9707c3dde633fa88c6830bb12acad449d6960dd7281c968a14d911906c1bc22;5;0xC000;29696;17;512;1;0;1;12;2376105;629
d3145b21db9c50a2.dll;29696;43e08a783f46c911016d5811b4530a7a45730ce3caffee4f89d6ff56b9a39d10;30208;ea2c42b2ac68d37ab29cf1c2bf3f4766a1a7ced9eb5b7d2b154f3cbd80535108;5;0xC000;29696;45;512;1;0;1;12;2376734;629
d3145b21db9c50a3.dll;29696;4f6133fcdda87de2736996bf37c4d718d0fe77e5c1cde1f6b05142d90abf600f;30208;53486708a0fdbf137825a9e8a9f833259a4641b0a7f69686087c6ba760343c08;5;0xC000;29696;29;512;1;0;1;12;2377363;629
d3432b3bd9f7b06d.dll;39424;6e62741a1c034f53071deb811a289f5f73a0858384c3e25837467630b3245307;39936;690634469bf72954b372536cc8f710198ef2b26baeb1f54f947666237857ddac;5;0xE000;39424;167;512;4;0;4;15;2377992;659
d3454c1271e48369.dll;32768;9d6888ced2c83801fc1b7d00dd1d26f0f945ac680534a9db8983e794c5f67c17;33280;20e429b5959114d85627137c8954face04592b384224c671d6a936229b1c9515;5;0xC000;32768;29;512;1;0;1;12;2378651;629
d3454c1271e4836a.dll;32768;196d174345238723104a97593978adbc2a12c9399a34ce827ce176b0e3e10576;33280;35c8b5a705669c46eb068d3ad5a9fb527104603749c2df6d44d11b70e920fef5;5;0xC000;32768;19;512;1;0;1;12;2379280;629
d350ec54de9ff424.dll;30208;ea3854caec0084c8b0ee9296c40929c69835b4bc24cd03835c41c79fa120c2f6;30720;e314bb3208893bf504ad37cff27c30c5d0fd1fd0c363d943938224631b2f1f33;5;0xC000;30208;52;512;1;0;1;12;2379909;629
d3580ad229356b4e.dll;30208;cfb74fc13e0078e553f613cb76384bc303b87a465a48c0fd872163f1af5b2d25;30720;a17148fc0280b6fc313e57bb7be7a9a4d77136498691cf28f2defa67c41d296e;5;0xC000;30208;78;512;1;0;1;12;2380538;629
d35a0ad229356b4e.dll;30208;bd31bab806b2f6f3793a498542dbf9989a310f51003e6c0041e5c1a81c6cb1f6;30720;1b9a5a715de0a9fadd676d391c03546806246e224cb56dbba81f7c81a658f123;5;0xC000;30208;73;512;1;0;1;12;2381167;629
d35b0ad229356b4e.dll;30208;6abd05d2749445e2c1430e0f2644267d78fb1b29d3f4e75e929174811a72cf99;30720;6d1318f148ee438087f4ec9622cf5643d09651b6e2f2a080e7b535889baf64d2;5;0xC000;30208;65;512;1;0;1;12;2381796;629
d36f44dabe620e6b.dll;35328;b0927fd01cfca4c2400820935408a7793c29bd1bbc8a989c3ba08e900b294749;35840;62d88242a4fe1de42433c56e5267d8b885163392dcc4447d3069bbf026687844;5;0xD000;35328;116;512;2;0;2;13;2382425;639
d3a2181f4501888f.dll;28672;1b4883649c68cae8d8a7d84b66c9b15703f4202cd8e8089017b8bb45766a4cb3;29184;afbf1efa70cfffd6fccbf59f572608c75844c865d8f109088a321ed1660b86fe;5;0xC000;28672;49;512;1;0;1;12;2383064;629
d3af097b2a828ef6.dll;30720;b4bc09bf78d6496520f5baafa4209be2246dfff3cecdcabf29bd599c95583a6f;31232;31c6111a8c9b7753c85c77342c7df7dd7cb276bcedd6954df30c2ad2e59d63a6;5;0xC000;30720;144;512;2;0;2;13;2383693;639
d3b70636d544db89.dll;30208;2a26f9fe3d056ef98b1b1b9a4f945864cc5aeffd60b063c40ba59d9c27b52693;30720;8259186c2f15147823b6110d0ceaa27e23d63b53bbe0f87772ee79c279fcc28d;5;0xC000;30208;120;512;1;0;1;12;2384332;629
d3cd5ea094813ee9.dll;31744;02956b2ce58e5f6be6697ab010363ea020fc2377180ed5261ea9107c4cbee396;32256;19b76dde1c847e4d2cd9752d6f3ed2ce657dbe21725b04aba12a6b67a3c86354;5;0xC000;31744;90;512;2;0;2;13;2384961;639
d3cd5ea094813eea.dll;31744;085140dc8ac9a4f46e7043e20fb333762347e137b988dac38ca680891d56fbba;32256;53ee9f40ed6fd63e3e4bf0e7cf67e0bf078c15d3603d5517921a2f19ca3033f2;5;0xC000;31744;99;512;1;0;1;12;2385600;629
d3cd5ea094813eeb.dll;31744;f71cad7c127f54d10dbee89a60fb5f9acc6107cd60b72232cf74152af9b7a642;32256;7c8b15bc1d9963dc4840a80a69f9dff62c0a5bec3afaf611ce7c278304d78327;5;0xC000;31744;86;512;1;0;1;12;2386229;629
d3cecf50b6bbcd27.dll;30720;cea258dc24403bfeac63de0abe31f29c8efdc3ed96deaf58654abdfe6e261b4f;31232;6be938ad21fc8a5535b2b9aed29852a25b911bae2ecb4ef929915081218370ab;5;0xC000;30720;133;512;2;0;2;13;2386858;639
d3f7fd8583a17356.dll;30720;14c48a0506b0d78e52edd82090f0b378858b54a7873ba0a47279c30702c7f456;31232;a3cdf33741a1d5f29feab9330e1d90243d3f456a09dd079bd6a2cfcf31859ff9;5;0xC000;30720;60;512;1;0;1;12;2387497;629
d405fbfa1c4b9485.dll;30720;d697033f3d21e15ed882f34c0ad78905bc1102cebc60eebcf404cd973c77e863;31232;00b7d4b1fd679697d736f023349a3fe0305c733426ffcbc51a45d8549ef650a6;5;0xC000;30720;137;512;2;0;2;13;2388126;639
d414551f718c9a72.dll;30720;66841c23e47792d886f04454c74eda18c29af1881b2c8c6f6c3ae2f76583b746;31232;d63e8ee8713395b6484a619acd59e6fade99894704309c73000335603305540f;5;0xC000;30720;190;512;2;0;2;13;2388765;639
d415272c58a390f9.dll;30208;ca9c03e9c595f045d340915cfe4feb2086c7c8d5a04a6fb9c147d3a3fe98beff;30720;07dbc23a8e115bafb6d72cb91735a267d6c7c05444d5071973ba67031bba8ef0;5;0xC000;30208;51;512;1;0;1;12;2389404;629
d41578f2e46f6b6e.dll;30720;0261d4b0fc59080aa07239279330b7a0394fc63d6d0fb67110378f07e0d702e3;31232;05733a32eb77e6fef995cf943c0511cb3bb6610f806fa308e146f27863fc7126;5;0xC000;30720;84;512;2;0;2;13;2390033;639
d41bd9a872284a65.dll;30208;5ecfba196a2a68426a8822176a2a3ec18a744a5ff39aaa36490e5d353a29f139;30720;e7fd30516ce3b9bbebd9364084ae9bfaa57269da9fbe1a5c1a049daa263dc4f7;5;0xC000;30208;138;512;2;0;2;13;2390672;639
d41e30235ebf92fe.dll;33280;7de369b7a325fc2147bfd18ec53e33e1332a27cc295657957e918ecfae9ca6a5;33792;90bae7848126fe2be4463077aaa4fb64eba4e4de3ceee1fffd1d7c6d6bd9e4d6;5;0xC000;33280;43;512;1;0;1;12;2391311;629
d432281426005bb8.dll;29696;9100bd6573b225b715a2dcf5b9f7c46f3fdd958a4acab0b7021136a4615fda3e;30208;d26c4cd0b3cd498455e460b9941d059bb9972623f308f3f26cac6b5a658abbb2;5;0xC000;29696;126;512;1;0;1;12;2391940;629
d4343094019ae887.dll;30720;458e0fea6654163038ad9b9cd3b6675ef5a4fbaa7d42edd94798bdf2df6fd2c0;31232;0e14fb5ce5a3058e09cd5635520f0c0d984c4e6d1df54f1edb096b04f34991e7;5;0xC000;30720;154;512;3;0;3;14;2392569;649
d44a35af6440ddcf.dll;30208;fc51fa85636cedc4894dfe5dbd846a78978c05fbe5df9675a23712e7597156ee;30720;cad155fa3795ca8a4bac7bc46b6b1862b5077dda7d3f6ff6c2e2f6daae441b71;5;0xC000;30208;158;512;2;0;2;13;2393218;639
d454bc85668bded8.dll;32768;d9d393f8efe32958e7253ff405693b9df6a63e44b3db17beacd329a0e57aea1c;33280;bd09a8bd8707e1094d53f152883415a4be186927e5cfe1cce7b6ca0273314ddf;5;0xC000;32768;105;512;5;0;5;16;2393857;669
d458b6600e83acc0.dll;30208;69795a061c09b98575d06d539e4fce60943ffbda3b0a85ad3483eebb2a64e31c;30720;9d15c911671fd3d5a655fd32d46fe227ef29d0cefe50356dfa5fe453449b353c;5;0xC000;30208;215;512;3;0;3;14;2394526;649
d48d3e9c71fcb276.dll;30208;6eab69c1ff211fcc21ee9be1c6f1aed4b05c8df8bfe6a76910cf276fd5b58879;30720;b329967b9e8bed7c2a89e5d25cbd10cd8e8b9e2c7ee27aafaa8395c22564994c;5;0xC000;30208;80;512;1;0;1;12;2395175;629
d4a6e6cf1ccb0af6.dll;34816;de12d1c5c75d110aa1d5bfe8a80a1bf5bd4009ca82c01c8e15d7b28a66f92c15;35328;d219dcabd582204c4616885b703b994daccd08fd4303b8968b59b0a703acc0f3;5;0xD000;34816;171;512;2;0;2;13;2395804;639
d4c6baa935e2a6ec.dll;30208;a1e291ef8a29417e74a2a41606c57c44c74de2e6528cde3b9de79abfe44f1be8;30720;4683a37e68e514f8295dd7cbf38c77f80d04bb8514b3711335abe5bc2c1d07c1;5;0xC000;30208;69;512;1;0;1;12;2396443;629
d4d085bfdfa6a816.dll;31744;921c9d155618655a4ad8a790a017ab0358b160389b6018746eec72e8262bc0d3;32256;a86cc1f5400f1a13dd8af976f017a8e753ed218f025adfb017ee4508fe4ef4f4;5;0xC000;31744;57;512;4;1;4;15;2397072;659
d4f0c4afc94669a2.dll;31744;6bd434a3bba4503d1f91616bd0fed7b99f0b39ce6dfdc5899724ce395dbcf433;32256;f0e514d491f1219eae92c799f942f5de9eb420956237fd02a8b1ed4aaa28f5da;5;0xC000;31744;81;512;3;1;3;14;2397731;649
d4f0d456f7a6be7a.dll;34304;d3990262a96b94e03c6e019978cf81e207bc704c21e970dd141144d90bbd5d87;34816;511bd574b5eec0ced5a12c8b73c94e7f2fb0cef20cfd3f76979dafed1eae3730;5;0xD000;34304;33;512;2;0;2;13;2398380;639
d4f2128e8931f009.dll;31744;073d18a642d5c91e99d689c128dc0652b7a608325307c81344d7f55ca9c22bbc;32256;64f054b49c6a2eaf73d6371e6e4d13f61bb1110c4b4ca94e4e86b628a0e4c969;5;0xC000;31744;207;512;2;0;2;13;2399019;639
d4fcc83b03c6ccaa.dll;41472;474edebb67ea69d559db507001e16bcc0e4fcb523bd46a06d30bd29dea5cf14b;41984;7dd4b8e14a3e534736787c94557077664f3514bbac26f6baa4a24808af589c1c;5;0xE000;41472;332;512;9;0;9;20;2399658;710
d5264810c0cb7b12.dll;31744;3930be1ac1ca05ea22058eb7dba63eafd8ee728090769c1ed64cb4ae6b2655be;32256;414b4a4619d3c88b48089456d651a45a94b15ea171c1ad6ff1d9a7e2e6e505d7;5;0xC000;31744;453;512;5;0;5;16;2400368;670
d52aa98a8860337a.dll;32768;17816de83276dcbd852862c90f18893748b1ade35d473fe72a118d4d2945ccb3;33280;341441a217608af7c3e3e66db0eca7d69f80dfacfaac32ebdc654bdb61289a0d;5;0xC000;32768;239;512;5;0;5;16;2401038;669
d52c3ff8abc41d0b.dll;225280;2c7c668196104956fe831f14189efe2f84d92a2fa22c86285c250e7121927f0c;225792;9f25e350c97ddf22b35040962e38ce262cb440fc98b7393142bae75529c9c6a8;5;0x3A000;225280;131;512;4;0;4;15;2401707;663
d53922e9d9fbd688.dll;30208;9c3945d246886c6c3a52bbfaca854f2e1948937a71f70710f80ac8e5e21bc2cc;30720;ca549b8ac70dbe06b75790c7649cdb78c5e0024726c55f15f79291c230e1c615;5;0xC000;30208;79;512;2;0;2;13;2402370;639
d572bb52c09b3576.dll;30720;cb34fe9c427254ffef763f38c88d3598638e4f6bf84788b8d778f3dd9a3e22f0;31232;186f3b6c267d7ffac1cc3eb43a5d44afeaccb008c629b5b92000812ab91ae316;5;0xC000;30720;196;512;2;0;2;13;2403009;639
d59cb3b3590b82b6.dll;30208;479d0c711b3e845833389bc3d225f133da6e3b48e2bd37bb5467f35c3ffa6d53;30720;e6b6602458a7aa967654e16854d01ad2daf4684b2aff9930e1ba4680a21b88fe;5;0xC000;30208;66;512;1;0;1;12;2403648;629
d5af798b494849f9.dll;30208;b0459b1979a7dd3be5b37ef7ffb748b018471a86b7446b3a74c5e866a5cb07c6;30720;16f3eb34a7f7296b4f90d70976ae7d744a69c2d00fdce5bdac648d05bdf20a6e;5;0xC000;30208;108;512;2;0;2;13;2404277;639
d5c7d9b01e7deae3.dll;35328;130cd9280d3c99d942d70bd238493ef375eb370a12508ea6526e545cd9bdeffd;35840;a308823f54c842a6b174b1abf855d4e581fb9952f3f17f13038b3b61ccf9e23d;5;0xD000;35328;186;512;3;0;3;14;2404916;649
d5c97261d8a82b6b.dll;28672;54fd3a949d02d3b52ff8baaa3de1a0b86dfe60b5d0f42908edf825f8afcbf12b;29184;4445c9b7994acf6abec72fc11ef1cbc7fecedfec4ee6180ae625b240d1d4a581;5;0xC000;28672;66;512;1;0;1;12;2405565;629
d5d3c9a40f67f5f2.dll;36864;6574ae72ba7aa10568f617320bceb9c9deaf802f9ddda2e2c81af072f34a7c21;37376;4ef36a3e36ea4d0d62e3103ad1e456046ad0ce3ce5806dfd09c07c4373d6d24b;5;0xD000;36864;201;512;5;0;5;16;2406194;669
d6398c346be83413.dll;31744;b27c14f0b2e9619a35adc10ca3ff52ccaa6e50ebf85afb2760451e7e5bbb0a30;32256;1a7aa12b7341d6ac5baafc65506df89a1b547b7cb908f3a12bfe09a390162ab4;5;0xC000;31744;108;512;1;0;1;12;2406863;629
d6408508ea3cc0b8.dll;31744;c5fc82acaa4e0da1f5533c4ac7a8d1599094113c2874d2cb79251106b4f67af2;32256;dcfa3552e51d764ab1f4735cd1a511b11c61f0f43efd0828fa54ee3bf70213bd;5;0xC000;31744;168;512;4;0;4;15;2407492;659
d64bb2a1858d5061.dll;30720;084594a1073da165041c4668f6f2a07104b8d8aac40ed30314017690d0daff3c;31232;641a23693afef7dc943efd6509796560f813b6dc0a6ed9a12ff80538e97af0b5;5;0xC000;30720;137;512;2;0;2;13;2408151;639
d660bcd9ecc22e2c.dll;38400;c021fb7509e29774b1970a0e11a42606409eea6d6339f07da3a8ba0b03a06352;38912;f3eb9b7a35eb64c864a9f51da3cf3bbf1df3bb0a123f0f289488b1eb09132c3d;5;0xD000;38400;103;512;2;0;2;13;2408790;639
d668ad7827909fd3.dll;32256;2d877eb66a79a85e465466f032c4cc8e4bbfbbd93f870301cb1cdd9dc5826b77;32768;cae96bbdcde97d531f975c71644228c4396da97c2aac6e754c5aa2838d55b668;5;0xC000;32256;51;512;1;0;1;12;2409429;629
d6f8eaf2295a5a10.dll;30720;c88816430b2d2972cc37581db852cd524c69164437fabd74354670d092f93146;31232;df83d8f462237b12b636dc32ff5bcc17663862d45f7ac8569a97a01a47c14936;5;0xC000;30720;48;512;1;0;1;12;2410058;629
d73e7aa1e5ce22f2.dll;30208;1f31e2b494422a6c8c11b845af0a1c69da6fe1b4cedf67525b08eb76e4116b0f;30720;3de673d69d95c21131efd860c73c59fca36e7be6ffb550b4b4c72fe7298391de;5;0xC000;30208;34;512;1;0;1;12;2410687;629
d77463865d6e3cdd.dll;28672;29aabce606d1bf0e0fed45e9715b2e99922fbe1dc99a5aaa096501816ac8199a;29184;fe20e5f84fab0fdff3316ef737145b145bb3ae527ad76ee326713f3f4720f78e;5;0xC000;28672;48;512;1;0;1;12;2411316;629
d77c8b96647812f9.dll;31232;a389b1df45946fdd8723d9283334282ab500bb39073c8d05da1d70a5b4400bf9;31744;6fd40ebcfdaba6f99199d5ee3f8a5f9a971a3fef8bcb597ac3a69a4b50623f10;5;0xC000;31232;236;512;3;0;3;14;2411945;649
d77c8b96647812fb.dll;30720;7b46785c8c5467f283e5090abfaaa0b9a8c5998f0f24cf5d3bef04135e9cc145;31232;2bb072e1e3a6477319d05c3128314b795648f13ee31c5fe0faa0c23c910d42b1;5;0xC000;30720;184;512;2;0;2;13;2412594;639
d78d5598f54ce44e.dll;30208;f379ceea7302dbec81e98f0891dab349f9ef98c77497525d9151f1b7d4e3cd70;30720;4562142976d9a03e9563263451801318ce27958f57d5f1d7b1f2920e629d536e;5;0xC000;30208;66;512;1;0;1;12;2413233;629
d7963ba37102ad3f.dll;31232;bd737088c320df548a8972e74fc9adea084540b676495f8e007d9ed19e4e96e3;31744;553e2a0cb5ab959c83a9dace1a3661097cb8bb9c198044e1d9fe53ad37b39845;5;0xC000;31232;87;512;3;0;3;14;2413862;649
d7d2acdee460bbfa.dll;30208;d23a03dd45d523b600af99fe4c15cf66672b0262b39fb3430cade9732fae08c7;30720;87a61a7a027a2a2f728790f68ce2da0d6e1295c8a044a4bdfd8afcef6d805088;5;0xC000;30208;28;512;1;0;1;12;2414511;629
d7d2acdee460bbfb.dll;30208;11d6cef8b1e14ba2c39c3ee0f0191048e95bc406d056db02cd93155be824e029;30720;d59d74fdb69f25465f59ce8733115609871512fb7f7de9168333f87df3aaf2ab;5;0xC000;30208;45;512;2;0;2;13;2415140;639
d7d2acdee460bbfc.dll;30208;5a0c60ffa2ee989a9bc628623d390329d19ede3427e20788b1bd7a6db1ad6ec3;30720;be4f0564ba79d536f87934cbc40ae45dbc38475b2ed5767ae98bdc002f3638a7;5;0xC000;30208;29;512;1;0;1;12;2415779;629
d7d2acdee460bbfd.dll;30208;9b6520aa6fcca5979480dff8bd8d052f807d99122bb01bb3066a985308499c7d;30720;d1bc080b0896297d3440dba15ae23dafa8d4b3d3c20d3c5dd4f9d2cd071a6ec3;5;0xC000;30208;32;512;1;0;1;12;2416408;629
d7d2acdee460bbff.dll;30208;8b8550e634326bc422e97256b01f7964720d605dfd383842ea07382259b2e86d;30720;786ce4ad90c55fcca4f153b4289816f8272c056d8185ebcb9cf2d22df0abe13e;5;0xC000;30208;20;512;1;0;1;12;2417037;629
d7d2b1c35e04b604.dll;35328;a6991e192e921ec9ac0ec143fa99374008cc92a6428b85aad6f906ece208ebed;35840;4019e6c38856066954347b1767f590983485913c70b317723d09d14620f39e96;5;0xD000;35328;90;512;3;0;3;14;2417666;649
d7da188a43e8f0fd.dll;28672;2cc8aa545f2c9ac93ab524ad23777a0974b17af72ec0eda0425513b12c39b846;29184;7c7ec824984efbcda0ad458b4280ead7bf2cd4a0be33d884887b283ec97b1326;5;0xC000;28672;43;512;1;0;1;12;2418315;629
d7de843c461d80e4.dll;29696;66dc1222b404b302be0ad6191f094416f0e1cae9a65a9f2bc79b76f8b8cb611f;30208;7c38e67b68f9975322f297293f64f9734ba189fc8c094f3168705866b2a1fd03;5;0xC000;29696;191;512;2;0;2;13;2418944;639
d7eb5bd6b094d960.dll;31232;1e962f287f86a58d5ef2ac9ac15def73487da9672921537edc3e68ea5497ac36;31744;79a533c2f0ff0315c42507055f215647c8f0a952d0c60d3b6b27f5bcf69358bb;5;0xC000;31232;23;512;1;0;1;12;2419583;629
d7ec4bc4a588db73.dll;36352;62f232b8b936749f12d4b8b9073ddaaecb0e44b3497aaf01c9f3b13ab47accbb;36864;9659ab529e0183d14264c7481cda05c223de6382aa2ad6e2f54736f2b881cc32;5;0xD000;36352;228;512;3;0;3;14;2420212;649
d7eda25a99711eeb.dll;31744;a1b23dea78ead1cb7782f51016d6ea9ec3dd3ed18ea2138af8140091a61e11f1;32256;3778b5ab58e3dbf77e9ab7d1c323c7ee2d1580fc2b8e64c474f59dae3a832025;5;0xC000;31744;170;512;3;0;3;14;2420861;649
d81ea18cb4510a4d.dll;32256;221285ac2b28a053fffdd7a290fc4a9ba9557180ca48babc6b55e3cb8d7b88f1;32768;fd9c1dd1c6323a0eb6575a9eff8b18f819fd58d4804fe7cc068de779aae54d90;5;0xC000;32256;74;512;1;0;1;12;2421510;629
d8265822f8f1a35c.dll;32256;915533af9e38b4e0dc2186cf5fa0f54a63ef8472969a2c208bab36825bc5b69f;32768;b7ef85c5e4b75b53a20c09187ed88190bf983cc333c7f5ce8684b78ec9bd93ac;5;0xC000;32256;426;512;4;0;4;15;2422139;660
d83e0536bffa2baf.dll;35840;d5c3864d4e92e6748336a6bac50943eb4125da4d6d6e53c70b9517e615eb3166;36352;ccca3e67f8d56c7b2ed2c8d2ea37392f05a869eb3ddb5b3299e6a32d195d9cf2;5;0xD000;35840;243;512;2;0;2;13;2422799;639
d846fc48f86f5fed.dll;30208;8d49f92a2fb0486a7492d04f331b98f4623acbc11a4e0e8a57d3a79dbc53698c;30720;4b0242953d1d532febf05cddc2b70956c5c26490a47924f5bc4ed5eeb2b9fb93;5;0xC000;30208;80;512;1;0;1;12;2423438;629
d84f3a0052e7c603.dll;32256;0508767ee623c22b2879ccb98e4c9885c194f9e190f1dca6ebd870ed6d745abe;32768;415108acfee790f0584d6ae5202bed4d33772536a5e292f3a638b9756a9af98e;5;0xC000;32256;277;512;3;0;3;14;2424067;650
d856466478f9a008.dll;37376;07f64094d68b754bfa353371178763c5fa28fdadd053bc408e77a80275158514;37888;e678c5049ccf73ccb306380cf4e21d4217b8614f42cc1d4bf70a7b3aaae2ebf7;5;0xD000;37376;51;512;1;0;1;12;2424717;629
d8566cc44683f281.dll;31744;d4135c04a0e9d4cabebe7e17bee52cffbc3e3b7d4b99816daffbaf4381567587;32256;d2d2303c8ae3778bd03ff937292f388727d3f58d9c6bd34ce714c4044e071150;5;0xC000;31744;389;512;4;0;4;15;2425346;660
d8583fe410c92355.dll;38912;ad8c5da3291f4555e69213cb88f8832c2eaff86648e7a5191dc1e4a33f3b8788;39424;309ff0d347758f0d0bde309b9d793a66f5fb8237bfaf7f449082bea86aceea8a;5;0xE000;38912;288;512;5;0;5;16;2426006;670
d8687fc7900a0df4.dll;72704;d55615cdfa4c728dc738f2cea0676ad6c9b066fd8369cdb842a5029c80d6a31d;73216;b0e922f9ba4c84ed526ac5255b7ea859f7f8c6c7487934fb465450ce7d3b9145;5;0x16000;72704;458;512;15;0;15;26;2426676;779
d86fe143b979238f.dll;31232;905f0b75792f4515da0fdb42da531f3750d76fc78712bdba75a9f084d9b1e229;31744;3fd36eb74670ed0f08f6413981387a8707dab00ac005e8dfb174ffb5902364d3;5;0xC000;31232;196;512;3;0;3;14;2427455;649
d870945c86af6ae3.dll;28672;9ff83765dd2a4b8bdba970cea78125e66431b127aa2960a47737456ada733ab9;29184;17b749ba0dfc4f9f8c4aecb80cc7cab1b3bf1caeea451d140576969e1e544b24;5;0xC000;28672;89;512;2;0;2;13;2428104;639
d872d25f476605a7.dll;31232;1c4c658d71cb6544dc0534d85cacdc810a99ba991e41cb356992e76dae996d47;31744;01475dfffef7819ab64e71730fd690a0e72afaa43c6bc6a84bc6652dda1a15a0;5;0xC000;31232;398;512;5;0;5;16;2428743;670
d87ad11b85dbdd17.dll;94720;adaebbff037476ade138bb4ad204dd530f4fc024ab8e84017f92632319d971c4;95232;38abf30dc2257167e1d355ee4b89190e681feeed8ee855407e909938a87b7c54;5;0x1B000;94720;111;512;5;0;5;16;2429413;670
d87ba61dde6564c5.dll;32256;7de53c1f8d4ef61ec2dc08a71b1de6a3bdee947a6c0732af1c676981faa3290f;32768;0fcfff055d2d0626d7ab0143063a90d95b1dbb0f0a73cd5ec46faeb7a9f47862;5;0xC000;32256;32;512;1;0;1;12;2430083;629
d88a16b741a01537.dll;28672;c132150dda4c59456f8eac6027eb5bb0cf02542e4835d17342e81828dff9d3aa;29184;7dc2b35257fe16e9975eabc3c678809a45ade2563af968d5aafc589cc772235f;5;0xC000;28672;36;512;1;0;1;12;2430712;629
d8a3cd2c2ee38f0c.dll;29696;db7b5a72560080280b444a39097cbe9f43369f4a48e21fdf07bf1cf94066147f;30208;64eba0e93e2fc637ea1533f6124a5421709c2df6ff13f55f9031e70d762122c9;5;0xC000;29696;23;512;1;0;1;12;2431341;629
d8a3cd2c2ee38f0d.dll;38400;afb0c539ecd0bd4f3ece10bf8bbba56b1b4cdc5e7518a8365f604c3e05f399d3;38912;f012d9efef72f473b28d27808f25103f150f7c391b97606a2d92fd972be14027;5;0xD000;38400;55;512;2;0;2;13;2431970;639
d8a3cd2c2ee38f0f.dll;29696;3cff08d1c2c6c8a0baac3d80a28b08f657c349862eaa6cdba4b89a81d3c457c8;30208;cecf4778e8cc6fa0673e076ba06040619c6a7da1ea68670209cbe808559504a0;5;0xC000;29696;52;512;1;0;1;12;2432609;629
d8b2d4f7df141fbc.dll;37376;be25a7bb44910f46983a3a1916b5b489ebe52c68ca3ac882b4407fdca14db25d;37888;8a16cdafb276b9902e30cba45ad109f81b9a3154c97ccde7f76dfcf5c42aad6b;5;0xD000;37376;226;512;4;0;4;15;2433238;659
d8c02a7cd91aa81f.dll;46592;32678f2fb032ee2828c312fbce2fd654d3172155845a4b0be5cd6d0588a47e88;47616;6aa0cf67c97e601773b878feab241b4f84cfe65a1f635eac022877644cd1cb06;5;0xF000;46592;650;1024;10;0;10;21;2433897;1233
d8ca7544ebfb0941.dll;114176;429b2cc7ba9c41cda07932cec1d27c14ecdee33c38781d17c0f43070b1a5ad5b;114688;78aaedc8bc2001b40ff92619f90aeea763a8281c96318809db33b3e5f275fa24;5;0x1F000;114176;97;512;4;0;4;15;2435130;666
d8d1096a0e87fd55.dll;229376;e2e53c53273572e96cd074974093dc695cb09f01d557fa23c8f3bd33cd12312f;229888;35e6b10bf440aa2f1bbd8d38047ff284357852afcf5f079238c6d1f26f0a7f2d;5;0x3C000;229376;20;512;1;0;1;12;2435796;631
d8d524fee163969a.dll;29184;f73ad91822743d3ee8490c82e02ad943da92ef922f28d2013787e5c706ff65cc;29696;5684a2c571505bb6846298d40b7e375912ad7826fa2ef8c2bf8b4e200d7ab23d;5;0xC000;29184;195;512;2;0;2;13;2436427;639
d8d70ade410c24f7.dll;31232;2fbcb2859af621e86893d5f02830912ead03aa755dc211fbc85e6346b019b876;31744;f085110d01980a61157399245e4232af3fa89d5499fd2bd5717f08d01a4778d1;5;0xC000;31232;62;512;3;0;3;14;2437066;649
d8ebe19ca872eec1.dll;30720;04189ce3cbcfad461774a0250d268e452f636132f62127919cc92c006e7760a5;31232;09a67c9f23232094e065635f40f41b67d6999d68a377f6d1362de36bb4243978;5;0xC000;30720;159;512;2;0;2;13;2437715;639
d8ebe19ca872eec2.dll;30208;d8e81812edbe7306129ea3967d86c66001d9f0a834785c22277a220bc0086f66;30720;e7b741edcd85f81ab2cfc5d11aacf95957d3d87431db3f0714f81b226650a9a0;5;0xC000;30208;139;512;2;0;2;13;2438354;639
d8ebe19ca872eec3.dll;30720;87afe71bdf6ac5b6e0b39649e5095bfac0d5a3771ba5a7633f313feb8cde1fda;31232;22dcc7692b6c1a05ef685f49dd4dc4fd1decc2edb927018b8a4af4441fa2538e;5;0xC000;30720;93;512;1;0;1;12;2438993;629
d8f4c4be95c62304.dll;37376;0605c8a701ee9c7765720f850ced51ff1386f96aab81915fef72b1a454faf6b0;37888;1ae396249dffae75aa00e074832ca92e39b6cb282c1f94044d030dca24655283;5;0xD000;37376;260;512;4;0;4;15;2439622;660
d8fa4ae373747810.dll;30208;d4d8b99efd45df1753d893d1cec551b766767424c1276f8ec3224bce55416e0b;30720;7aaaca84195713f555a54a8bf432195de7f739fb8a51d989909b39941423c26d;5;0xC000;30208;141;512;2;0;2;13;2440282;639
d8fb1f13854c7d5c.dll;33792;def4f7f1c88894672d01fd97d0475005b4391f8371ff345b5efb8fa7ea0d0332;34304;7e5da4ce8b89e110240c6b96bbd8668ea190aa03284d1526b3353e16e075b6d2;5;0xD000;33792;80;512;1;0;1;12;2440921;629
d8ff446f9c219a54.dll;29184;bbad609e8e4113162d7be0a8ccc88076eb5e7f9c4cdd1bb8a63331d9874b1f89;29696;980abc54f97b69b6f16e51e4eb8054244cfa4c48d4146d478d30f0f0fe7bff93;5;0xC000;29184;84;512;2;0;2;13;2441550;639
d9042d580fbefeb0.dll;31232;7d5c2cf8e6c06fe96bbb8f92d4e58ac7f1ef4d128261bc454949df430f0593f0;31744;26948cc3e87856966b61d703c2effe1af080c856de54f915af7bd7b5b9cc309b;5;0xC000;31232;69;512;1;0;1;12;2442189;629
d9092a4d15b0f5a5.dll;31232;145fa8856af4cd878f18ee90f70770612d57c5d5aa7493860af2756e45852930;31744;899aab4b2502534930d34d37817b4313bccf900b36acf26cfed943c4b73538ae;5;0xC000;31232;92;512;1;0;1;12;2442818;629
d90bbe07dc0295de.dll;35840;64a08491bdb7954eca042fb437eb397905fad24902eb8e414b6707f47bb6a3cf;36352;264dccbf00e0076177911ffece0d3cb957d2e849e9697d7a2f63b815e380ded3;5;0xD000;35840;25;512;1;0;1;12;2443447;629
d92091c1c279a4d6.dll;30208;f83894374398f1083ed10726a4729df11a1ade0f0e786c6149230968b1c69445;30720;4b8e92f19ca55e43be540347711c95cfc538061d782e7324452f6440f78d5495;5;0xC000;30208;94;512;2;0;2;13;2444076;639
d92a2e0cdf773d14.dll;43008;0632ea4cf5bec8c031264efb2afac6ad61ee1427692efed02cfd65f9ce162a92;43520;0c4874937d4fd037ab89cbfc3daf9377af4081b9ec7c11c12002b356d7eb2e48;5;0xE000;43008;494;512;8;0;8;19;2444715;700
d93a8b27c7056c98.dll;32256;46f55ec19ea4f5b29fab3848717b02a98fd2725e28c996e8ea894b7e3bf1ac95;32768;100c4587f791ca81a64b90f63513d67e71e6cdd18b17efe0f116ffebeebec9b9;5;0xC000;32256;116;512;2;0;2;13;2445415;639
d9408c56425cce1f.dll;33792;3055af79a94cc5a0f5b32ef0a630ed6363adfc65db23c607894949c73abdd793;34304;7a4a332b3eedb21574830d280204e09f312ad3baa96770e11b7b7c9f5e7e1021;5;0xD000;33792;350;512;5;0;5;16;2446054;670
d94ba995b1bc5485.dll;34304;c4428609ca67cd035fee47db693e42e7441c5e7467c55204bfc6c4ac95c474c8;34816;29c337140df3cb2f37f2d366a95c7c124554f4480a3bf59b7f8647be153413ea;5;0xD000;34304;84;512;2;0;2;13;2446724;639
d951bace11bd668d.dll;30208;8b0bee73f98ea19b82fb9f6f6f112ed1ce9b64f248d9335c29fd549c857b634b;30720;83b2716ca3e920da18cac3c2b4ae6912aaa6d7d00dce69d0a402410acd63cb24;5;0xC000;30208;176;512;2;0;2;13;2447363;639
d9698f33bab1b751.dll;30720;97cab6e18c33ef0895655532b76df238fd1d4c2d8b4a52c5fcc185f951c0464b;31232;12dce17428aad7ff0dbee4a5eeed882b5c1b0823a06f5e78b263a11a1f45aeb0;5;0xC000;30720;57;512;1;0;1;12;2448002;629
d9698f33bab1b752.dll;30720;98294240d535ffabcc4f4a635efb133aaf86ae27ac3c2a31c49d96edfdd53268;31232;d3baf523a50186bd88c0f5199aba3fe806a7f0db49dc3ad62efeb021ed102be1;5;0xC000;30720;95;512;1;0;1;12;2448631;629
d999e5a35fb32aee.dll;40960;3eb32380dce10a777241a2c87a31d9ee7c9a3e2643de95cac2832330f4e771c1;41472;3125955db2290b6aeb565b2f2f23c043a801244a9e434bf703258448e0f4c3e4;5;0xE000;40960;255;512;4;0;4;15;2449260;659
d9cb5a5af75070fe.dll;31232;2d09da2de586c678ff1073ac0880487ff7602b44095087a713210f3e92954e2a;31744;e9c63ddf4ceca3ec2f13d8f4ef29ff478be0db5fa6a8c09b17a5e893a3e0b1bb;5;0xC000;31232;72;512;1;0;1;12;2449919;629
d9cd7557f3c038d4.dll;30208;4156a4ef85f379e0279f13df346af04552d001fdc33071f46a71945df8a018c0;30720;efec7080bca444c600cdafa63399119190e0eaaf1367f65d4c44a896c83825f2;5;0xC000;30208;184;512;3;0;3;14;2450548;649
d9d2c42cb0193523.dll;31744;deceb83e2f0f96d813c5eab886d4d5a650cbdeefb76c753526c2352823e55761;32256;29e8e4c3e6a441dd90510bc7dacf7572ba11afe722f9b93ecd09f4d114f76154;5;0xC000;31744;204;512;2;0;2;13;2451197;639
d9e78b1bb3fc72f6.dll;30720;5ed7b8ad72f590551ae4997fc84cb303d24226ac4990b056a0655bae58e07a24;31232;c6a51cb59ae7bc57e58e58e0b2d1c536ef5b3da9a0b1ef17282a92bb482e7fe6;5;0xC000;30720;38;512;1;0;1;12;2451836;629
d9e7969420f1704e.dll;31744;0e9542abe5234f05e8e96f78554778025afa6601ca271f93ecc14de35d3cee89;32256;2c59a81477af3b9fdb5bfb8c9b52a94485e8ce5188f2d2b3e72f2475f6ef2238;5;0xC000;31744;162;512;1;0;1;12;2452465;629
d9f3cd222f6fc815.dll;37376;e4f6149ec37ec8e1118eb42dfbc5749a12632c51c4c91e647675e62385104584;37888;746ba8612045edce19521630329c042aad3d9f8c711c0bdb9ca209b0644358d9;5;0xD000;37376;241;512;5;0;5;16;2453094;669
da02e901d6f42184.dll;30208;575b0bc268ab6e9c3b5405118acae895fc568626561653c51c26bd81f07490de;30720;97736f39713791df8488ad7e06e0463847475fa3d15e1f30c6537f2d18755b16;5;0xC000;30208;59;512;1;0;1;12;2453763;629
da3661394287a40a.dll;29696;d25184374f2b5d08194ce051af482ab3de760ffeda58ed821fa87cb589979199;30208;614dba23569354f05394803d6add7471e97fde346eb573fad6caa4f73e628bd1;5;0xC000;29696;40;512;1;0;1;12;2454392;629
da6b05f69bb9e8fe.dll;32768;4ebf15e74543b0e8aa57ff4c2f3ad9b9bba6268ee9112f535430b6403b44c43f;33280;3ac91f6f47960329db0709c84ee20ffb31183b693655f9f4c51c1e878af36643;5;0xC000;32768;360;512;5;0;5;16;2455021;670
da724fae79907ead.dll;31232;70818ed86e12cbc4817c3e36338118a2ad75b9e79930f4eff05c260d038af747;31744;2d3bf7fd2622768cba64d7c96c9e44cf4796b94ffa56ab12142853c08e0a1f8a;5;0xC000;31232;33;512;1;0;1;12;2455691;629
da7a8f51cd037319.dll;30208;e310992146734f50674066ba9c7b493647fdc1f96a43287a70e647c8c6a65a45;30720;61cef8199503f04bd7f7e8cce701098e0a6a195b0f0d79fdd1baadf1c7c715d3;5;0xC000;30208;68;512;1;0;1;12;2456320;629
da7a8f51cd03731a.dll;30720;4ddb8522f66449d98707990c41130bb6cfcc9ad3bcf08d1c698877afc6accec9;31232;ee36d42956535331283ca29ecebf83a0597f5db998dc0e0aada819ce1c466a96;5;0xC000;30720;106;512;1;0;1;12;2456949;629
da7a8f51cd03731b.dll;30720;ff9a698463f9ad9b83b17eab830f62f567c5a2c3d3b603965efe0a7fa449115f;31232;2f0d14449c984851372c6909e3d966888b80639d5ebe0b8162bfd13516343a65;5;0xC000;30720;112;512;1;0;1;12;2457578;629
da7eafc0c5cdc0c3.dll;39424;a8cfdf8eca5e3a57a1af1545d8715f0a643d0434ed7fe346499c2c87b747accb;39936;baf754395bf792cc5ba9ba068f6c0970cf78b20b71f8fbeb8736b94955384297;5;0xE000;39424;261;512;7;0;7;18;2458207;690
da81088a896646f8.dll;34304;bcb41f74caee3df7aa155b53e20558c9a8e8ebcc21d0f21f58dfa772860b56c0;34816;725115ecefbaf6cf95509815e12a61630f97bb78a3f66097db352905c37fb788;5;0xD000;34304;367;512;7;0;7;18;2458897;690
da8eb155e6682e4c.dll;32768;43730d9d46a41e512ff537f1e9cd890f39b96bee3caf5dc505aa848d4962ec32;33792;01e0e6f88d15e584ab50e40efd983a2cdaf2ddf06183f0b0edbd98327348a424;5;0xC000;32768;592;1024;5;0;5;16;2459587;1182
dac6be0eeb905057.dll;43520;6b839b72201f3cc162ad28a6bd1ea1277fbb78d2e8e3ccb8a939bfe988ab5d95;44032;fd5b1af926bb323de2ebe79b7cb37ac74aefb56d8fdb2b91e685eb775dca19bf;5;0xE000;43520;510;512;6;0;6;17;2460769;680
dadfb3098c310f17.dll;32256;021ace55f0fe0f7a8ce8a7dcf4f1bef6e550eb7a3dd2d77be22db91d0ec95f39;32768;12ff9602daa2ef53d3c2b402d9655f58240bca4ba9966846e1fa18552905dcc5;5;0xC000;32256;40;512;1;0;1;12;2461449;629
dae275f02088a9fd.dll;32256;a7156d2c7dd7410222c1c2750177bdc96481e956d781c0cb3e28d14dce0699fd;32768;a04318ef87c9d47667dd9da9357766653267147838ca3c158431b5af55240b19;5;0xC000;32256;25;512;1;0;1;12;2462078;629
db1f98dcda53aa0e.dll;32256;e2e11e965c14e52c6f4036fa223816b64c14aafa60dffcbfdc66c2f836be84fc;32768;674bca0e8383855cb45845a536e912f17deb3308fbc1827f38d2a601774fe469;5;0xC000;32256;23;512;1;0;1;12;2462707;629
db349dc107c95646.dll;31232;21dc5bbef5a2fd3f5635ed81f576d9b59809ad9b6c120f2921938cb7fe18bb18;31744;41b47d66f27d3a14a1609e80f7628a31cc78111890054796afc703181979e6bf;5;0xC000;31232;237;512;2;0;2;13;2463336;639
db3da36c172f6bb4.dll;31232;9df44c87eb576ecb9fde6cabc9be33b939538c5d13d5ada63112ec70a04460bc;31744;de9b55eaba519565951fa46501092d7ab6b16dc62a0d1690ccc8371b3b029ab6;5;0xC000;31232;161;512;3;0;3;14;2463975;649
db44924a873cf2b8.dll;30720;2ccc98771b205532fc0d6fe9e9e7cf275a156bfb8aebb804f821fb2363d88da8;31232;81cbf5ec8865a338d47a2aac759544071d7004f034fb907dc607c13b25dae6b2;5;0xC000;30720;105;512;2;0;2;13;2464624;639
db48a4f42abb6782.dll;30720;33b9431dcac652b1184ccf9e3dda8ba8f622f3270ac2b9a05c227a1748aea0f1;31232;089e51db4bf59e67d76d57b59252df6a7416012dfcc3d3ff30f1304b51f325cc;5;0xC000;30720;229;512;3;0;3;14;2465263;649
db68c458df21e70c.dll;39424;d4fa04e401cf89f5b2a41779b7f9b4ddacac0b26e92443c943d7434ecec1f8e6;39936;fda568c41e945fee17d4dcc8666fbc9caedd9cac64fd67111211eed420a00eae;5;0xE000;39424;108;512;4;0;4;15;2465912;659
db83402f4778f92e.dll;30208;30b6c5d488767eddabf126a88a79fa26e74f4c3163d0329e90b17edf9e7f8b0a;30720;bd2a81c04350a6b3c9c627bea230d30538bf476ac698374177859d7e143228e1;5;0xC000;30208;106;512;1;0;1;12;2466571;629
db96a333d1ba6efb.dll;30208;70de276e062679acb3ccc8e1281423f1ba9d78866a82ee2ac9273be6607510a2;30720;c1d076833b8113fb09cf308e29ba20598745b40842ec129e81313556e812b07d;5;0xC000;30208;39;512;1;0;1;12;2467200;629
dbacdac1eaf37ae8.dll;30720;b7911bd09316f0d3967bf30d3c835b96ab6f7bda4e84091e45210f831eb79f52;31232;77f8a793b014f20029ee27833205ab0222cecf31ebec4701b01f16930cb6b597;5;0xC000;30720;141;512;3;0;3;14;2467829;649
dbb1a6453dbca1ed.dll;30720;172db199dc26bcd62f87f3d78ff3e17ec543c0566e748d220ca009a2bba5f9f3;31232;6d0d94905dc14bca8863a76249da490cb82e5e11189f3d284f2e060d9afbde33;5;0xC000;30720;27;512;1;0;1;12;2468478;629
dc0b5a6418425aea.dll;30720;5a3ee98d6ec96ab0232a9d09fb9ebcd0fe0d53ed7db3b302cb1ffce77eda7520;31232;a858541c6c4a144a72a98ac4d60ed6627110c9b9709efdc608ed4148efa30e66;5;0xC000;30720;101;512;2;0;2;13;2469107;639
dc197e957826a4c3.dll;120320;01ec3f76cf549bce793c769035ba7a7fb715decd59a54086b53fdaf2651ea046;120832;acf86f8bf7e0b042ac24af076283ca57afb96e4788623896f77261f16a2f4679;5;0x21000;120320;64;512;2;0;2;13;2469746;643
dc66f5fd8f987591.dll;37376;40a185c68d84be4c87af75a4317d0971fc54b828d263c6555b9e010d9493cf82;37888;f55f2a343babe8ce38a31df1c34cc06f2737a6e26cb13a027354f962324d39a0;5;0xD000;37376;65;512;2;0;2;13;2470389;639
dc80774dac2d0ea0.dll;30720;d1c4a907236b76c40da3a5130c6d7affdfcc1a4c6b7eca09ecb415157379ee6b;31232;6c817279dd95bb3d11c4a767d69a6935e52b43dbbd6188f564ab73b7470aa9d7;5;0xC000;30720;76;512;2;0;2;13;2471028;639
dc80774dac2d0ea1.dll;30720;2e38bd5d7065ae1235e1d2026ed3d960b34fb33380af766d788f69b9c27465dd;31232;fb3eb4331622e19f5ae9e8f990781be936b9516f06691aee27b057f95db15450;5;0xC000;30720;83;512;2;0;2;13;2471667;639
dc80774dac2d0ea3.dll;30720;19e3af1e8842f7d7cd9f9b84d32b38cb27db3f045c1193d459cec746c1e49f57;31232;571dbd695b9570697ba7f320400757a1002e557a757431231d06af4f670956bb;5;0xC000;30720;83;512;2;0;2;13;2472306;639
dc964c23d90c80f0.dll;31232;6c4ca2108d2bfe2e46ac6b3feaf2d30fbddc173881677ff1eb736efc4dc29087;31744;a22dbddc3313689130eeeb85fad435ad72030e3258b04fecd17459b1dd8365e7;5;0xC000;31232;204;512;3;0;3;14;2472945;649
dc964c23d90f9de0.dll;32256;c05b5a74729c0a7813dc511ca338144fefac59f4f915e19a0fd92e0e6483fedb;32768;736b1ffe25874f743013d7dd8dc830a90c3ad12a2cc0f14937d74596f319ae01;5;0xC000;32256;339;512;5;0;5;16;2473594;670
dcc1c65a29973cb8.dll;36352;fb88f0e312fe8ea30e2ec6d069a87a880879557f3221ff44d41c3d67d973ee7a;36864;7eb95d692be2c8b905a64db6123b3ae7500fe2ca91c649a664df3c8380160507;5;0xD000;36352;260;512;3;0;3;14;2474264;650
dcca1cecd5c9ae28.dll;35328;522b0aeef1969f7b8ab4e25385b81f8491f6fc5c2ad2b2eb5e05d5f3117bd634;35840;82a8e4ad4b0a7945f32f13217e0b2570f95059ccd0f730655f30f260ccd82153;5;0xD000;35328;222;512;3;0;3;14;2474914;649
dcce2daf89e766f4.dll;31232;0b95cfe2deec40b15c12163fa944bb3821b8a0e7c57bfb672875d2033f5ae5c0;31744;257eb667a2629790056aeef1b84c51ee71cb3272dda4df0a532caf553c1ba9bb;5;0xC000;31232;170;512;2;0;2;13;2475563;639
dcce70a1b75886e0.dll;32768;cd4642583e1c8b6d145cedd6c48e07c57bd6aea996533f0dee198b37ff96939c;33280;198551028be8b8f27b70df7e54ca5b251ae4debe941c9ec3169108d561c9ede2;5;0xC000;32768;69;512;2;0;2;13;2476202;639
dcd66346f83ce0c7.dll;38400;d43df3ac1fb8013362722c08c77930748082bd4e52033cd956c726d570f02dea;39424;5f6e33c54474e221ca59631eedfbdeb7303d44b14398ead99c256c23fb6e51c6;5;0xD000;38400;569;1024;8;0;8;19;2476841;1212
dcd9d153e5052dc0.dll;29696;cdc3bd0374e3e6abbe605df58d10db1749a4fdad54380280f6282ab9528e7a13;30208;c34c1fe2313c758fce554646be05ebfc3624e6b00f8ff4ad428fc69e82fc87ae;5;0xC000;29696;57;512;2;0;2;13;2478053;639
dceb282b30c003dc.dll;32256;d8c5fb887d6031ef179d1fe52162fc14bbe85b3ad9f5862ad6e1cff1ea190066;32768;6d3a052161a87052e2e9cead80d3c76f8d37bec920f6337805f57d666dd0ae5a;5;0xC000;32256;81;512;3;0;3;14;2478692;649
dceb282b30c003dd.dll;32256;2c4d25401ebb11f09bf9304465337464840dd4deb2228594cb6755e981303832;32768;d94a456001bb14e585ef4e377b2cc55cc129eb334d6ddf74073227c7c3f86aee;5;0xC000;32256;169;512;3;0;3;14;2479341;649
dceb282b30c003df.dll;32256;17ca639a8ef6e4c5ce41ea766d924d851fb8fda1dba07bbd3035fab55695d3d2;32768;41aaf4e1a1fd711b318344b55d4f237bcc1a3c72e75a378efdd16bc89472c521;5;0xC000;32256;165;512;3;0;3;14;2479990;649
dceff17240f63215.dll;32256;b13bdae72d0c5b1fc431b7690a3b4fc901b821cc0831c80425d52796a25e53af;32768;c03db2e8431d6e2a343b8a0e61f756be0b26952f6cef64819df98b44c2d7d0ac;5;0xC000;32256;21;512;1;0;1;12;2480639;629
dd0c694bb3c981cf.dll;30208;21a51a2a1ae5dba2b1a03e7d3a87d1a66e873d0ccba8b140de64cd07f34dfbc7;30720;07398f161bf9ae68a55d8472ed9381050170022aee8a5c5b2fc2b11363ff334f;5;0xC000;30208;125;512;1;0;1;12;2481268;629
dd2b27f112e613f2.dll;31744;9074164e19657737c66c2c9a0e5f4ac6581b03eecbbdc6844edefdb0669e981c;32256;4bf1b5e4b970dc385332e0763c0c3b97f1a01ccdd0ad958a7e7402d8ccc27873;5;0xC000;31744;95;512;1;0;1;12;2481897;629
dd2b27f112e613f3.dll;31744;26c212ef51771dc7b98f80587e24b2c911b4eb504f4c0330bab4e42fd90a3128;32256;a03f483f9e9892e77c100156fafdaeeed1ea6de5d3bf96b7ddaeb3bde84be275;5;0xC000;31744;87;512;1;0;1;12;2482526;629
dd2b27f112e613f4.dll;32256;36cb422a5f26816360dbe3aed9a94e5e3880b393ede29443dd0e1ccf8a96f5c3;32768;5f861334cec4d1c4fdecf392edaaf3ca26e39f209add3b9ef12a777a27ed7c05;5;0xC000;32256;388;512;3;0;3;14;2483155;650
dd33bb164e46f0db.dll;30208;230fa8a37f1a413bd958975531fb79726fa24d5c6fb826958e155b25f9050bf3;30720;dd12a2e370ca3abd5d859b4021cc799012bda4e86435fadcf6261f21554aa062;5;0xC000;30208;193;512;2;0;2;13;2483805;639
dd47b38e35fdc6e0.dll;36352;03a2f568e09114455d87e534b49c9ba1c0839b9fb13fb77f0146fb1c024677c4;36864;f79e4bc3583e871c7a03089f630b13a65a119c46de8d0996faea51a0e3196522;5;0xD000;36352;193;512;3;0;3;14;2484444;649
dd49e64c789161c1.dll;34816;6d08bf24433cdd3a73eff5cc8b5d7c5a5800bb0f3a4abb223742a56970bb37ef;35328;f66cc8b59d3263160c81e8f4f8343bc780f76f183cfbb88ba309d6167e3921b3;5;0xD000;34816;92;512;2;0;2;13;2485093;639
dd4c3e24fd180a78.dll;30720;e80831fab8c9038ea20ce7688d3c61fac73acc1e031aac52268aa5fd9a2585d0;31232;f7df795d9a287cfc82750d40ab3e3651a0241a290e6785d9dbebe8c2acede69c;5;0xC000;30720;244;512;3;0;3;14;2485732;649
dd4dba804ff3d4ab.dll;32256;ca743bfd685b97be1502dee7f90adb137f731a67dbbd37fa522f2de911df6b31;32768;2948de45f48037eabccc81d00a5dd051c48f4f7e6472513d0715de260a6c3231;5;0xC000;32256;22;512;1;0;1;12;2486381;629
dd4eced1a2745d48.dll;30720;bb18b2ece2f0e07eaecf8082633871ec710d9d6a6e991bd22732111d101100a2;31232;5c84291b272786d7cae67d3063fa82facc4190e03354f2d2bbd928bd89cef570;5;0xC000;30720;229;512;2;0;2;13;2487010;639
dd5c67242596fd3a.dll;28672;d333ef108fed331bd6fb00d1cdf37d587727677f7e6dc75e6fa7f974c9bd0817;29184;3c2035fdb6d16f0c4c4c50e930753c1e34aa78e8e5d541710d3a1ad3fb86ea4a;5;0xC000;28672;94;512;1;0;1;12;2487649;629
dd64a740f12637f0.dll;30720;7492ba2f60bbf17471174476af7ed33d2689c439633414add03985b96247b95e;31232;431a1a505720b34150204d6c6c89800f8451490827c1e2dfd041d90267303df6;5;0xC000;30720;117;512;1;0;1;12;2488278;629
dd64a740f12637f1.dll;30720;00aa91e6de1b05d3526c91364a8709f4904f070b65f8145ec4189429daa75a55;31232;c7dc080417670fb5db0b0f069854951f2ae7697d5d3bdc0d077c15247fb6ca9d;5;0xC000;30720;110;512;1;0;1;12;2488907;629
dd64a740f12637f3.dll;30208;d79eaea88769513ad91cbab6e024d6d6dd99eeba635187b2a3fa72ab7bf922eb;30720;465935d5d051dd41df574c45d0040d25cb18e2ce3fd0dff6a41c5bbf5000a995;5;0xC000;30208;79;512;1;0;1;12;2489536;629
ddb8b9738066b775.dll;42496;1047683d40e2bc2ac345d086ea41c41c0559d4b1f328ea6083ab2c750edd632b;43008;a9ea60727381be4bf889dde39fea3a2766ee2354f4e5ef98e0eb8af495033cc0;5;0xE000;42496;506;512;6;0;6;17;2490165;680
ddbc21142df6821c.dll;32768;daee5d3dcc883a2c089f42501ce6728c8459a2dd65f96571e14af4590c1ef8e2;33280;16c30d57a56ae5079089f52a5461180c20fc4774c4675a360acb9b5321ed1d89;5;0xC000;32768;46;512;1;0;1;12;2490845;629
dde002004bee1c70.dll;29696;d2a3edc0f28fcc8d534d927bd67fe9ebad0882a8695cea44de14946dd23bad59;30208;6d07ce1b7ce89a8c390cc5daed03515f2d777c545c53923ea0407dc6ba7a9b86;5;0xC000;29696;16;512;1;0;1;12;2491474;629
dde9ae73a5667f32.dll;32256;f854980db29eec030da0e660d52c3c8ac9924d0c2352436ca57b933477849b70;33280;c373f981a343fabc5645d416392c869ced0f2d6b616c6d03e64d85d6f0a12ac9;5;0xC000;32256;599;1024;5;0;5;16;2492103;1182
ddf695eef7b6b072.dll;30720;6b069398f46e516e64248775f46047ec1712f4ff61140adf25dde064b344dd1d;31232;e17ddd098cc9d529e1f22942081bd7731077031ea22d8365f2245bb8cdbe7ab6;5;0xC000;30720;85;512;1;0;1;12;2493285;629
de2145515720c6aa.dll;40448;660747de47b49b1f558641af7a70ac3c69664beb0b0fb08fca02d80abc82fdcd;41984;1df831aaaa5cbb7f93cca223d81b38f9ecf9cf237bc697a35a1eba0928cd3aba;5;0xE000;40448;1142;1536;14;0;14;25;2493914;1784
de2b6539afc850aa.dll;35328;1e94b0f25c4a2ec9fba7b747b0a9ef801645c03c428770afe208f58f12f2245e;35840;418b90665d83c9755b569403ac1ca61a474244ae47eee28d73a76ed2481daf50;5;0xD000;35328;220;512;3;0;3;14;2495698;649
de5ea0e10830e3eb.dll;33280;f458e246b42d83b25eefd1c9f66975a53f85665b7ed79083ff5f7da6c7654ea5;33792;998e6deec0accd9e0fcb6e25fad0068d1611ff1efcb942bb70a46d0d873595f5;5;0xC000;33280;65;512;1;0;1;12;2496347;629
de8f29f4b17876cb.dll;32256;88a5f4d6c9faa330c308886e9b71a135048ad0e5b93487fd4060162fde4cc364;32768;e91ee1c5b89fd4801178e97d5c8ac4907e5b94f44e455079ed0890972b2d9992;5;0xC000;32256;49;512;1;0;1;12;2496976;629
de996c30375e3070.dll;29696;89499512705efc70ebd0d72643b25cc4ef36160ed17a064a86b5176f2d09a4ce;30208;ad0c151ef159bd5a7055683b1f8cd0e2d3242b830dfb4275c803ccd1c0427a7c;5;0xC000;29696;173;512;2;0;2;13;2497605;639
def79c399ce5febd.dll;28672;3a22573c8847e21e561ce210b0db8224ef305939252aaea15ee064990a7cdcbd;29184;bd84b8402b6f14a912cbfca3d9805cefba42c10adb9c62dc287910d7afb67be8;5;0xC000;28672;31;512;1;0;1;12;2498244;629
df1a697dadd4408d.dll;29696;de445cb9983fa9982d96752a04ab966180fe27a4437afc620f6c03a8101eb87c;30208;0d8e0cbe860a9c0918b91c979784afa9164940359bf9db4d00397b76b2adafbe;5;0xC000;29696;28;512;1;0;1;12;2498873;629
df23934100846f0d.dll;31744;c3c4a710b4b4096303ac457eb6c2483956be547b45b53c4c0a745f7c6cc283bc;32256;80452425e906d58dc2953a3274ea4c9d1df6d01f52d1eff0b63a2bd4e0d66683;5;0xC000;31744;199;512;2;0;2;13;2499502;639
df41ac8b1d63a0b7.dll;31232;bbaa3907fbfa9a7506ec286e7f3793c24768c77c7d2ba5415da84ee482a9a395;31744;647f12581e17c49ea3ca080fd665f492413d6a9a634c1599ed5e4a58115070cd;5;0xC000;31232;168;512;3;0;3;14;2500141;649
df731d6d23f9f652.dll;32768;2abd8982ea16fa2d5c5ebe0b26463b792aaf320ab574e0b1215d4c1c95efaffe;33280;032112e1ec2909b628105aa6b128d9992b97002682f72fe866262f2aa4adc820;5;0xC000;32768;393;512;5;0;5;16;2500790;670
df7dd212b641a34f.dll;38400;a60a7910eb9ee0d0c6734a3b8591324dcc60a98cd2cfbc7ab64ec0d684cc7188;38912;c82e7663090697d441fde95838066e9dc23c72a5a7c0e6c7b48ca9b4d45e8032;5;0xD000;38400;191;512;3;0;3;14;2501460;649
df8a243c656f7716.dll;39936;130f17bba6265ca2dc4ec700618244a193b27f107bebe165c2e15bf662a68dd4;40448;769a6f0c9f1eb920195f8e28a56b075c5b7fdce7dd0c28c7d25ae3b2944b495e;5;0xE000;39936;241;512;3;0;3;14;2502109;649
df8fa82b81d7e499.dll;32256;bb76bb628b604264ee1db41290588f8050fbd696f0809cad102c72b0036cc770;32768;7017f57fbdc96a748c3a4d7d06901836847d8f2f7b314005fbc9559277457fde;5;0xC000;32256;51;512;1;0;1;12;2502758;629
dfca9aa314e6787b.dll;32256;ed83d0d9d8081ce5fd0d0a7ffd840d11a3f4f1e92b13658a453abad9839c1ce3;32768;b4785a171c13933dfd0a437b66ceb0b0690ffb0a0107654a92694c16254a6b81;5;0xC000;32256;391;512;5;0;5;16;2503387;670
e0019a18a2397b40.dll;32256;01656af84d076a38a918bbf9557159e81afe4c837af592ac609ee70fde56cf4c;32768;cfd6aa77e5ed3b86c8b010d839718a0e79b2fc383986dc3782e9ba7a2edeb07f;5;0xC000;32256;306;512;5;0;5;16;2504057;670
e012eaea1ff500e0.dll;32768;d60278d1521b6f5b1deb3db51d8bc6dbc972b9a1a027cb38c36dd2adcaa32e1d;33280;9d41bef1cd9971cf5b7316857c288a8a2dae54429dbc065ca3a4e580bea89e1e;5;0xC000;32768;381;512;5;0;5;16;2504727;670
e06cf7658c492e2c.dll;30720;c250ba58e9d2036bdca5ef7f082914600657f3fd58e8cd7a01112c370c5ac223;31232;d621b7655e1c30c4632fad4310ad655d9fead8bce51433095cc8dff506b140bf;5;0xC000;30720;276;512;3;0;3;14;2505397;650
e08335040af07fd3.dll;28672;5f0a0644cbabd2ea847dd33dffe8412bd0084ebddbbd9191bd55752b5f1059a6;29184;3f1f235e9000ac084e12be19324fbd6bd717346e525c78733c42743480253e5f;5;0xC000;28672;28;512;1;0;1;12;2506047;629
e08775a0426358a5.dll;32256;9c21d1677b929655de1c7377fdf23a3133a7b1c52f303bdc06c0151e8eaa9ec7;32768;06503f89b946236b087c88f61add297df736633f2c69f0397dae31fd233b73ec;5;0xC000;32256;300;512;5;0;5;16;2506676;670
e09ad05b33d28323.dll;41472;7b6ebf1ab570a8704f353a9c99875558575d696ad05616f3a7b9be9f1b0c82ab;41984;f3b2056ecb81999d9e3420fd769b0b8fff1013ab66c57aa2537801e4621d2fc2;5;0xE000;41472;105;512;3;0;3;14;2507346;649
e0a47a20ca3e42d7.dll;41472;21ebac0f7d4f6f397d7e3559bbc112be344e464adb210fafb31c8141f758dc1b;41984;d09d0fd67777dfeb10f7fb8530a1322bf4edc3dcb5d3372d082711ad0eb119e4;5;0xE000;41472;269;512;5;0;5;16;2507995;670
e0b8c319587343d9.dll;39936;1f351ade56925deb97a0270235c43c8fe42c54c7b87b2265d3b6aa7b9b8049a6;40448;331dc381312c51f89b4a038475ccbac8f0ceb8e40c4f8fd9c796867529121a5d;5;0xE000;39936;342;512;5;0;5;16;2508665;670
e0bde6169a2cb15a.dll;38400;651b6008dafbdca333b34bfff843730ef6fd70f94579453693520b68c0d2ac1b;38912;75312ff6b5347c83fac8d2baad46416575469b51b4a0e2cf9679ae0797773ce7;5;0xD000;38400;413;512;6;0;6;17;2509335;680
e0e2fe581b2a50fe.dll;30208;0f13f24849eb7efe28f66a5e8ffb985806fe59623f272bcf435aa05f274309ab;30720;7921cfc19de00edf46d8a1afabf2f551be5c2e9bdcb87ca9d46e84b42dfab212;5;0xC000;30208;48;512;1;0;1;12;2510015;629
e0e353c3c5092ab1.dll;32256;4ee240a09c3ec3ad0299f2310cefb184fbe9db87d33ca6fbae44fd653647543a;32768;f06502368b5c576835bef9bb6b6bc749087b616f2af1c10059b49231d28ab2a5;5;0xC000;32256;39;512;1;0;1;12;2510644;629
e0f4a83f19e77ff7.dll;32256;fd245aa41291a94837c1a894f6f731743afb6653c9a41bbfa24ab62f040b890f;32768;f7b79eeef7ccd166bfbeec522fb14617f210bbde35a58c21dcc792471b56a80c;5;0xC000;32256;464;512;4;0;4;15;2511273;660
e1033551e72d9710.dll;38400;7514c63e3c5cbedd05642cf9c6400a365c693c89304fc2e36fe10c1c521a2043;39936;b424174bbfbc06b09cea0927345669bdba40789d5e7a37011fda2a2fae92c3be;5;0xD000;38400;1237;1536;12;0;12;23;2511933;1764
e104751ad10aa624.dll;39424;2a297dda7b3d78e4496cbed94f03236e04b39514f7205013021f3b6f7b394ffa;39936;2da44fa35e11dac8428d326cd7806a7c45087de92963cfd145263f26c9a87d1e;5;0xE000;39424;385;512;6;0;6;17;2513697;680
e10d0717f906a683.dll;31744;8fe94433071085b4e79f43be25ed2da0153be3d5711a5e427dbe5dfecae91f71;32256;b5e1470dac149251216ca5377812161d47521b0bb116e4d30805fca5ce30256a;5;0xC000;31744;228;512;2;0;2;13;2514377;639
e112c634e863e0e1.dll;31744;a287d90a1ca07bbf84e464f8c765d4ba43c81b31e28ee65ee5f4cdd131b4e8fb;32256;ecfab080eaa05992f97a9cd08a8852fc7f509d1af7e99fde81dae2e8ce0f479d;5;0xC000;31744;116;512;1;0;1;12;2515016;629
e112c634e863e0e2.dll;32256;b85cf2dd8f24e3504b26da748e59018354c16544f50fb38bd07f0dbd25014ed2;32768;30a3fbe51cdf9f7a8496922b833d71d998d0e66226619689b732e60a486a027a;5;0xC000;32256;147;512;2;0;2;13;2515645;639
e112c634e863e0e3.dll;32256;2673e804a27994308f87cfe4ad7b1612d2cb9c43ad2f50957da75f32c2920653;32768;fd96acc25d03984e846c611e1ff40b7082188c1e836602c33d2be0c612d96469;5;0xC000;32256;171;512;2;0;2;13;2516284;639
e11621d9e831ce3b.dll;34816;c2838c2e08ef450fdadaea9a3329d0a7ed72328c0512cc8d247f402e7369340d;35328;1e4c1054fa8af0a9c0266e6682fe8dc2a105c8f0a04e7477fe266b14399cf4ae;5;0xD000;34816;223;512;4;0;4;15;2516923;659
e1195fa3cc892f2a.dll;37888;aad972eb2bbc4f6fb5ccefd3c849c216375ac1ecbab7d1f5aa224ebb97665397;38400;700d7a59728ec4ff5115a269ca34bf6546d89e4563a5e00b489659f69d5f1971;5;0xD000;37888;167;512;3;0;3;14;2517582;649
e13bcd3c98e9aa75.dll;32256;286ed8bf509660f5fa2252ade10d303ed696c4734a9f5a9bd4959feb8c4e4cc5;32768;ebf4274828dc3409a9e23bad0f540cef347246ea22a7f4a3459b326c29ed16ad;5;0xC000;32256;14;512;1;0;1;12;2518231;629
e13c191db9d160c7.dll;32256;f05f5ce9222315359a0144b14f4567be3de5542e6a36483de0be66ce4fe906f2;32768;03cc97552d294734d906f6d8f0ec175ccd2ccc3216571995315bb2a7439a0548;5;0xC000;32256;60;512;1;0;1;12;2518860;629
e13f60b21abf22b6.dll;28672;9d5b1025f8ef777f5e59fafa5153189f3aee6fcbe7923b6f0a1501ca04b962d1;29184;fd9353d7066b988ade0993d44ea1c86e467ac54cbb0c822a9cdab2bb0c747812;5;0xC000;28672;64;512;2;0;2;13;2519489;639
e1488a93da9b0572.dll;32256;2422fb4ac03b9e3247b0b65ff2fcce756b53b34249a213f3a80c007d83e626c8;32768;a3659d304b1a56222ebf47364f5c6553aea18bf25f5886d5d687821b61426668;5;0xC000;32256;94;512;2;0;2;13;2520128;639
e1927103092917ed.dll;32256;a3a02577f179578444bc8810d2bb61700e2905d286a5c3bbb36b4f1dcc7a7f64;32768;d378fac1695f425f66c0a0529809566f762c3bc8188c826086f7a97e729a2bd4;5;0xC000;32256;20;512;1;0;1;12;2520767;629
e1944c98648dece3.dll;41472;38f378689cad13ae646100478782505258e4f4f5128f3067ede9cb1ad0c7b951;41984;58a2f0a69fdaac5992e696345e1515340260a64c74961d7dbc83bf0e6f931749;5;0xE000;41472;489;512;7;0;7;18;2521396;690
e19714016090880c.dll;34304;be53268aa692ee16965d34551111f7e376c3db625a58862849eb6aa84df43af9;34816;6c8a2356adf67f9eaef10c9373fb677d61daeb9160651472e099c751b1dd6920;5;0xD000;34304;72;512;2;0;2;13;2522086;639
e1bee8b74f336454.dll;29696;4c088c8188b45c6b49bb30f867595adf6244b57bf3c6f8958c70c6ecde74d7ab;30208;009dbaf389a13fb48cdd8699b422e497dafc68ae702ecb0e32b6217e903ed19f;5;0xC000;29696;81;512;1;0;1;12;2522725;629
e2037f00ffbd1b13.dll;36352;c61ebaa67ec476b18953edf785060ad26245075542a66a9be560472371a48c79;36864;8853470478d24de1b2f0246e82b42620929b78d0659b4c2f7a3a81e74efad3db;5;0xD000;36352;165;512;3;0;3;14;2523354;649
e2147c2869e9be38.dll;35840;564bf2076f1890be5ba8c8fd9250d9da4178e20a7b3664e135bbcf5246dc3e55;36352;79964d4c3cc91e147447783e3d59921688843842a762530d2d3e1a6750226ba4;5;0xD000;35840;60;512;3;0;3;14;2524003;649
e2161c80f668f0fc.dll;38912;28a47f08cfa4fd4294b9ab3d274f26a65b2feaca7961738e2f210657cb1e1b81;39424;52da454d5f4ad6e50052de75d0343da0e451fc0ded59ce3ed1dc61ad236f9bf7;5;0xD000;38912;230;512;6;0;6;17;2524652;679
e2186d1b846df091.dll;28672;ac39c52ff5ae586f1b3d5367a5026d18f0fc1aee7e31977cc2551b0fec5a50d0;29184;f8fccc78d80a476f5a5dda2e4ea26206b2677815207f36696cc772eaddd6fc97;5;0xC000;28672;34;512;2;0;2;13;2525331;639
e2199123750ce62c.dll;32256;977d31f0a9d5dab2cc0fba4ee69c587a9d6ae75922d063e8c912fcf24d884b70;32768;1d2a2a66822f712e7dc331d6bfb5be7c6deb945f6615bb1b2bf0f9badf5650fe;5;0xC000;32256;262;512;4;0;4;15;2525970;660
e2199a63ec42b761.dll;33792;bf6597a9396117915d5487d32e5eff62bf95bf2d9befb08a167d91a7999d4b13;34304;b7da0dbd91b302b1a10ccfade25326545e6e490301926db315016eb35af87f8a;5;0xD000;33792;330;512;6;0;6;17;2526630;680
e2199a63ec42b762.dll;31232;a324d25c4dabfa66bf4b9969f1bd192e2c08ebef1bde8c92864bf1385b883afb;31744;bef6e10be73accca1e18f092a68cbfd12fd280d82765cad3a76d26da86d207d8;5;0xC000;31232;169;512;4;0;4;15;2527310;659
e2199a63ec42b763.dll;30720;3deb72a29de4999eb15f99d946c328e58d86c0deed06cdc42762ac9ab28820e0;31232;a70fedf820abdb1bc1b3889307571683f7604185a89c77baf648b2114029584f;5;0xC000;30720;166;512;3;0;3;14;2527969;649
e2199a63ec42b764.dll;29696;ddba8541331f10ed3f60de7fede79a1d86b0aa0672fd6304c205e93a364ddaa4;30208;5f6be8282057355ccc68d2a4b9028c46f80ab33cee83d299418dbb5a62b27f63;5;0xC000;29696;30;512;1;0;1;12;2528618;629
e2199a63ec42b765.dll;29696;522fd86f7f7cee2de59d0407978c523cd786e16b3f8898f06667e9cc3d68c300;30208;eeee97718947ce9cb80e052d3e18782e54c4c157dd646d2baf2ea3978a60860d;5;0xC000;29696;40;512;1;0;1;12;2529247;629
e219b2e7aae43100.dll;31744;9c9ce78a3026702b46f9afa340a35468ed766423b48f98789719b12a9430264f;32256;af31056116131dac906469dd1aabd94a8a594865edb12495cd8fa3b1107c8384;5;0xC000;31744;124;512;2;0;2;13;2529876;639
e219b2e7aae43103.dll;31744;5b40b9588e7dec311d879280f9002218303739785042032b5b5ea636a4b009a8;32256;40ca4241fe1b1d7b3db5cf663710ff0db416af208039a2ee207107679c8bb71b;5;0xC000;31744;160;512;2;0;2;13;2530515;639
e23028c208ce5732.dll;43520;6902c69e593fa2f74c0954fe9b65514e51225200dec2b9471c73abfffe1b3882;45056;f60d0c960cab9ae2c0cf122845a584464a4a3f0e38ba48a3a74e10ec13a28bb3;5;0xE000;43520;1145;1536;9;0;9;20;2531154;1734
e23ed3de838e6cc1.dll;34816;daa63e975d8cff9984fd1997811be57687480b0003baa26409530aec1dc1143b;35328;4d98f089fce3450012138d477a6444c8196170ecacb6aebf0ef41c894312ce98;5;0xD000;34816;81;512;2;0;2;13;2532888;639
e26fddca84357662.dll;36864;bd1bb4e73c9c9c0e2696442cb093197fc5d4df09e616aac5ae751c2fb88f80ce;37376;5caa6bb4674e21d57b9ed7fa09b297bfed4949b2cdabd022befe9416c4635e93;5;0xD000;36864;504;512;9;0;9;20;2533527;710
e27817a1d56b569f.dll;32256;41cb865c7fb4969d2e1822df24dbe4581cf9795a1448d8992608b28c556299e4;32768;0c136beb164065ccefc5cd6aa93c90a8c3fbb96c9d33e1860776699249db3a0f;5;0xC000;32256;36;512;1;0;1;12;2534237;629
e28bd8fa5cb92149.dll;31744;dece1ec89e93db0db4bde8dfcc0efa0a282861475e0c2df64865b38f3158558e;32256;cf3eef54a3fb24e5d9f7336794349e960c9821b2dc8150e527fe9282fc44c15d;5;0xC000;31744;301;512;3;0;3;14;2534866;650
e2928ae6e02df1e4.dll;35328;711255974a46d7c8d3509e6a58f6b2239e4eaab25327d79db756a658fa73fbf3;35840;5a509098637b5d35224a0b6151490359e4972d79ca0b39778b83d40d2fc2588f;5;0xD000;35328;208;512;5;0;5;16;2535516;669
e2973af0d565302a.dll;31744;df9a4b25e44f2454e78f1583c786c655346668251bfb3d025b3cc35b2e69e8e9;32256;84f6ff9e384db80b97950f9b494619b842abb7a5d84ba18249c4d22779ef4a83;5;0xC000;31744;336;512;3;0;3;14;2536185;650
e29ada7ee8e275e1.dll;31232;a737841c8cfdfcece9f691a65d292eff1c4fae85adb9d1b04e93970451318f63;31744;c35661f3ae11be1146ec71cb8c1ad855230db46427f89e30f94c4c41265b5b7c;5;0xC000;31232;169;512;3;0;3;14;2536835;649
e2c599bc0ab99f21.dll;30720;d64a50b147e5d977486ed5297f9777557951346c91f37e8cf1dc990230d7203a;31232;60eea1097db8d92b85c7d294efba07ab7b06e1ecbd15aceee8fa033b803c1bf4;5;0xC000;30720;54;512;1;0;1;12;2537484;629
e2c6664a13756024.dll;31744;d6af7ccc02b06e7dbe3cd5464ed7e1098d5fce91114e26fa08e33267a7b97211;32256;44ce3bbc226d3e9e67ce7fc069b9c562be09636e8288818af7872da1c33dbb00;5;0xC000;31744;79;512;2;0;2;13;2538113;639
e2c98c8a5e54dc19.dll;30208;26e72150d074dbabda529bb5037730458177350875fa97aa9837b12391754b3b;30720;cad4296c3162bbdfc3de1fb8031f13b71635dfca41deda41c043035aa53aedd1;5;0xC000;30208;43;512;1;0;1;12;2538752;629
e2eb7da72ce1e5d0.dll;30720;3cb12fe51f1737f009b6df6753ce11847c50e8fbfaf7bf90307a89f30674ba65;31232;ba78e0d1fb30f3f11c691f40ce3dd3764099fd28d5bd85089065ea4a8b3026b9;5;0xC000;30720;179;512;2;0;2;13;2539381;639
e2f2c0dbddaaadf9.dll;28672;4ae0e083f792e2d4218859bfd9a18ffe462bd00435f6c1f73a76016265714712;29184;4c3c72acb45bb613b4fd8bba3199b041474f1d924e9162e9c234ee363cf3530a;5;0xC000;28672;36;512;1;0;1;12;2540020;629
e302f64120f52287.dll;31232;bf61e3ff3cc758274ba966ea0bd1f43719aac56ed56fc7f5d737de4ce4ffbe1e;31744;c7bb121a6ede23a650aec85904706e338b8b071945a8ddfc922da1ac4928efbe;5;0xC000;31232;454;512;4;0;4;15;2540649;660
e314bb9bb24083cd.dll;28672;87ba75501d582b45d862c2cf213105f2985d6a998685a5713d5c205ecf044fe8;29184;0a62bfb49cf6c772f4ad40b7ef5d1f02094bcbec56214758ce2cca9ba414ce00;5;0xC000;28672;39;512;1;0;1;12;2541309;629
e31bd753eeb8ed4f.dll;29696;64e05d32a917825644f13665f3af2c9262d2a2dfed1618baf7abaebe7aa9bf5d;30208;e9e30da37073580a256458a0c3a1e6bb85bff8609b87e236313273bccbbfdbb5;5;0xC000;29696;175;512;3;0;3;14;2541938;649
e32a62207a452b46.dll;30208;7353fef6430918e67ef24f94031f1b6c678071243b22f113dc210fbe63a076d7;30720;5fdb32e7bc4333044370ddb315b731aa5758893eb353942a5c3aa4ce6c6d2190;5;0xC000;30208;163;512;2;0;2;13;2542587;639
e32a62207a463656.dll;30720;a55b0103ea0e093a24da78ea85e014cb71e07195d312d20f7e07e33bdcca86f9;31232;111e3354b36290b49059eb65d84d81048f4293a6c87eb814e7ba069b5807a8cf;5;0xC000;30720;94;512;2;0;2;13;2543226;639
e3403e42f29cc0db.dll;32256;96b0b8ff4c187574b489e7294e20726e20ade2b8e26e988d50b12c574eba92e2;32768;b1c3b6f07238b7dcad249a5ac80f87bb2249a9b1e5a9943127c32126bbbc457f;5;0xC000;32256;275;512;5;0;5;16;2543865;670
e3413736391a1b9f.dll;31232;1473c021830d274410e62a462322f6c06ab339be784853aa0fa8ec284110475a;31744;6524fd2d3ee57b37fbee9ac3bf4fd9f506a18b4ac2b700583b659989332c3045;5;0xC000;31232;259;512;4;0;4;15;2544535;660
e3495840f91d5ce2.dll;38400;6190f44bfa24e36a308419f7dc402213448734ce06f1248993bbdb2855298b3f;38912;fb7d82cb34d6160520d99166710f6d3cd7ecbc448c6803d1e0c15262d9206103;5;0xD000;38400;120;512;3;0;3;14;2545195;649
e379cca7cddb4486.dll;36352;3ea892e49d41f6cc9f26983642089534d25af7cc015fa897a9ed84b790db6a6f;36864;e94c5cdb4cb15b3a6bde51db46362ac324b0619af02cb4f608a6a9d30288b27d;5;0xD000;36352;143;512;4;0;4;15;2545844;659
e38b2dc045c762b3.dll;32768;194e27c7c6c47f3eb55ae04507fe76af894116d2658bf578980a7512029e2ffe;33792;1af217eaa290cb499a038c41a04008904fb34d8f106126ae2f173a0e6fb9a50c;5;0xC000;32768;547;1024;5;0;5;16;2546503;1182
e3a35d3d9df0cb50.dll;30720;096a2276bd8e685f0066958c3989b6710023df0566bc20688ca7a225650306d4;31232;32265ed12bf0deac7e3da420ab369849919b3e0a556285341e822bf36393250b;5;0xC000;30720;88;512;1;0;1;12;2547685;629
e3a88e2531c5cf8d.dll;31744;524eac9153a4b921662093845e56a860446dc45c492f1e7fd95d7a01ad6b65d8;32256;a062346a3dce79583b2f92eb397943494f31209cb3d828615fe96076c6e3bebf;5;0xC000;31744;83;512;1;0;1;12;2548314;629
e3a88e2531c5cf8e.dll;31744;c123457f94748554f0198357e0eb885046a44647179988ef9696307cb1f870e2;32256;5d7f89725873ce7331eaf610c2964f685294e91a06a62b2e8f735938c9c7a09f;5;0xC000;31744;88;512;1;0;1;12;2548943;629
e3a88e2531c5cf8f.dll;31744;96c0e35c991e729df694a32b25e440d70cf3ab92798ab7e50af9ece17fb2444e;32256;293ff07d0f4368d28ae3a97d64c58541b69da43de7a1b9356105548efd349d65;5;0xC000;31744;101;512;1;0;1;12;2549572;629
e3b6711d0937993d.dll;31232;f4c0032c589bcf8521c2bd7ff39ff14504d28320977d390978a89c3599ccd059;31744;422cb87009ab79307cf6b70b94341f4638590369de5c2595c5895ebeea82079b;5;0xC000;31232;264;512;2;0;2;13;2550201;640
e3c578cf40a89802.dll;32256;7d92ce24f9ca7bd1d5dd455c874f667c495931814e938a55726e59986611d9c5;32768;e36121af0e8e1a132cc59ea321735ef92b12e44b9d4ba85270320a2759efa94a;5;0xC000;32256;188;512;5;0;5;16;2550841;669
e3d5719fca32725d.dll;33792;4ae8b619aad555b86f8fab2a7ae968e20862f5c168bcf6ae1565ded796a69b56;34304;fc65f3be9638cfa1bcad2a736cef5b22379694392993e297d721ddc79ef26b38;5;0xD000;33792;44;512;1;0;1;12;2551510;629
e3e8c9ce7bf59c81.dll;38912;7e51e8140bbd575a5e38b0d351ae1fb2d28cb6e351f0c62085a9750035ab8566;39424;56527631cb1f1b3f470c4b0af69feb64dbd26801f8442370986894ee00264eda;5;0xE000;38912;227;512;4;0;4;15;2552139;659
e3f5ad01ffef4a02.dll;32768;303a885b5078c4f7621a0337db6ee3bccdffa66e69765a6964aa73e310b2f20d;33280;305247962c8440a9df51584a1715841fede259a0fdd1a69fc8c36662e230cf62;5;0xC000;32768;180;512;5;0;5;16;2552798;669
e40a05802847d0a9.dll;32256;ca9367b788602098dd2186808ca9eb4f656f310d3951ec436e08be1801838605;32768;d2fb7af5980cc53156a97d331c4ab142df53c983d1fe43630a2df648844ca965;5;0xC000;32256;22;512;1;0;1;12;2553467;629
e40dd1a1097f1a1b.dll;32256;cf316d327fe55b1ba2707f300f949fa88fbbde11c125b6c8ee44455a7e54d07d;32768;d5d9645aea5457bd75819435cba871e57ad66885cb58783740df01db832e9de1;5;0xC000;32256;92;512;1;0;1;12;2554096;629
e40ed6eb4f57a66e.dll;31232;9e3184d6b6ce4be3ee4a8b05be7e1982e05dacf06ea6cdb3241a337d9f7bef15;31744;f6f54c74a9ce2f057aa79ad6b5ab00d227f67b7a6fef0f984beb84b18f65d607;5;0xC000;31232;51;512;1;0;1;12;2554725;629
e4337fd46b9d4ae9.dll;29696;dae101ab8bac839fe76976ef612b0dedfc00c081645503eaa58d65ed468be7e6;30208;0d1abf8cb33eb65a555a164f38bdd65df9cdc0be4cd54524e032b0480faa44b0;5;0xC000;29696;58;512;2;0;2;13;2555354;639
e45c581319de5a63.dll;37376;4c660b338a7d663c848aa261a8994955635de3260742bb8d08daaf14cfeb316a;37888;96ff98d0894e1231b07b241e347050ff8de630b2243f7929a5ac0e6e3dded069;5;0xD000;37376;259;512;5;0;5;16;2555993;670
e45eedecdc0cd79b.dll;31232;801d394566a23bb5623ee7309ebb5836fc02dce4d499a11288dc9422a8a4559c;31744;8e63d250a6d8b85f93b3698e11550c32661f4e53dba069add0c59081ca22e772;5;0xC000;31232;211;512;3;0;3;14;2556663;649
e469021c4327414a.dll;29184;48dbbcf7dcad90d19287000c4956ad366e1ead80e7f601cbb17551abbe01c543;29696;c3e5c6df567569399ddf1267806ef357cf1424d7b8670328145e41fc4d027f8c;5;0xC000;29184;158;512;2;0;2;13;2557312;639
e469de530367ed93.dll;32256;2c28ca60aa1c9aea828cbbe7b8fea4022bafb3412eb33f55ab1f97d3aeb3f28f;32768;58b77765cb8de8001b5e7341a202f4d64005b7bc1b0e45bd0d2c8048724f1596;5;0xC000;32256;27;512;1;0;1;12;2557951;629
e46a38390481f36e.dll;54784;19b3e6bc17c89296152e37a7fda81320a0d1654aac2393374958a6b22ca482ed;55296;0b0b6dbeba449ef54f066ad44034ec165f1af8834df2c358519d9e3e4e862afc;5;0x11000;54784;273;512;9;0;9;20;2558580;711
e475c65c8f9c094d.dll;30208;b2e7df0d17745c3769749ce6d0f0cd7d3ac660b6fc12082c81e308bbc980770e;30720;bdf004b36d43806aaaef5ee13942d9cebc80117fc12a78ee51c035e3dbf3c379;5;0xC000;30208;18;512;1;0;1;12;2559291;629
e4aba01cd83743e4.dll;30720;fa15b590f13972799b2800902061d43228bf9d1676823f2ff855efcde00efc0a;31232;02ca032782fb50c7686394e44ba1e18dfad0cd2641045e321e305651ac87d501;5;0xC000;30720;185;512;2;0;2;13;2559920;639
e4af6d7ced21c001.dll;37376;5b53b0ee264e09bf0e6718de2a056cf1ea7085f7e7ef4e2b3bb51907f7baa23b;37888;522c90809ad98e0fc443ef909d0b638210d7ce08a9c535982f0257188b504bd6;5;0xD000;37376;134;512;3;0;3;14;2560559;649
e4bdac44341db5ad.dll;30720;23ce959f642489e18a3a61d3dcaa5448a7dabf535da05a3632d00aea39ccd754;31232;ff97d8164fad6a383776bd08b500c768d2a5fa9ddde382282482c45bf1309dd7;5;0xC000;30720;183;512;2;0;2;13;2561208;639
e4bdac44341db5ae.dll;30720;5037d77cf7a8a9d56570e617fd7600a457cc572773725e6ea107f66ea38868bf;31232;c42bbc16117739e0d898c307dd9c840058b1f7ac3bfdb1a813b01822f2ff6347;5;0xC000;30720;126;512;2;0;2;13;2561847;639
e4bdac44341db5af.dll;30720;ed9951637a509f9a442735c9f2920d5e4e330945e4f23912686e5579721098ae;31232;d2b7cc13c73a89553c32857bf9fd57f7a7baae63240badc5ccb933170c338601;5;0xC000;30720;165;512;2;0;2;13;2562486;639
e4d4b1cdebe8413b.dll;37376;667063c2bce2ae913be19d3647d67736aac13841084b2e8041f5f9d59361bc64;37888;2c4b4b9d1e22d24c67eb66873452888110e88244b4b43d4219f92ff148f8d48f;5;0xD000;37376;33;512;2;0;2;13;2563125;639
e4f35b1ac90b6da6.dll;34816;d392efd92344d6500b8dc3c9f925dc3aad25af6c464cd367f3b204548703b481;35328;3b9b1b0094515fb9676b96e492dc3c49175765f034b28e87a649bafe3f40ce2d;5;0xD000;34816;441;512;6;0;6;17;2563764;680
e50f1d6c70e19c60.dll;30208;33de4f7ed421c4443c58d7196f62c2ed56d2fc6cc947e64f54d49b9cee5becac;30720;ebfb5d8ca7342193400572cf404764db76342e8c8c9d50e5e4b17765351f1652;5;0xC000;30208;69;512;1;0;1;12;2564444;629
e50f1d6c70e19c61.dll;30208;1ce74d935d335e41b2035b9852379e437b6e57f0c4ebe56f2148ba70636732bf;30720;0ffe244eaf5f6abaa39eaaa4dc66eedc068154d28a52ec3abe380a240a3b319f;5;0xC000;30208;87;512;1;0;1;12;2565073;629
e50f1d6c70e19c63.dll;30208;a4e26b125a4b66502384501a52f97227c03349b0547269360900b641eaf6c308;30720;4744dc99c834f32e67328fee03564f5f8f78edd13bfc9c2df9ca751c0fd2bd6e;5;0xC000;30208;69;512;1;0;1;12;2565702;629
e524b35f706aeedb.dll;28672;46333cf1aee92b5012c89bf812f45fe4d6313a7b3c0952d2b3b1bba603cc6354;29184;ab26b42a199e9ed7393d7bd679d3d678bfe127e260cb442ba5afa9313fd2d10c;5;0xC000;28672;36;512;1;1;1;12;2566331;629
e54325d55ab87b26.dll;36352;4e96419882422e311962a78f324c2f2ed53016d0497c82780fed0407d71e1fee;36864;6c4490159c61f2d6531f55c318d8eb5bd141ed5da177b80b15655503e27653fa;5;0xD000;36352;167;512;3;0;3;14;2566960;649
e54cc138f2955b65.dll;28672;9908cdc13f37335a7cbc633c41a1b647564434d584687b2573f80b2e37d976dc;29184;6ef36766a07e1642bd87d1161b8061fdf65f5ba56372ea38ed0e90f137589936;5;0xC000;28672;42;512;1;0;1;12;2567609;629
e5507a10cbefa3fe.dll;31744;17ab263b6fc5e25d9cfe5c8f4f38ae5ccfc159987b50955fcea40a03f44ec3e0;32256;da26cacf947c8e30da9ae956c4906f8e480c72bea9b9da8e4b2f73aaa2142c15;5;0xC000;31744;166;512;2;0;2;13;2568238;639
e55beeb3d39990ba.dll;30208;d09872c5ad840282f951e69fc495c3de302be6929065a52809527381d82a9d86;30720;9bc642f75c5b2e40e337717a18552cf3817e98381787eb06d2b073f6653d9db9;5;0xC000;30208;111;512;1;0;1;12;2568877;629
e55ecf6936773dc5.dll;30208;1a02f6c2d7b9a4288aa003eec41e0a96f367ff20475c09d1f3ab77525ba91370;30720;098fa08165f3f3d1bb1d7e867acf47629fe3e39829e7a52c624e261a5fda5744;5;0xC000;30208;96;512;1;0;1;12;2569506;629
e55ecf6936773dc6.dll;30208;84240358eb7649be6f36e943b4b971920d6fafb3f0b0d8f55906ba6074db4790;30720;7bd4f85f2ed319753c93c4d44a5315a38986d0049e7e6fb2b8191cb3b2139d60;5;0xC000;30208;92;512;1;0;1;12;2570135;629
e57e309d2d10d6dc.dll;33280;821f889dc48794a378d4b74d051fe366fe8981921262ea6320e47fe6be47d190;33792;abec332158826799ce12b5a8ed94aa7a493b65bf5b3fbb67c4d5438b42a7708d;5;0xC000;33280;217;512;6;0;6;17;2570764;679
e58381a7dfdf7ead.dll;36864;e90f8d2b68cdeb7acbb020359ea0c758d00b583bf8584b2eafab40135ae36ed6;37376;6ff069bfd7a946d1219d235c66d81549a54535c2385f997b0e9174c5b3eb4c8c;5;0xD000;36864;117;512;3;0;3;14;2571443;649
e5904669f0a32497.dll;29696;8be740a60ae8027786953d889a7ec6351c1ad40ca71ada495ec96dff2a052947;30208;f5caa949b86018235d044ac32d3cd2f443fcb9d30593ed2630ddb1d217e7f796;5;0xC000;29696;32;512;1;0;1;12;2572092;629
e591a751222c8a5c.dll;28672;d11563ac1b196e8217184003b221a6df3cf388ac0b572803936d8067761e3194;29184;01dfa9ef0601855e9b90c5c25923f4a1a133fb9e303397202cf2fdb03c4746d4;5;0xC000;28672;52;512;1;0;1;12;2572721;629
e591a751222c8a5f.dll;28672;d5570cf6e4dd43276feab309f1ce09e4499cdf5aed47c77c2ac6fe396a8ea3e2;29184;541a6f848cbacb87769b89f2b4e9aae796fc275a4ee62a9c3e818f0ef503991a;5;0xC000;28672;53;512;1;0;1;12;2573350;629
e5ace2c4d10a8e11.dll;30720;a10bed1d8ed6d52d9bf3708da066611294f1f8a3d578e4ca3214d748f50cc232;31232;e6481cde56174820b0f225703b69d394dd3deebafe39a4deddea4ac6c93621b1;5;0xC000;30720;135;512;2;0;2;13;2573979;639
e5b529999b66cfbd.dll;28672;684b25beb5305a5311abf96a330374f9aafaedbd3f530a976c1dabfa6cc638ea;29184;264de59c0432a72c137d9c25d6c961941b792870bc2b9c1a05cd711a10946987;5;0xC000;28672;56;512;1;0;1;12;2574618;629
e5bad42bcf928f41.dll;35840;a9f6179407d0e97005b575d60c077d5670631f11df3f82d9ebbe84b2b7bbb687;36352;7198a48769d16d3918e25b6ef7413ce7ac637e5d39c62c5ed212ad5f9f529c48;5;0xD000;35840;190;512;2;0;2;13;2575247;639
e5bfa503a2a53882.dll;35328;50df8441061cbc12ac236dd28896d52c2a18ff39d59dccdc0978dba0abf19277;35840;ccccc00afbc7c1fe0fbb591b971576c341b3c5a3ee01fe95a34206a3d71c4036;5;0xD000;35328;93;512;2;0;2;13;2575886;639
e5d54f5e549f9adf.dll;32256;1165b692dd90770d1fdd08d2d1eb1c5d9685facb75e0025bfc243fd6d9c58fd9;32768;058e7237a97e744968a96e0241cda9c06456170f2f1e3fd598b895c1b10cb754;5;0xC000;32256;24;512;1;0;1;12;2576525;629
e60cc3b18f0f1794.dll;37376;b3c5dc50643227e1f6c596a7761737741ba6a5409c77ff286bc3efc4c3d9f726;37888;983a0a9ecd46efdeea2d7a846b0fa5a3c6ee4cdb80c58674b793d626dcd82735;5;0xD000;37376;45;512;1;0;1;12;2577154;629
e60cc3b18f0f1795.dll;37376;00e9c430b9737cfb201478dd3e32b0b65922acb8e451812b3ed32f8f22784817;37888;4aa0251f005075c3b10cd63d5201edc142c7c4355c2fc301bf8cb18501629178;5;0xD000;37376;92;512;1;0;1;12;2577783;629
e62dcbce7f2e5d21.dll;28672;e0f974400842093ba01d75f29f6ad0fb3772099f3d39c5bcfb2d4abb74513eb8;29184;16791224800c9340fc88e60a063dbbe6d7234a461c2a21766def1810c9a0ed1d;5;0xC000;28672;37;512;1;0;1;12;2578412;629
e63b466bff94a63d.dll;31744;31bf4eaab4aa947c74896aae3756da2e9bba322c6105084727605f8027b8b162;32256;28f027d99edba11df5183d5e0d49bfe46a31d12f9ed0e7a33f9ad0e4102fd7df;5;0xC000;31744;420;512;4;0;4;15;2579041;660
e66540ce911e6df1.dll;30208;8b6a03b791150545c564395eab1d7c830e51bd4080f824610e0ec4ed9528b059;30720;53c2f0a4e5fb8d086da6a9fe2b68e2106f0127377654331bbb557f492a3d55b1;5;0xC000;30208;137;512;2;0;2;13;2579701;639
e666e9618e412832.dll;30208;5aaf3c0c6aabfdadf36adb009894a4bf568d1e19b9a61851cd28eb07a5e3cba1;30720;14694b2725d166a61781813f8cfe383452c96ddb5eb734a3ae15f357593840f5;5;0xC000;30208;283;512;2;0;2;13;2580340;640
e67de2895e6e3043.dll;28672;2dc0afd7361557b0390551d13cc218cf0683e8e99ee8e344e21525246249f131;29184;1a11fa93e009deaa59af024decc28c8c02cd9dbc75b452dc5e6bf59a088f09c0;5;0xC000;28672;49;512;1;0;1;12;2580980;629
e682394503458140.dll;28672;92d7bcdf7437c054c8a7d65189b0e003ffc141a5fe51741b2ff99c596d062f64;29184;75e8fdbb673df4b6235137d30131951bd2d7d19ee57145ddfb36f284f17f0450;5;0xC000;28672;64;512;2;0;2;13;2581609;639
e6a2597261d7e194.dll;30720;34e598162d74ac92703671d23aa13a95d4e11b098267caa2ee08a40e900d6f88;31232;beab9e50392fded37864551fb9ae28c34bc0dc8e036ee70620562b5aef66da5f;5;0xC000;30720;156;512;3;0;3;14;2582248;649
e6db24aceb8f1313.dll;28672;f93ac51c19d2932f489c50d6a46e783c962f8be1153c55b29e80d64bff8c0097;29184;b16c32c3509a8c57108f2bf3c4022d2fcc7e62b44084c2f858a2f696610466fd;5;0xC000;28672;31;512;1;0;1;12;2582897;629
e6fc10655742ee00.dll;36352;cd69083b3a08734e87eaf0d30a2a166d8a1d42e025fbf364a95254b2e86c8989;36864;c9f8e0a6d6737e8ec479627acde03e03cd331313c20218f4c1122913937d05bc;5;0xD000;36352;119;512;3;0;3;14;2583526;649
e705254c90a9cc7a.dll;31232;b5d4486e551b28a861924970c18103dec7b6de6e3211d61c3f442f5f16ae1402;31744;ea58e78a1220d832aef355839b859a0db942d1cf28bc13cd6998330cf6551346;5;0xC000;31232;338;512;4;0;4;15;2584175;660
e705255696b8d279.dll;30208;d915d7039ac291fe1bceb8493eed6e612fb963198e8f19d67dc64d2520498d62;30720;9ba14acd03a8da1a8ce300b23953ae0be4aee95cabdc1fa57aea653aa2d02c8f;5;0xC000;30208;54;512;2;0;2;13;2584835;639
e7381a280c518231.dll;30208;71b3cd984cda0d7abd67b8b43ed8c302fb118ff46466d72f280f5a02ca9d41ce;30720;385882b4217e50a1b25fb01e19b80c11da8cfd5d12125da67466add85d5e9379;5;0xC000;30208;10;512;1;0;1;12;2585474;629
e73ce00dee823f48.dll;30208;af09b03e718033fc588d7cc79b3ff012062314c5c4b9649a2de24b88b0c0c5f4;30720;d4fec5a7359329cfc81b22aac935def0222e2e77fb5ccf307035442dcfe97b17;5;0xC000;30208;114;512;1;0;1;12;2586103;629
e73d3d56f96d5be8.dll;30720;15654c7d54bc1550df38ec2a23922bcc7ebabfea6871b97b7eb4ea89e01df58f;31232;5aa683ce35e0c77828d24ab353538dee5ccf2f5e8664d858ca70ffc1f804a282;5;0xC000;30720;151;512;1;0;1;12;2586732;629
e784711944fba933.dll;32256;f0c5b2c8059b441a8ae0b52e99b02ac3f37e01e42460d144b11402e62f82a959;32768;89197f73c5d1a4bf9d99d4b0cffc3c91a5b5cf0c5383567fec135a088ca0aca6;5;0xC000;32256;49;512;1;0;1;12;2587361;629
e78cf39d98f8423d.dll;217088;658510364dba69512b75b3725e9f6b0a55dbf16e68d534e92ab708c8acda1ba9;217600;49a65d1e48f91383a918f27242ee3b4225ed955c2a2e34918d54ff4385e568bd;5;0x39000;217088;197;512;4;0;4;15;2587990;663
e79027a4743843ed.dll;31232;9e3d653b8bf60c7766de666659c6869b03ca362a0385415c3e3080b6463689c9;31744;81b59e54b5e6d54c03c052ca33bc489d5060f1c3baee67534566581fe79b3e7e;5;0xC000;31232;29;512;1;0;1;12;2588653;629
e7a0c427ea852bd0.dll;30208;16fa7c882e734ac91f12d8dbdff7a102edd07b92a77dd813be4937da3188c39e;30720;c4fba587e3be06616640e5483f1a10ed95806ed9edceee586be4a73edfb0ecf3;5;0xC000;30208;107;512;1;0;1;12;2589282;629
e7a3bab39a8303e6.dll;31232;1eecce51173de543cb6500e9d6e108358df582e15d4b6b00027eed1324006aa4;31744;4dc0977a9a051eadf8b1f03c515c285aed9f7389f0ef5195f02b7c1ba26bb32d;5;0xC000;31232;220;512;3;0;3;14;2589911;649
e7a4cf640b906249.dll;34304;220814d4495ec1fe2575c9267c98d227c2a79edd37b39dfe84edf12856f0ab3c;34816;3fac649d52595e7032e70c4b5ec9c5b6aa03362093d2982c9f8baf2ed741f0da;5;0xD000;34304;262;512;6;0;6;17;2590560;680
e7b768959c64f9f4.dll;29696;705216f2823b577118541d3961250a7a8174fbaf95930575bc596643077b9988;30208;ba7dcce4bfca026d789d753f855d46f2eba9dd022f27128d59ca5252e33b8de7;5;0xC000;29696;62;512;1;0;1;12;2591240;629
e7c2db2180a69df0.dll;37888;1f227302498c861f6960bc0e7a37c8d8a13d913cf1a3924bd1dea5cb823b212e;38400;0fd059d811955e1962882a31d223e6a440a4b809cbef8a934f1ffde7a40da863;5;0xD000;37888;314;512;5;0;5;16;2591869;670
e7d0b9c8b047cb0b.dll;32256;eb202ad16a55c1a668ce240c9c654238eb994430aa012ea3c07651ecb73a17d9;32768;1c66bb04a6207cba0086d5cd7473e88a41b124ad6a738584fdb657dedc42b3cd;5;0xC000;32256;272;512;3;0;3;14;2592539;650
e7f07e9803d58d08.dll;32256;5a41de7fe8e29a198f865315688b7365735c5b19219dd6a096aa61c0c1b31717;32768;643e413f6bdfe16f41b494c50c1b79e6f480d870d8421cd77206e98f49e40f52;5;0xC000;32256;201;512;5;0;5;16;2593189;669
e7f3985f5bfe3187.dll;31744;62c9759a34344d6be225f628d0a56755c1d918269c49f3837044e624496a8fbf;32256;dbb81c66efc064de9beba01a1056da4598800ca9796a2ac6313f691fa9939915;5;0xC000;31744;202;512;2;0;2;13;2593858;639
e7f7a0dda76bca86.dll;31232;a5e761d33e6681b77e76cfa91707a361ba2ed1183273cef95c7c66fe72fb9981;31744;967fe5c4b682c21050705aa463e78b296ecf7b78f8d9fe7f77f249b50df5d760;5;0xC000;31232;146;512;3;0;3;14;2594497;649
e80d0afdee8dffc9.dll;32256;f22c01d430e437e35d88b8dd11cee522dbe51e1f9fede00be6d0663be6c029c1;32768;df9bfff243d190d12e61cef4499045b8999df0827677360f663fefe98530b255;5;0xC000;32256;26;512;1;0;1;12;2595146;629
e80df692ea049cf3.dll;32256;0b8a36e5b0029c3ace878a1a7367a721fc71547ff10c1dbbbd35fdc7a43c86dd;32768;ee6c505b96d2f6f45e28b28dc38300f68143f3aac330ef4512fd9aaeb3dcb729;5;0xC000;32256;34;512;1;0;1;12;2595775;629
e815846eba5ffb8b.dll;28672;703777e6dedd64e9df2818e9cf6a8a2740f15985249c7a4f006fe83e4ecd875e;29184;aabe6bb4c040a31c97d2b27ff4a67a3c5521fdab30d2ec402346070359213463;5;0xC000;28672;30;512;1;0;1;12;2596404;629
e8456a8bf0b00fa7.dll;115200;2c06f6d7dd62571b0d00b5da740cb86d83c72859771395ae3dd9188d9c9afb7b;115712;4a43709009104da12ff27e209e1475fd81835dc49e3bfd8995bbd95a790bc2ab;5;0x20000;115200;167;512;2;0;2;13;2597033;641
e8534d9ee9141071.dll;43520;5dc90a6223cdd5a39019bd46665d7ef1380862e0f13adee00b7bd3d51fef459f;44544;ead3480729b0d30c906d0ee53c8401c41c7fc04b756d17cdb2c4e3da367be61a;5;0xE000;43520;657;1024;9;0;9;20;2597674;1222
e857f9fdaad5c910.dll;34304;d5d06ec63af10b20893a4b666b393429972a6d75ce1d0359920db0b56d9be027;34816;e9c14632a447ec28f24bb9f3b617244bd384874462d27001168ecd6279a5c2af;5;0xD000;34304;67;512;1;0;1;12;2598896;629
e865dbaa32530d16.dll;30720;36d99dc6b0a57e0ede42ba6c28645358ff440484397fa32756c5f407e439854a;31232;6102089c8bee5a073eb88b586001de1467e9ee417cf6e0b9ffa965ded98c7cda;5;0xC000;30720;53;512;1;0;1;12;2599525;629
e86bc66a66663baa.dll;37376;d95c96323cb3383b6bce872f8246307cf4c24a887bcb3494c3e4a2abbcf2cbfa;37888;679e2b2eb87ac014a1719d38ed713efae4b3f4ce1b0810599ae15801eb45384f;5;0xD000;37376;192;512;3;0;3;14;2600154;649
e86bc67b6e602eac.dll;43008;7157fbbef66e45796ebc18d0d882406251e21ce22698b05e4447d47619ab94bd;44032;ea6cfdef175ccb2131a6e59de52348b177156d2c2fa580aa7c8df1fb7cdc40c9;5;0xE000;43008;780;1024;9;0;9;20;2600803;1222
e886aa16a2a16dea.dll;30720;7f043eea070fb835b2caab56d1d10256fce02da698c1e470a8f23ec4223239be;31232;8411a2e6c2b1dfd7bc95d9ee70695b019dc2dee294ee146638f89a5dc8f40dda;5;0xC000;30720;55;512;1;0;1;12;2602025;629
e89266239753c110.dll;33280;012f182d37dd29c505878051ef2f33c60201eb42e9622f004be150bfe0c71a5b;33792;48b35b493b5db7d938cb4eb9bf616fd6089ee034c6ff37d5043f5a7d18f38869;5;0xC000;33280;169;512;3;0;3;14;2602654;649
e8967b959d95ab8a.dll;34304;56afcdb2904b1c44566757b99d6680ea20cd621c26ef77deac7173c684ef3b2b;34816;94c36040196cfdcb3bc2c101847c53094386814636765b12e614218981f85627;5;0xD000;34304;24;512;1;0;1;12;2603303;629
e8a0c186a489b0b7.dll;35840;4aaf979636e50aa2133a0104d6a3dc4fdea9f942b0c33329a2d1032c773a3878;36864;1ac53d9b9740a2f54e9a892e0d046c5cc3b952e481f49f539f14195ad2071299;5;0xD000;35840;665;1024;8;0;8;19;2603932;1212
e8bb6b73de2a00a0.dll;31232;bfcc15f19d7f1502c91c75baf0f1c608db85f56439545f8156a6318447f6aa18;31744;6e8e91271b1cae9c65937677a4742c6b8979af274baae11fabec3934b8ea88a5;5;0xC000;31232;110;512;3;0;3;14;2605144;649
e8d0f98d8d6d5cc0.dll;31744;3c25058bf7ab03718e8d04919242c691848e62c9882bf85136aae7615d799ff5;32256;5a410d3748cbc45a38258d798d4f50661c027603dba6e3c384ca00b81b697f98;5;0xC000;31744;293;512;4;0;4;15;2605793;660
e8d1d7bc9c0da1a1.dll;45568;41de6a5f6993d8ed7bcd2ca5a1c748abba0a9b00bb6429453fea36a609329b6a;46592;bde79ea7f1ebb5dfb6ace637a1bdddae6d1d4731b3bf4bd72554716606177f37;5;0xF000;45568;572;1024;9;0;9;20;2606453;1223
e8f70c91baeab703.dll;30720;f051a4e12afb985310e162cb49034552e5c728a2ef0c24f01f542416fa7d08ce;31232;54bfe040233c3ba8cdb5bfbb56913f5ed9290757513525b8eb2e846faa5d3c7c;5;0xC000;30720;100;512;2;0;2;13;2607676;639
e8fbf98a30de5530.dll;38400;d9c07ca35ed1ad25d55ee98efb928f565d4d7391959ef56bb5eb6ac604f5021b;38912;1d6bea034c8c299e1cad5b644973610977ca6672986163689927e4e56896c6b1;5;0xD000;38400;60;512;2;0;2;13;2608315;639
e903f757b1fab777.dll;29696;ebc9dc8ab577a5954a0f5615506894c3b494b8fbe48e95f88d3051df2cf723f3;30208;b104693ed0f0296d93c67fa515ab439901253d04e89d939d686f1c14832e8387;5;0xC000;29696;46;512;1;0;1;12;2608954;629
e90766c49ec3b4a7.dll;31744;d83428b2aaf7379e9ff02aaefe5599d1404f8847c708adc631e7ec7a05062ce8;32256;62e9b9397a9cb9ef0ecc527b3135baac22f5ab68a7ff57e11b46468db2da6fed;5;0xC000;31744;174;512;1;0;1;12;2609583;629
e916c16d55069b2d.dll;28672;7ef7ee993f82e156d651db2f66da0e95cfa3b1b718160f909cd02da7058011bb;29184;9d191f7ba9d86b684a094648a392b7d568e4fa226546370bcc25fd91c3b2a837;5;0xC000;28672;86;512;1;0;1;12;2610212;629
e9435823a027ad27.dll;35328;deef949d807ec767716fd1f22aa7929e1d7b7377d646438b3b05f5da3cd85d81;35840;4bbb6c31d7b4143b04105e42a179f2a1d8d8ed311dd8f92c9159baf0579d6f64;5;0xD000;35328;57;512;1;0;1;12;2610841;629
e96e3a5c1763c46d.dll;28672;2da18ff3f7555848721431ae35344cdb8ce6c86e7f418acabf581d18a435f903;29184;e9b6dc01bc7a091deb0342ed6861fd992584c835b0593d0ac6eb18edb03388b8;5;0xC000;28672;55;512;1;0;1;12;2611470;629
e96e3a5c1763c46e.dll;28672;5630ec702d29b6aca80a6c16022c77c469e726fbd3458645e60614012c24d815;29184;98818b8339a20cd4ed3db07fd66f8ec95fe384a542d5e175176b29e944d6513e;5;0xC000;28672;103;512;1;0;1;12;2612099;629
e9715034b8379c1e.dll;40960;6f9a4d7d1532c334a7719f15a2d27e0d9e5dd574a972d9cdf51d962e6ceff8e4;41472;940c7e166b669411b02e161233fcb3e7092aab5c6e67fd28c64571b26f254b49;5;0xE000;40960;372;512;4;0;4;15;2612728;660
e9824377a81cd565.dll;31232;67281c1fa9b2ff4246f496983ade14cef12eb0564bf7f0f83387aa6b9fd982d2;31744;d7754f8359f9de27a56b423d56b8194cdcc1abd4508e4f6b1ed92d9485164767;5;0xC000;31232;184;512;3;0;3;14;2613388;649
e98390de5d78f1de.dll;30720;6717c81c08cbf1a4c49d45ce0c404df2a6461fc0ec4b584bf2f388e45947fb7d;31232;efff788827b9b49213779e4d75318199595b4217b266020592a8097b066e15ae;5;0xC000;30720;100;512;1;0;1;12;2614037;629
e98bd1924735fc20.dll;36352;d297b744442d3d948da3f79c6ea2e7ee0e14ed71b411bcede4fd632839a4b6e2;37376;3653ef4a05fe6f200a98a88682c27cb1e3b921ebdeb3e7fc6f1407124923174d;5;0xD000;36352;586;1024;9;0;9;20;2614666;1222
e993e1b1537f6aa1.dll;37376;9f099311c0eb28b0aff9d01f6502d97a986f5f542edb6a191ab9493ab82142c9;37888;ffa7141fdb5e38b26a97bb8e72c23ff4cff62c0c63b4f82a369ccef1395aebf7;5;0xD000;37376;63;512;2;0;2;13;2615888;639
e9aa6f87eee2ce70.dll;31232;d5caea96c1780decf29146de1c7c7a6669ac775d82029cbc2bcc26989548be24;31744;bb2ac5dba23e8b7ba7dee9a42fe227c54c939b0c1ff5a8cb25e561af9a5c4cc9;5;0xC000;31232;124;512;4;0;4;15;2616527;659
e9b23725efa5ff99.dll;30720;6923f0134ed8b9e2b3e59d6859c4042525f741d4d8627e8ffec2007b4def7d54;31232;ed5f13893348e6585664e97362d5446a1f3d22426c19637e64368f0a38416ac6;5;0xC000;30720;176;512;2;0;2;13;2617186;639
e9b23725efa5ff9a.dll;30208;f140b9a8c8d90353aef719a985f60e4cdd5ec2ee333b8ea5e2272ca4ba9fe4e4;30720;86420c3c75e38d4f29fd13f3476f8a003feb434ddc274700ff3e8b093ba9db24;5;0xC000;30208;99;512;1;0;1;12;2617825;629
e9b23725efa5ff9b.dll;30720;b640b917e3b5b862e7bafb6ddeb51a5174ea20cead98614d4d9bf5ae47276c3f;31232;32b8711e51324466985adc941e05b45967e3ad503b919f5c70047dfc0ccb6815;5;0xC000;30720;115;512;2;0;2;13;2618454;639
e9b29d4aff905a95.dll;30720;527c79c16427a2df48a44ded068638c1cacda0a79bb9361386cfcc9b2598fba1;31232;7d3fdf4b205ed4c4ed5357c5afcde5477c771c0e1b96b636fb87dce96e2336ef;5;0xC000;30720;238;512;2;0;2;13;2619093;639
e9b29d4aff905a96.dll;30720;bc459c86c201acae01846906e4cc85eca8d42ceb516d27acff53cec42cd9aaf1;31232;44ffd2cf4f0a6ea26f11b8440e0f4c55fd36b4910cd2eabaccfe9b3180b27e70;5;0xC000;30720;129;512;1;0;1;12;2619732;629
e9b29d4aff905a97.dll;30720;1b48e89a7c453e524941181ba95e04cd113f1590c91244fcdfb40a12727ed780;31232;9b2325103d39e180b5566959090e9d9f58a8fee13f89c08dc50d7c62a7508659;5;0xC000;30720;191;512;2;0;2;13;2620361;639
e9c6bf44dd71aac5.dll;30208;d63a8557d3b9cae4044b1a619a712fea5a04bbb834c19b765b6519f71104d20d;30720;a47522a36f2cff8b82bbe973835044ba07b68252ac44551255af926aa817f238;5;0xC000;30208;304;512;3;0;3;14;2621000;650
e9cbab7b9e84bf63.dll;38912;904aa7c6737c653d3b63305294f054e92757fc42f097d5da85f5d7ae005b92f2;39424;42861a865279c16cecb754f0932be0cea31631a292cc39f7f697c9cffd3009a0;5;0xE000;38912;124;512;2;0;2;13;2621650;639
e9e47f385972091c.dll;39424;283a48b640ef231479fae7a4640a2890f145f6627d6a5593cadb87b1e15a8ea6;39936;5db1a1a1d27d77fa3653d63b5cba449ff4957a4af095feb8181cf9b9cd140de3;5;0xE000;39424;188;512;3;0;3;14;2622289;649
e9fc841e02588e03.dll;38400;0565b408fd50e18e383d85db4b96b00140ea252540821d4a04d20c5c1b1ec97f;38912;ec48cf377a0c4c51290df1e221463a4bc37a46ffd3ac0890700276187971d5c0;5;0xD000;38400;319;512;5;0;5;16;2622938;670
ea1465cae207c42d.dll;36352;410c98a19e9705cb5ad488f45623914bdfd5bcd9f4cd34c9d7491a42204de1cd;36864;d5902412aefb6f15cb5ffac564598bd0cae092f6d7c170d3c4e147cfd2a39a9f;5;0xD000;36352;79;512;1;0;1;12;2623608;629
ea1465cae207c42e.dll;36352;1bd425475b2e2e12482a677f1077aa0bd4d2fc981e16b973c086c8fbf1b40b2d;36864;68e9838292e4cc3f24eee3017dfe815f4a3c66d738441e04741bbcc38bb71a5d;5;0xD000;36352;81;512;1;0;1;12;2624237;629
ea1465cae207c42f.dll;36352;db4200c926536b71604eda7b319d8d1942294e3daee9412ebae674d41d79b57b;36864;39f261f8afe3cb55892d58be79729fc525b7b96bf7c3d554a80b9a5ac3e7c2e2;5;0xD000;36352;69;512;1;0;1;12;2624866;629
ea30c72732cd0c57.dll;30720;426eb5fb9ff097dbbbe848cea285905ed3f8789f9d1515e11535f6cc4c2e7030;31232;d0c33e567dbcdc6861cd55d3a20ef32c88dfce0846c3bf36383b15a64fc43ba3;5;0xC000;30720;84;512;2;0;2;13;2625495;639
ea3b4b51c0829065.dll;80896;30155d24e8c8a2ada49a313bca7a5e0b8c2d4bc92627a7833ca227b50ef6d205;81408;1e74c0fdc4b6fb6652bcd4612d6ef9bd8eaf3fdcb48bb9c643a28873f7dd6237;5;0x17000;80896;72;512;5;0;5;16;2626134;671
ea5c6bab667d2d8b.dll;33792;ebd0658b6fd3acbdc05fa12de76a587a440cea16632c05bec846470a2e357d49;34304;8557d69767c7d7e5ff6a06fda9f27cbba417e269a8f66f56ba3857db77be1b6d;5;0xD000;33792;52;512;2;0;2;13;2626805;639
ea64713150fcde09.dll;69120;bf346c0fc28a8f420438b6c2ae4f3b3cb5f6e3eb69d2ceeb5b44da0e60ebf2f3;69632;890f632060a2e608da12061197e2efe1460308fe41178132bb557c497037263e;5;0x14000;69120;41;512;2;0;2;13;2627444;641
ea6c48e80476b6ed.dll;30720;a487e0f6818f9b72ec4761b46fc97330656e65bc06f2ec761c17ada0d37d97a0;31232;a14c947cfbaca040f1711cd24677d192817e8fd245bc1733878fab8ae611222a;5;0xC000;30720;243;512;2;0;2;13;2628085;639
ea6c48e80476b6ee.dll;31232;1e71dd9caf9afb242a0a4fafdf02bd451ea3078b98f62080e466ebf897fa8c8c;31744;124434f38be602c38d957aea48c84ccad87cf31732bd813505c5f02754f07f0a;5;0xC000;31232;249;512;3;0;3;14;2628724;649
ea6c48e80476b6ef.dll;30720;c975febd5a20dddc7c79c26ccca1a1c091890adae73b7849a6450f3325a0f207;31232;e29a20e210a1dde13da2cb4ecae5279726176a1a3bbfd62fc65292f21d5ed7b2;5;0xC000;30720;274;512;2;0;2;13;2629373;640
ea7d3352e6523cab.dll;30208;afb7db50bee4d410d11fddc6df24d483feae1d2fd4670f8b6902dffdefcab5c8;30720;ea185cfce1ff425cffbe7882c44432faeac9d8cd676dff534bf7d833c08aeb79;5;0xC000;30208;324;512;3;0;3;14;2630013;650
ea81a2a3afc8f4a4.dll;31744;b1cb38ea879bde94c0c4ccd2bd56861b7e78cf2444308f97182f3256bf9dea45;32256;3e5ca87c7513105e83cbcf995903e6ea9d9eeda8ade68b06b80efe0b440acbc6;5;0xC000;31744;138;512;2;0;2;13;2630663;639
ea81a2a3afc8f4a5.dll;31744;5fef08b0658c6dc17e86cf73b9933595c2c05f4be4161807576936df772036fa;32256;3c116711fbc5ec99a4e8360d71f714e31ef343e75b2731d4f9c40ed9e5386a05;5;0xC000;31744;110;512;2;0;2;13;2631302;639
ea81a2a3afc8f4a7.dll;31744;f55a637b544a3845739042cc65a0cc5e39a33f7654611416af1eddcbb4690253;32256;572867a9f6f69753583661ddf2357be900abbb455a16e95a2535b5e788f16778;5;0xC000;31744;134;512;1;0;1;12;2631941;629
ea920d4affeb984b.dll;31232;311821de5be06440f47dbbd78b8de2676de442af26138a2c63f360e28132107c;31744;9d9d9c7c9a8704583e730462a889664772677850e67faeec8cfa50870685efd6;5;0xC000;31232;148;512;3;0;3;14;2632570;649
ea9647486194e493.dll;35840;0c4c562f5748c2ca9767ce809e2f0a61519330d686d4bc98382543e150ee654f;36352;83f204dc3a0bf158e0473dce6630eae646df04b9997a0acfd9fa25022cf490d3;5;0xD000;35840;27;512;1;0;1;12;2633219;629
ea9647486194e49b.dll;35328;d8322a97d20121a4028fcdd93f41f1d64c58ba6cd6c14589b6356be56e44ef86;35840;9185aedc5eafd5b75b36d82b0167640fa032b9723f47f30013c49a439fdd95d8;5;0xD000;35328;21;512;1;0;1;12;2633848;629
ea9647486194e49d.dll;35328;0d94d0c70520974e8faa1e9e8ebf5573ea94f993d1088d4210d430213f84e5bc;35840;475d560bcc42977c739ad4079e061786a01595fb97ece152dae826e6fbbe2ae2;5;0xD000;35328;18;512;1;0;1;12;2634477;629
ea9647486194e49e.dll;35328;e2464a2559a8795e052039e84192711008e297a160be3838682e026189403c40;35840;819c1d97df2688f25bdbcb0205d2920efd4651af09c52feb425215fbd1d7d006;5;0xD000;35328;19;512;1;0;1;12;2635106;629
ea992beef37f916e.dll;33280;e5fe25c60bed6568dcda06359bf6191d5fd23e89c4c509d25f4688b9426f3eb9;33792;e4321aaf60b9cf4cee2b00e844666873d6d373fed53bc5ac0b60fadd612f7de9;5;0xC000;33280;502;512;5;0;5;16;2635735;670
eaa56d7ba6db89f1.dll;36352;cd3c1d69d9f3aed1624b1131878fefa73994e453d0d0088c6bc5ed1f32b71dcd;36864;6fbac7f18ba6b9a8d7f1f9b129f1d0bc8f08b80c331039f160f32a64e0047fae;5;0xD000;36352;111;512;2;1;2;13;2636405;639
eab3c1c91a129da5.dll;35328;61f9468409be9b3e048c32a62681608b0c1b4bb78e449627732382fd2b8171fe;35840;28244506a9cecfb4ddc01e28e5fb168163500ee03e359ce048b3b3c6c146fed7;5;0xD000;35328;168;512;3;0;3;14;2637044;649
eac564358db93094.dll;34816;54c95b276104afa47370d910c153d2853aad7a6c2a1e12878beba1c2d410c000;35840;f6f00e59a273c9249c67f58b0f424dd1ad6e1b90e5945f2f5e85cc50060ad519;5;0xD000;34816;573;1024;7;0;7;18;2637693;1202
eade8724d07cad04.dll;34304;acf9a8ff5d34f24b010345a49f10cd57c1b7c3a9399e65346140146db36e5efa;34816;981704e4cda22058a0459404c5646bc502037078310c45c821bce3c6e7f35566;5;0xD000;34304;103;512;2;0;2;13;2638895;639
eae1f9a08cb1c13b.dll;30720;1ecfba90932cd3bbfac80ff809dbca050190ea4f3d906f77c61d0697c052e61f;31232;fe88669abd6a69cfb85fb655b01e0aa462685216597e651ad6987f7c2a7d15d1;5;0xC000;30720;107;512;1;0;1;12;2639534;629
eae4c90634db25f5.dll;34816;089c9128ea7503838a01a117fdfc1ce896ddfb6ce36dd900318008279c4a1f26;35328;b98c6aba40a2f657dfd34fa7b3d0a96ed18fd21d83418d81404a57a4121b2758;5;0xD000;34816;511;512;7;0;7;18;2640163;690
eaf7c3ca51ed528f.dll;32256;b0b54f878d2a4e7f4bbbbbd858a92a460b969aacace72fa0996409ac529ba517;32768;d32f563063c14e30cf48abf72dbf88a5627dbe7da3037ef8494867707bcb9586;5;0xC000;32256;32;512;1;0;1;12;2640853;629
eb1e7059df82c56d.dll;34816;b64545c42ca0e195c74055bbba36ff45874d2a6a11bb064069c453286f8e47ee;35328;b1babb3afedbc8efccf101fc6bd5b0f27a353c7515395abf5207e369a0e28309;5;0xD000;34816;362;512;5;0;5;16;2641482;670
eb3538b3082ad3ea.dll;31232;d91cce27b12711a5ecccd0285b9ffa3627332d2ccad95ef3a4a81ca7608eaa78;31744;a1e6391e95d4d10dc4da1c0846a7e4e4f5a10ca63ef245bb8bbcc670501196d0;5;0xC000;31232;107;512;1;0;1;12;2642152;629
eb4e391cc96e402a.dll;32256;eb4063ee77dbbbb9c562c374ba226c037e11861d52aa6e96dd368b1c24a4fb71;32768;63392a5cf4cd8b8c53cc0fe3a09b903df24d6a8e8153d9db5964029cf0798977;5;0xC000;32256;270;512;5;0;5;16;2642781;670
eb5e8aa16fa9010e.dll;37376;74686d3aad4d91ad013ddabe4c38d60e1009204bd0c79265d2e5b8ee80586a86;37888;9bf1c50818092279007d0686f2b8e11251d9a4aa672c365a3b574b48a139c051;5;0xD000;37376;145;512;3;0;3;14;2643451;649
eb744540eda53ac9.dll;31744;459f6ea9e02e94dd6855a9714dbf2481024c10b92aff58e03e676c7b41ebf718;32256;55a0f63140c2e7d01e6cc8cb4e1a18a6cadae5318f7a47bb14cd4ed14a2c5f50;5;0xC000;31744;157;512;1;0;1;12;2644100;629
eb754990713c84b7.dll;38912;ce21ac3303e803138a6dfed808beff27d1ec05e578726a06474d6555f40395be;39424;be37e6e7d4c8031ab6f1040c8f1e3ef0ed2b186959c83c4c757ae7de420c57e7;5;0xE000;38912;127;512;2;0;2;13;2644729;639
eb83aa7c2830df73.dll;33280;7e99ef4f6210e480abfe6af460fa450df9ed9e1ce21762c96face8a10aba2399;33792;ee7104f0386fa227d46982e279939d4920e6f459f969cb977fbe9d1085cc9eff;5;0xC000;33280;78;512;2;0;2;13;2645368;639
eb8cee3d362d026d.dll;36864;13df09ed950c7ead67f1db7441da5272d242ef07cc8704d25e9ec2e25182084b;37376;b6c65c310600bcfd84ffcd7e1a003861aa23119cba9c63176f70e6cb06e4a739;5;0xD000;36864;386;512;5;0;5;16;2646007;670
eb8f5089c8606da1.dll;31232;45b19ad0ef78274a68adf061e93db02217b83eef3a06a289977fddf5e45a1f31;31744;632d5fb8c6cdc09cb20c3b98a6a423039c11348d0e195b09d91286e510eb961d;5;0xC000;31232;53;512;1;0;1;12;2646677;629
eb98b515842ff9cc.dll;31232;4cadba2886142aeff982fc840e641cf029e0574aa30c0190e942378170899dd7;31744;3b94d58963c0ad66f0e5a8f66ff20b6a919df8970e7337b04205d55b2e05f432;5;0xC000;31232;111;512;2;0;2;13;2647306;639
ebb412b924f45866.dll;37376;bd3b13ccffcd75cdcf668b9ac91de762fb4bf844dea6833b57c3e08c80260b61;37888;c56b3a5ce6a93872c6c1c596e2ab5169173480f3decdd500835bb7abe3e67bf7;5;0xD000;37376;18;512;1;0;1;12;2647945;629
ebc756f01c1cd370.dll;35840;8384982b8ddfcc8cddd0ad846dc7ef2e15f04894584bf642135fad8ed0880c47;36352;399035850e262342c142b9c49ec5e8239178504155bc66934fdb1d5a7dd4bec3;5;0xD000;35840;124;512;1;0;1;12;2648574;629
ebd53105bde66175.dll;52224;6acb358972b48b4041e4aefa26a74247f666190a7201290763535b4e89874005;53760;3d6b78a37da4019ca31ad59ae27c0f3cb6112f2bcc8e7370d5f0642115a64241;5;0x10000;52224;1300;1536;21;0;21;32;2649203;1853
ebd7ae12973d0e8c.dll;29184;229b0134d3ffe7aa06a8fb38757f112dbbfc880fd1ee17b28e63151e71c4f2ce;29696;e3b77fafd6cbd1119fe7909a70ba184f285ae1da5d612180d802d654125146b9;5;0xC000;29184;28;512;1;0;1;12;2651056;629
ebe03f0df628b2e6.dll;36864;cc759b5dc4580e7c68929818adcdfa89b263b76980a65a035aeb17d452825baa;37376;c6850f6ff3d6450e12a500fd6e8992e0084d0098998c65f7f91b3d12c0cb002d;5;0xD000;36864;462;512;8;0;8;19;2651685;700
ebe85529356961a7.dll;31744;331b84f9856edb874299e2d767ba1c6d1851f3f5ddbe7dcfd3ddbe1a9cb9d1f9;32256;467a2a7cf63ac13d5e2fc2fada64ba80cf6e878b6ae70a4ed846f3dc01d9668b;5;0xC000;31744;182;512;4;0;4;15;2652385;659
ebed5011ce72408b.dll;28672;226cd5a6ff65c599218a6bc2caa351456c8dd0a9e26ca3562455ce5d6f26b56f;29184;d98d502e7d61a4b49c5e0b390f2149c3ba7cc5346b819670190d99dd9b7f407b;5;0xC000;28672;43;512;1;0;1;12;2653044;629
ebeeace13ff6ed9e.dll;38400;d6eecefb603a08bdec5f15392241ac68a03283e69c2dd85ce7de18fc100e06dd;38912;86845336b98325969eb7b4c831dc711e8a073527d38e97865b346568deb67e18;5;0xD000;38400;149;512;4;0;4;15;2653673;659
ebf25c7c94cf8e7e.dll;29696;cd956da166bbea532b3a771193a0efd3c0bab08ad4b491704e73b6fe05645419;30208;37d88eb345974cde691707cb83ff4d8bcb2932405326476830c37e9144b884a6;5;0xC000;29696;49;512;1;0;1;12;2654332;629
ec0029bfe1f2a098.dll;31232;1cb303a05e5d667e0ef5e46c11965f3cbc0fd8dd4644d2ba5b807c3e749c158a;31744;2e3e4bf663f1afc58e1685214287eabfd9b20eec4c1eb7992dfc804469b986f0;5;0xC000;31232;118;512;3;0;3;14;2654961;649
ec0029bfe1f2a099.dll;30720;d3f2560f77ab7abc79978261d5cbf0a19c448b27b4e71a19e6dd0e0dc042d494;31232;8d0d45b9e6ebd6f6cf8020ef643ad14cd545de39c4486be73e63dc5dba132e2b;5;0xC000;30720;102;512;2;0;2;13;2655610;639
ec0029bfe1f2a09b.dll;30208;5a220ee62d42bb985bab35bb70a75580c16962404bef4a30ea83863790785366;30720;4ca47870cadfd3d22ef840f03da8414d596eaae9c24f188213313b31813aed92;5;0xC000;30208;59;512;2;0;2;13;2656249;639
ec0029bfe1f2a09c.dll;31232;528c661b3ab54f29de2f8330a86d3dd1b4f7f33442e3a909be31e5704aefc579;31744;d97b75b7a55296e586184ef479ae811b789fa50ca4d1fb8418ada285b5b8682e;5;0xC000;31232;102;512;3;0;3;14;2656888;649
ec0029bfe1f2a09e.dll;31232;6cc5ba33fcc3363bef4e78b16019d3e7a12cbf1c4d1f92c78a6e4e0bdf645dec;31744;b5dd63e1783d35da830ee38ee39528776c0418a90f04b02ef19f786c37869d12;5;0xC000;31232;100;512;3;0;3;14;2657537;649
ec0029bfe1f2a09f.dll;31232;1de23502a0b2eacd74c3a3ce785e1e6d5aa958899f64b37a5bdaaadfc0820cc6;31744;a9046b991338def0fd556414b12e7a2a219664e5db329768468954fa0b543020;5;0xC000;31232;104;512;3;0;3;14;2658186;649
ec01ea842296045b.dll;31232;50c37111412e59e68185f2c6ad00b092a547e06683b077a6ab79e65a3915a194;31744;65d3c4fa731075178f1f99ab42144f6b3656d3261546e2391988b53a473ac648;5;0xC000;31232;150;512;2;0;2;13;2658835;639
ec01f4c0420a282c.dll;37376;09ce5e6a68b8139efb168d279d517ee20a7fdea92a4aac79c1a229687d4749a4;37888;086c30b9c13d88d0eee96fe2def4307357368d012c1ea03dae4fee270533d090;5;0xD000;37376;155;512;2;0;2;13;2659474;639
ec03985c2336a8c9.dll;30720;8235a3cf7e73f8a6a295122a06f9341d6b39f2298481298069064cb7c30fe1b3;31232;900f213da5d7657d6f7357c98469de6a64e1e3c9b39cc8b4ebfa968996ea6440;5;0xC000;30720;146;512;1;0;1;12;2660113;629
ec03985c2336a8ca.dll;30208;bc22a1c00d4476b811b9b5e9f4b023a88025c50a604e270f4b8c5ab4f3e7afd8;30720;fe043958929b8f15b04758e3c256aa0f9aea04eaacdf6dd2384a551f1bbb6b6f;5;0xC000;30208;122;512;2;0;2;13;2660742;639
ec03985c2336a8cb.dll;30720;1b6a8eb1bff640420290d50244c09944caca1b9cb9d491f64c41f68967b996c1;31232;2d42ee6fdb13617cd65ea04e60b4066ba6fcbbac2a1b2da7be8b3b5284b767fb;5;0xC000;30720;119;512;1;0;1;12;2661381;629
ec266932979ce479.dll;37888;d8b0a7773a87ca5b1c344d7a87685620b5f3856ec647d38b0a88138aeb60ee2c;38400;334abe627b30a663cf84a03f5a1015a3eef5d63f339ab1beb3c32b569862550f;5;0xD000;37888;241;512;4;0;4;15;2662010;659
ec2b4a5c833007be.dll;38912;01102731759e1b5ce49ecb6313867e722cd3147e07e3416ae3cd439c6e0992f1;39424;7aa06310d96b9acc99335057351a6cc64188d6823f4edab1c0247d252362faaf;5;0xD000;38912;251;512;4;0;4;15;2662669;659
ec40ae595ca3a9b5.dll;28672;a8edd15e43cc17715e99fb32f0f9d1a991124d82eacb4ca9df31e26be8c10bbd;29184;fb6e08ce7f15fe8e3c865b771bcf7dce5ccb1d8b6013aae51288344e2e8b36a5;5;0xC000;28672;37;512;1;0;1;12;2663328;629
ec42a657c1f7ce15.dll;37888;45c17bf67dd3e75c2057a560c3307f376cd554b539cb2747d7aa5de0ceff3de2;38400;79d7d3214aa330405565bbfbc190d45cf7cc0d0bd203bdc9b7c5e59f97fdb9a4;5;0xD000;37888;384;512;4;0;4;15;2663957;660
ec498f161703382a.dll;40448;3054b42ffbab4b05121388e28199290b05eb2549b951cbdffe90a7283a9a0657;41472;36321153adfe1b9bd797d0b68c9d358565d1074e7eaf3a9fac5b807b3779ee96;5;0xE000;40448;608;1024;6;0;6;17;2664617;1192
ec635c77919a70e5.dll;28672;321f9f02a69c9fe9ba8832f585843cfc64234f9d104c585fac987dec5bd942d8;29184;76321d92d8269675cefd2bccabe82392f515ca3a88c581bc8e12f7ca0465f89b;5;0xC000;28672;40;512;1;0;1;12;2665809;629
ec651619a577552d.dll;28672;5112a03a2d433e4ba0629124e7b6692db54e2b5f575560d2fb05a606ba18e001;29184;d82dc944d36efa63a5c329974d6f637f2cb5997c9e5c307cc632d5fe9093a72b;5;0xC000;28672;23;512;1;0;1;12;2666438;629
ec6b3752ddca9cfa.dll;38400;bc07069b45d15375c4e21c4b7515a91fb4f25e9ed9afbf98b000f5b1ffcdf6ce;38912;c9fd6d9661b21ecb8fecba0754b85c16f5c646f36961779d0a6b7da68286c045;5;0xD000;38400;107;512;2;0;2;13;2667067;639
ec6f58809ba11923.dll;28672;484de783631415fb0896009652eb89b770bee441fdefe06c5b7f92bd48c6235f;29184;253a29323fbde751b5cc55c96f6f027a74a3352ee2cb52365dc3f34f4a61b2de;5;0xC000;28672;63;512;1;0;1;12;2667706;629
ec74c3c70113dd66.dll;30720;9bc66cda4ab370fc5415f57502d4a90ad065045569e69ecab28457dc37a06cfc;31232;d832f0fae661e2d7c165b0262758cd9f8984c1b0763f2b3234af7991f283de65;5;0xC000;30720;43;512;1;0;1;12;2668335;629
ecbfde1a04c96ebe.dll;30720;e9eee8160f210c9b73105ca60d24b5cc103474a678c4ab28ebba38bd4ac1fb15;31232;63209a28bc1dbd32baa343cb76cf217952ef89a177c6b1a2139bf09591814fbd;5;0xC000;30720;92;512;1;0;1;12;2668964;629
eccde9eef8255040.dll;30720;d88bfb8704c1984483c98a98aba418ca94f674472794344ee2f310455a70899b;31232;f719e5f9ce237d5c2915b93b8f371eefba5db7c6f03f461e99e255a2a1f11de2;5;0xC000;30720;53;512;2;0;2;13;2669593;639
ecd2d7e4ae53d710.dll;31744;5bffb2189fcb15e380821feec6e97171f264f770a58855bbe0772895d0ee77be;32256;fa0c3464e262a2f7b03bc054a09a466958e280e6aedad00d6e71700b0c17935d;5;0xC000;31744;83;512;1;0;1;12;2670232;629
ecff6d14b3688cdf.dll;36352;a749cd7f8675db0ff3c6b22eef2ec7772b4cfb2d4d02e6a60c5921909e6894f8;36864;06da49b8f6fe354e7c956dea7cbd15f80d6d884c210a6ef0e6eab21e0f5d9c87;5;0xD000;36352;186;512;3;0;3;14;2670861;649
ed0fd6f9caf322ec.dll;32768;c876e1ec34933770a3c8777214e45ac8b5cb3266538894cfac4a67e1a876182e;33280;249d2c586fb54f25d37ccbb07b9c5dd978b2b9cf7452fffb526135c1b50fba3e;5;0xC000;32768;82;512;2;0;2;13;2671510;639
ed3609fc10b8cdb7.dll;37376;f343d79dea643781bcbb88d5df996539e1d237d98f6662500a3142e81f04b53f;37888;4e69db3e6f34fde159ee6707f1966cb2465abeb2fff89914bab5729afc2c423d;5;0xD000;37376;259;512;5;0;5;16;2672149;670
ed3bea0f7b922c9d.dll;32256;9cd098e603b121eaa26acb22c1b7e40d448bab3ff421e08d705253ead14a3d17;32768;05628fb55861be639b562a24084fb47956fdec2b00eea4a083dcd1ece8ef0024;5;0xC000;32256;21;512;1;0;1;12;2672819;629
ed451a96c7c1064d.dll;36352;d5ed1f2ff153c7a469fd9c66e0c5331fa00a4ceababe9eaeca9b68627ff93506;36864;96e3eb635d2efd4f89d076f1ecbeb6b36ff313133d3cd57f3a1900a8d1abaca5;5;0xD000;36352;154;512;3;0;3;14;2673448;649
ed518513d906902b.dll;31744;04befeb193f7839b68090b0455385bb7183922adae5a9c1d475a1019962c7069;32256;acb323a9483fd9fa0f15708fd6e9b54633801528607b500006fb5ab3f7db7234;5;0xC000;31744;159;512;3;0;3;14;2674097;649
ed5a9add14b0f0f8.dll;36352;0b181a7fce349881aafe2d6858133910697107dbf4b0278308779a623ea113cc;36864;e43b613d9d3b8768f81199992b9738f403311f8fc49007c258541c4301370b0a;5;0xD000;36352;54;512;1;0;1;12;2674746;629
ed5a9add14b0f0f9.dll;37888;5eb4e02c5f259b1a1daeee7c689037608950b6122fa8e96f4f6dc450d554c533;38400;471997de673cea7a1b6e83d730bc9b01a8894400166076e6d25e19ea8650f70d;5;0xD000;37888;142;512;2;0;2;13;2675375;639
ed5a9add14b0f0fb.dll;36352;5ae7703fb6bb9798bff0c31cabd147a528e50e7bf9186d9e769deb5fd4807545;36864;1afefdcbe711d231d651ae7e35aa150937bf1231db4d1d56325dda34e22d0c9a;5;0xD000;36352;84;512;1;0;1;12;2676014;629
ed668b1321ce5e91.dll;30208;9587a1ab45d436526de9debe7c79b99828e60f9e281e2f0824485c203d525637;30720;3f452c77c9a302786817212a0909d847b28d61a834390651cc2e965b7704a3af;5;0xC000;30208;76;512;2;0;2;13;2676643;639
ed6eb15dd2cb85f8.dll;30720;7058962482fd5a4758f9d16386f7b9a748a506ade15b965a64d4c54883521eb6;31232;051e9aaad8bba3235d30dde2ed194ca1598439de5dde3f1e44153c6aa696a184;5;0xC000;30720;198;512;2;0;2;13;2677282;639
ed6eb15dd2cb85f9.dll;30720;2c9113f516af555bd2fcdeb3f76093587fdd943d462d465ab5dea31bf8743cb3;31232;ceedc62edf7526405deb0b7ac66021d5f032a22797e073206f1fa79ca0099486;5;0xC000;30720;121;512;1;0;1;12;2677921;629
ed6eb15dd2cb85fb.dll;30720;966e17b473673614431329347d62a85166f2dabd4945877fce81cd4415772e24;31232;e566f0ba8524db0e104282bba3695a986dad4ea86ee2c5c15ebd77c3298ce5aa;5;0xC000;30720;239;512;2;0;2;13;2678550;639
ed81864f3e47bb4e.dll;30208;88b69115f5ad9d36bb3940d5cea511b798ddf3b265b9e3547117e1f133407ebb;30720;b68a055477b9e59bdad69fa4f9b3273355a8608ad43f7207ac723f06def1dc93;5;0xC000;30208;36;512;1;0;1;12;2679189;629
edaf2a47dc260efc.dll;30720;f2290ce62df862ab8fe57a2608f127476244a52d2121b1c68b204620a7187a97;31232;72deb2d1fabf4e64ff0c4fdb9da7165bc471dd3cfc24c80e373c022957b092af;5;0xC000;30720;148;512;2;0;2;13;2679818;639
edc7ca255813ccc5.dll;33280;bba0dddb3142543d61ace237491f1ee5a451baba0092024f17c7448b87397293;33792;1a439fe94124c9d48cd19f3c14f8ba64e87c9380972535f7b175c8003a2a987d;5;0xC000;33280;44;512;1;0;1;12;2680457;629
edcb248872260d09.dll;31232;8ec98f320acb0003d48784f0ee8bf33fbb1e9d868f01e27f3dc9852df6a5afa3;31744;7d52d70b6d1fc31b8b2934fd5c69da0eeb3ff6ad630baaca06f96f93c65665be;5;0xC000;31232;38;512;1;0;1;12;2681086;629
edd5b36841ecadc3.dll;33280;31767544eb598a70c761c4ee96fb701d57c3d6b1f34276b45fce68b40ec2163e;33792;97945b19a681964ef1944329a4ac4b3ff4ada627781daac524d2a245a6399720;5;0xC000;33280;364;512;6;0;6;17;2681715;680
edda82382cdb125c.dll;30208;042bd3cb17362cf37ab2d56200a8fa918d1ec4228325a37c398fa0395ad2deaa;30720;20f92ed2418c3791dd640901e510fbce86e35ea482bf0d903d78ea69f33d62bb;5;0xC000;30208;34;512;1;0;1;12;2682395;629
edea6cc1a1aaf179.dll;33280;d2e398721be760858c3579e4452f3b422069cc28080d4cf740a3bf1331d46a4c;33792;2fceae0155ca8e7d90cd58ac4af6e649023926becbecdb0d7ee4dd6bb66edcb1;5;0xC000;33280;50;512;1;0;1;12;2683024;629
edea6cc1a1aaf17a.dll;33280;3af73aa149797b5dca6930aa64fa4d64943a6794f3bd55112c750d6b4f1c142d;33792;c522a6b1957757ffa89001019ea740ef2aef43607d140216a138555bdc89752e;5;0xC000;33280;65;512;1;0;1;12;2683653;629
edea6cc1a1aaf17b.dll;33280;36182380ebef384aadc7c058a08c39becc5f23c65ce93880dde9bae0f95e4d8e;33792;bbedd05c282e86b715f3bf7647044196642b03ddff72165a9537331451df18ad;5;0xC000;33280;77;512;1;0;1;12;2684282;629
edf1128992a66bfd.dll;30208;c78ae22e73e617031434a183203ad2d760b66c9b0d41f8c0ea202c48877198e1;30720;e05a7e9742ed3d0b79a25a33db0b664a1f5d7212e49ee698b1d88c55fe72f2c5;5;0xC000;30208;103;512;2;0;2;13;2684911;639
ee054aab4206ee02.dll;33280;922237cf2013e04b0b815a531a3da45b2ab1dd444e0569bd01fe5e6fff2014a8;33792;9517fa8092cbf81cfc6cec25899ef4c1cdb7fc7e4b9c7b54b419a0b13dd7a7e3;5;0xC000;33280;127;512;3;0;3;14;2685550;649
ee08fcdf70afacd7.dll;36352;a2b680cd07b36b8e770b1e704931265c114a3d4455d320605137b18abccf0c88;36864;cf4807347db8e25332a73d00442b6102c87ddd1c414feb23244a8e14285f19bd;5;0xD000;36352;151;512;3;0;3;14;2686199;649
ee1abd27d84f7121.dll;30720;10f7b0d5d09a95077babd25b147755abe1a05d97ff1782f73fa9f7578dbe7903;31232;b694bec39d6adfee67deb08ffc4d242c8659d9cfb82ccc72da3d32e109c10e34;5;0xC000;30720;109;512;2;0;2;13;2686848;639
ee3ef33f1fc05349.dll;33280;2938483a5509b994ad47bbe52ce0400ebc515053f330eb21ded649c836fcdac9;34304;38b9077928bff04ae2476bd4ce579bcb52c4807679d9b673e466b45ddcee31fd;5;0xC000;33280;555;1024;4;0;4;15;2687487;1172
ee66b319957fba81.dll;30208;9fb4378cbf2beb74be162ae19747eac347e8542df80b15fe03f42ac38e5bff08;30720;a359a30a2e09f5b94e387fa31891a107c00e2fb9df6e7011189d1100172d0e69;5;0xC000;30208;167;512;2;0;2;13;2688659;639
ee706186d67348ae.dll;30208;b8a816feb19150ec7c51ffc81a0c8e61a24608affe229a9ec69aa78954a25713;30720;242aaf9c6b4aba3951a37fa546d0084ecfbb4c537c1b96443c3d018604c24710;5;0xC000;30208;141;512;2;0;2;13;2689298;639
eea43fb162516149.dll;32256;9b535530db14ce1276395dcb3bdb76db8fea092a4dae2ce48e0d072cda726bb9;32768;76e0b95dcbdf300c96e4dcc14b8e816ba4817f5e6868895fa3641a2839d4f952;5;0xC000;32256;357;512;3;0;3;14;2689937;649
eea4eaf3b7a818ff.dll;30208;64e8307dd1a8047d401dec74ac1dd73880de8eb8d802984f15c9d274a79cc4ab;30720;861808cea12b0f02579e2b982e049809c3cbbecbace7d97cfc8cb664d1145842;5;0xC000;30208;63;512;1;0;1;12;2690586;629
eedb4c8c5fe4f0e5.dll;30208;bbe48b04eed6ba1f9545f28649c89156e6ac65180075516d6bebb1e8e017d9ab;30720;f88e6d9e2e72db2b17b65da181e661a3853083dcb55bd284cd0cdbc17fd168e2;5;0xC000;30208;287;512;3;0;3;14;2691215;650
eeec98068cfdf8eb.dll;29184;c208e6d6edd738cdf886054555ebe0241487c3aa95a302ceafd89b1c8da3fa26;29696;d1358b5ec37e5b26815ce52e6c2d106d5ecb81e5afb7f55614417f936954d249;5;0xC000;29184;108;512;2;0;2;13;2691865;639
eeee2f283a0fd5a0.dll;30208;dad6f7c1427342bee3b68ce693d556fd5a1656423701719dcddbd3717ce47468;30720;f69a038547ceeb4787c2944912697e28d3fb51ebca345b20a9920e60a43a21ae;5;0xC000;30208;77;512;1;0;1;12;2692504;629
eef0c888f0d485b5.dll;28672;8504daa3566bbfa04f09bf45064401143dc373d0110e5c3bb889a156aa08ac0e;29184;30d92f61302afde31870c8fdcb50ef07b3126dabd64d3ab4e95f85db20dac316;5;0xC000;28672;39;512;1;0;1;12;2693133;629
ef0ef6f983054ba7.dll;34304;4e4cf1860b2db9fc758798cf2ee6004842e506a6106bdd5d32f92227fe4a3244;35328;336ccc4da5d6c63e90f8cab5625effd36d57e26ecfa508e7250c1ed39a44ae6d;5;0xD000;34304;681;1024;7;0;7;18;2693762;1202
ef21926b871ecbe2.dll;31232;ffc7f3d38ed4881030baf4fe837b33e09942f1b92af8e618cf5ce73699eb9b97;31744;105820abd1052aeea0fd75e7cb5ecfebd505fca601dae78042e77b6095a3cf87;5;0xC000;31232;459;512;4;0;4;15;2694964;660
ef2da1cc93314a7b.dll;43008;15977f5f8668cb92bd5519bd4035339b90259bcef5a7662ea449de90c10f1060;43520;798cff3f82b3c081b4c7d155850d984cbe2c8a50301758069a60fbbf64540bc2;5;0xE000;43008;502;512;8;0;8;19;2695624;700
ef5fe5e973080d94.dll;30208;ebe0b147f15413276021840123eaf17dddf4250be27109de8e886e194dbd7eda;30720;616233ffbb0c4596b51e960bb437144e7a13e6934dd7318dffb18a2ed1f6a2ce;5;0xC000;30208;39;512;1;0;1;12;2696324;629
ef909c5f96841c66.dll;30208;505f6041a127bc2592281d8285ccf18436d77651db7cf2f8ec962cce71115efa;30720;29854adb6c9669b15722e0aa2d63282b14c06d86bd2cce7037b3e8392e55a083;5;0xC000;30208;116;512;1;0;1;12;2696953;629
efa1c0475a6b105b.dll;31232;70ced4d282bf85f278168850d8ec2a363293b5ba18d57662434af881bb10feb7;31744;bdf781124c39ef1aba3fa7ae73c086d2c95b83fde52595bbe5616dafecc9a2d3;5;0xC000;31232;65;512;1;0;1;12;2697582;629
efd01df90c4b926c.dll;31744;421a568e0c0ad95aee4848b3e066eebb37badefa1289c7de8c6f650be27ddc8f;32256;62dba86550401bb61a09f491c4a08102ece3ad62f18c1021cbd326b6690f93c9;5;0xC000;31744;44;512;1;0;1;12;2698211;629
f01d97d701526232.dll;30208;b3b1ef139c8fdf7dd3061ff608f2db96199850805030c85f66f83723a76481e7;30720;0e028fd71773f654e09cd335086aba6ec3854ea36960f5ed8ba537964498ff1f;5;0xC000;30208;64;512;1;0;1;12;2698840;629
f0214f1f381a6a40.dll;30208;296a87f01dd073b1ddb9752e899c189401cf98095a5db473b4583b79f05d849d;30720;ec7f4c3662f45a666efadb81a10216c035715bc4487851467af722e35bf4bf3f;5;0xC000;30208;171;512;2;0;2;13;2699469;639
f0214f1f381a6a41.dll;30208;6314451ac0a1d6c0dd9f1d716b88f7a8130cf1588f6a8c6faeeabdc5f6799125;30720;84f84b2dd2d40dba30bdf779f77c2de90762e31553a3cf4d0744c5adec2af20c;5;0xC000;30208;197;512;2;0;2;13;2700108;639
f0214f1f381a6a43.dll;30208;af1ca4d86578794d19e8e37cdb244e58602a4e1e23572b369fd0e3aea328dd36;30720;84c9375283472b3f9f7d9e8fe7f3e9e664f79911b265c6792dcd45e6fdbcc315;5;0xC000;30208;178;512;2;0;2;13;2700747;639
f047e0c0e28bc505.dll;29696;60d6d7d4a78a79ee8f0a96cd8b92cada4e817e39426bf834fc906566869d823e;30208;bd4786bfc8b3011df91f4de6dcb09428290874bfb84e4f17050492fbd0c1afb6;5;0xC000;29696;39;512;1;0;1;12;2701386;629
f053382c31310380.dll;30208;b01c03f51bfb84b2d289eba08507040492c293920d6e894509d217eb64dc5478;30720;0e5d0e3e2a5d93478e5200ef2d5f6007acecc1ef53f5cb34867ca387e2768698;5;0xC000;30208;53;512;1;0;1;12;2702015;629
f053382c31310381.dll;30208;8e994c4482cedbb0cfb10fc4cc4b46ad06ce3f022067e95c4126d1649e24426d;30720;f2ac486c4168d8157812b3e4afe532ff149ee029f9ced9f997fa7543c847e1f3;5;0xC000;30208;53;512;1;0;1;12;2702644;629
f053382c31310383.dll;30208;92b878a18474fdd537d46f546d461d86f331169bc6959ad06f2407a81cd6fafd;30720;b0f98b34bc035788168e8ec6c424f0685321c46f5af5e3f02ad6e7a5e5d6bf4a;5;0xC000;30208;63;512;1;0;1;12;2703273;629
f0604171b5b2de6b.dll;31744;afb06eb3bdc9f737389b6b6dd1877752f8008bfcd59397769e88718851600f5a;32256;e2f9b88bcf57c5acc67c92f066906b8d93ab9ab4b3512fe5e7422668a7fd0500;5;0xC000;31744;147;512;4;0;4;15;2703902;659
f078cb49f66090af.dll;30208;e47a487433037c39e60f21f00c82fbd2821370443ae4b07998721004a1c2a404;30720;0e7a4518d76a72f610d1a7388127caa62ca4c45cb8ad85c5f13dc797d81be1df;5;0xC000;30208;177;512;2;0;2;13;2704561;639
f0bd1315838d7b45.dll;31744;104f5c00b5bab46e436e9d6f509fc7060db07d9cfbb0da29ad8ab9bd9ecb3300;32256;3d4c54dd03aa0b3ed3942d575e94d4b32b93df522fd082a9fe23c9be632b9ca2;5;0xC000;31744;179;512;3;0;3;14;2705200;649
f0c8a1c3edf93092.dll;33280;8674e9dd6ab65bd371b06d8b8ea7d5fe20638e0a3c8e8bf44b97ef6013924148;33792;01cbefe5fcf465e20be4396db9b966dea8715c9e626d270dd3773fe12a081b31;5;0xC000;33280;44;512;1;0;1;12;2705849;629
f0c8a1c3edf93094.dll;33280;c122e18fcbd30f258f001f36e4292e3542fdb3730098d336d431ca2720df0064;33792;dee7311094d0e14d976b77c0715597e2fc9dbd20b85fb84b624a35910564d34d;5;0xC000;33280;32;512;1;0;1;12;2706478;629
f0c8a1c3edf93095.dll;34304;bbf3b3ac154d2dc145bc3dbb4c033e765a840c42379e7910943fe953ee47848a;34816;6691e8d7fc6313536c18ff409ad2d19a35eda37ea8a7853353305aa9df1a06e9;5;0xD000;34304;52;512;2;0;2;13;2707107;639
f0c8a1c3edf93097.dll;34304;d3190a59d91a5f948a0ce5dcd694c01cec7377b3c4ece720114a6c71907d1a63;34816;a841d4db37635c7bd46aa048577c820a9de6479bcac238227c6b4771132fc016;5;0xD000;34304;17;512;1;1;1;12;2707746;629
f0cb9c9c22f251e3.dll;28672;551e9bbf92a3be7950397b15f7665a276161fdaed850bc618130838b60729710;29184;9a74dc2eb5b6de2c54b6bc2f21154e631cf05697edf26309ece649ddb41c5917;5;0xC000;28672;91;512;1;0;1;12;2708375;629
f0de275879a9b7e8.dll;30208;205d443c22798968663a54d791ff2bf45619173f442abf1f94cfffb817b80eb9;30720;09867f07968d1045cca954daa7e43cc86c5153497bb5e6dc18614c168a14af76;5;0xC000;30208;59;512;1;0;1;12;2709004;629
f0de275879a9b7e9.dll;30720;91052b641d5a481b06296afbd8602e85a3b06d22e12267e1872e33c16725ef1c;31232;b208ee37e05a0d5fbea89340550dcae50197bca419a12764bd52f01dbeb25f61;5;0xC000;30720;107;512;1;0;1;12;2709633;629
f0de275879a9b7eb.dll;37376;39004a9ff957935594065cb2030ef5f21e7d5fa01dc4f0e6bed4dbda9cbe3c3f;37888;1163108b004b2e40bd41119b9aea5121a9ac5143d4ac263db588a5f8b1c64b16;5;0xD000;37376;66;512;2;0;2;13;2710262;639
f0ed81d85f118161.dll;30208;0eeecabfc72639f05430ac7033ca128a492f8f43893e4a77369b6c5d0cd5fb7c;30720;dded797a3e140c06f17438f654a0854d44c8ae5a1005bb414eeac75b703df631;5;0xC000;30208;72;512;1;0;1;12;2710901;629
f0ef8e6d1affba38.dll;29696;f70b59e0c24080340007e61781d89ee82eff096d513049d230d2cf1279ae4b68;30208;ae5ca8444367c5b0dfb625977d03313d87bed6eba89fe92e91ced18be62ee51e;5;0xC000;29696;38;512;1;0;1;12;2711530;629
f0ef8e6d1affba39.dll;29696;767a3a8dfb050f26add5f35ca80ec4e5c5f171de0df273e975b37a11f29264fc;30208;37ffe86b2a1d895d3ed925caaf8e1ffb9ec6da6c46123efe1d1d314528d14093;5;0xC000;29696;28;512;1;0;1;12;2712159;629
f0ef8e6d1affba3b.dll;29696;f9953d6242ff8608d4afa43d05cb4ad45e5c0909cfa08e04097e15203298f3da;30208;6090647c6a8ec63e1cc2c53e406666d135f1248fdc195e0179c408fac2aa4e2e;5;0xC000;29696;30;512;1;0;1;12;2712788;629
f0f31562b3728453.dll;32256;23d761fc5149b50d13a43566b61ff6e2a5b049f52cb92bf8bf583732010f3ab6;32768;b933cbd1338031d8bdcd0a3ab54f3ef1daee689e5a333e75d092c2e2fcb543f0;5;0xC000;32256;21;512;1;0;1;12;2713417;629
f109d5fd5bb8f22f.dll;28672;1ea3c0f0a2c789bb01dde52bf15f04c26c18a238feb767ce26db8365006e6e9c;28672;1ea3c0f0a2c789bb01dde52bf15f04c26c18a238feb767ce26db8365006e6e9c;5;;;0;0;0;1;0;0;2714046;4
f11130f5388a2840.dll;31744;397d8a1fba1700493508403a620480b60b747f0cedebb033bd49b59fb2dc2743;32256;1507bcd2bc21c98c665bd60ff7ee8a4ce4fa0aa19568a6589c530b2e48b36efc;5;0xC000;31744;105;512;2;0;2;13;2714050;639
f12797f348e30b70.dll;30208;5754d7b029ec870811cce404f114b6035577e0ad5dd4f0b54d50617d8e3143d4;30720;f1a577e34eac589ff86eed1d728302ef5c553633ff7d64441b3e877bc0a7f26d;5;0xC000;30208;192;512;2;0;2;13;2714689;639
f12797f348e30b71.dll;30720;4e42da3cb391673c58360ba5c0f49d034b629bd75458f9d72d23daab24ce1375;31232;0d4d141df32744966d15fb7c358fb9918edeb3c3d6d42c9cbaa65331ba5a29b5;5;0xC000;30720;164;512;1;0;1;12;2715328;629
f12797f348e30b73.dll;30720;159634317f11d422423e3c92f5e3e05603425205a7bf97d72f7c521fbcfe0a97;31232;3afce8362d24c475081f1f4ea2a2707b9254de05849fab94d72b6ae77e29214d;5;0xC000;30720;110;512;1;0;1;12;2715957;629
f128344bbaa15fbe.dll;39936;be7bd99c1e78c4af2d7dd1532ce04f8db64eb0f19cfc642e9cd633eadae3a17e;40960;459864aa79aa3b4a3895873915def6c227675191145875250806cab28d1d2c08;5;0xE000;39936;529;1024;8;0;8;19;2716586;1212
f12b24b2421974b9.dll;31744;da66e9d1bce384dc3744211c5e23583b8406c1d53cb1bddad558045a3c3ba217;32256;76a968156985d71f18ad2c685a7b0b4baaf387e8766aa054f6a9aff2c1f84ef9;5;0xC000;31744;92;512;1;0;1;12;2717798;629
f12b24b2421974ba.dll;31744;98df6ca075e76de0ee467b04cb5462c4c8c1cc5e03d2caee605154087b206b07;32256;7bf0a2d02ce369f9e0c03e10ec18aa129360236749a3cd7c3d6e1119efa16aec;5;0xC000;31744;77;512;1;0;1;12;2718427;629
f12b24b2421974bb.dll;31232;a31444b42ae836d261f98f9405490e3f28409066b1e89c4c4677c84e6156e2c7;31744;d666e8cf36ba9a08b4f8c1efae4df18294ce5d168293e2feddf48c396385f720;5;0xC000;31232;43;512;1;0;1;12;2719056;629
f12ee1d2a73aae95.dll;30208;1f8cc103206b7ae14d7c7f1f6d82f19225067cd55503d2cf8c58c862955cb77a;30720;7b8da5b52e86d7d7207a861004c74f74f6a071e2fee9a9e463da59ab189b78f2;5;0xC000;30208;31;512;1;0;1;12;2719685;629
f13302a41405dbad.dll;44544;66aebb605a6ee23151897504b6dbd53283afacd96de9c28753b8809c467e24ec;45568;aef3ed182351f0221b13e291e97e0475002bcc4851ba2ed78b85e2328078666a;5;0xF000;44544;602;1024;10;0;10;21;2720314;1233
f1345901d6430c65.dll;32256;b36653e5cce44793ef7e971d7e5ce301c4e98b59b22aea210b2dc7067fac0a59;32768;ccf7b2ec7d67e740d7c703a685e0f4b88cd8d43b6ac87f89ed910634faf9dc24;5;0xC000;32256;57;512;1;0;1;12;2721547;629
f140c22fa4457711.dll;39936;789450f27ff3f2f9659bd9d92d1d6380583f7deb198ab87df08b283b8e2fbb7e;40448;9069d6e291a564e5baa1c53d3933e5fdacdfd39cf8c13d77ee9feecea993ce28;5;0xE000;39936;240;512;5;0;5;16;2722176;669
f17307dd9053b57c.dll;30208;5bc1868c17a9212e2da58dbb2c08d73f2ea8ced1db14757504e524744b95bf8a;30720;771b034c7f0289e3692876582da9708224aa0fb0e5ee44b3eafd58d55d890b0f;5;0xC000;30208;169;512;2;0;2;13;2722845;639
f19ffa392f281979.dll;38912;c1467269c035466cb9f0301d9696cb571007746b726a0edf8f29558f14274735;39936;01279f67b534ad66bb70be4571fa30e7bd8dfa9765089f96173a4145453c7aab;5;0xD000;38912;635;1024;6;0;6;17;2723484;1192
f1a7cb8fa72386bb.dll;30720;3dc6c1a95abdb341224300de209927a004a435b4efb95792654590280cb3581e;31232;fb4786093a86406a3f3539602f99a8172e0b71c5ce8bfb4281a8a5ce5d608710;5;0xC000;30720;30;512;1;0;1;12;2724676;629
f1af272f4c6a6e35.dll;30208;27a1f6c3ab467bb79199cd405db12edcf0e175b82c158786e587a2c1547fd2d2;30720;edd7ece9ad989678696cdaf0eef6bddd64c7cba7e0c1751bb88e8ade833afac5;5;0xC000;30208;188;512;2;0;2;13;2725305;639
f1c6602b81ea8ba5.dll;28672;70ef9788393503f6bbd2405f322f88ed82893280ae51507233fefb120530d084;29184;9081fb7e3eeeba4cdbf37f9a25977a1923a5b4fba943de55a35d3a1792cb44f3;5;0xC000;28672;79;512;2;0;2;13;2725944;639
f1dea9b976a4e45e.dll;37376;05f102461eb042ce37afb26fc944a4b6c608b60a2a21dff187b357c4cc5902eb;37888;ad7461b76bc8384e0df3fdc38c30aec580546b8004e7209a0ac958f52c17342d;5;0xD000;37376;174;512;3;0;3;14;2726583;649
f1e3ce284fde5133.dll;32256;30adf6532dd51fb1f163ebab6f7fd04ff992eb3a840cabd4aefbe7fe47d5e224;32768;21635ea4c29c54a7690c0b2eaf92868436ca9f80d4fd79e219f45d209bae360e;5;0xC000;32256;33;512;1;0;1;12;2727232;629
f1e415d2192a8c35.dll;30720;e77f8b301243fea60e3a13034b76f1e6470f04cca2deeb4cab656b7d87a3dc13;31232;80fcb5625dfeb62c02690ba31d8d65fa9bf945185f18eeaad7f41bddee562f5a;5;0xC000;30720;119;512;1;0;1;12;2727861;629
f1e415d2192a8c36.dll;30720;c81abfd78a5fa266337d1a4b2ab78884e67be14f16952995f73d8961de9656e1;31232;5c21395485ef4c2b8525aabcaba554cdc2e8876323ea2b8ca37b8e59cd774013;5;0xC000;30720;99;512;1;0;1;12;2728490;629
f205143f12c09c6f.dll;34816;c06f721c63d22c18871b328dc8dafe67d565c5a944be33c085929d554196986b;35328;07dcf6a03f605cd76f834a1c8098d7936a60a8447b17fcb73008adc943265550;5;0xD000;34816;140;512;2;0;2;13;2729119;639
f20e616208421593.dll;32256;2e20e4eb7737cc3324fb5d6b3434927713e66a3c41168125f11beacf9e4e373b;32768;bb0f7753ca5a38c30d49d6ef0f485241797e901118d99080a6217ed513f7e0b3;5;0xC000;32256;18;512;1;0;1;12;2729758;629
f217ab61a869f080.dll;30720;fc6a6ee5b8f54bc870214dc9bd588ee3ca779615a0a7cd55f4ec1da980a45cdf;31232;86bf422c87509a9709d83b7fe816b76ef775d949d88b8f4b18432fa6c6d99292;5;0xC000;30720;46;512;1;0;1;12;2730387;629
f229c97dfc4fa0f7.dll;40448;2df64aa9da0d029f4f6c3ddd3c4f1ed3b52b3e3441cd825b5ac1c4c660f13543;40960;9452f0a698e12de6f603137923721420006d0dbda414882b0e21ed0daed47229;5;0xE000;40448;274;512;4;0;4;15;2731016;660
f244abf18089143b.dll;32256;06e8a0b9ddff5e3eaad6cdafc5358c3024721c8f36871e525aed14afb574bb34;32768;2cece524ec07b8e7968365bcb711ce37b11df888f119f88f3d88b9cdb49cff29;5;0xC000;32256;55;512;1;0;1;12;2731676;629
f263ad749f92fff2.dll;32768;e45006edeee407d69957046861efe1bc60291fd9fcea366428c906256e554076;33280;da8fd40d53ee5c480d8ca06d561cd17c37f38ef3932997aa4a4f024e946cd318;5;0xC000;32768;83;512;2;0;2;13;2732305;639
f2670988b75d160c.dll;30720;cd8fc39f90db9af7eb22c564922b15e1639f418c2ba5c0c9605e5fdb020703d5;31232;6a6b486c664e93332479c3113d8a452ed80e3760d14d9000004001f1547d9269;5;0xC000;30720;117;512;2;0;2;13;2732944;639
f29ba4b70d363c45.dll;34304;d80c17bc5199eb9e23f8a46c98c46cffe53253f80c9f6dd8500a78cd7e2ffeb3;34816;30d04473b3a1284bac363e3077b17f64694f6b96b7143b9d4978cdca8129ba9e;5;0xD000;34304;228;512;5;0;5;16;2733583;669
f2a7c11bb133854b.dll;32256;234651946b7eb1f7626b7b1b3095f07071dad01725033f9e1c21b142d2a2d31c;32768;e03c12d50b35296b3f93885851692f0c99068f5d55c2d4fb4d752ef36076f673;5;0xC000;32256;57;512;1;0;1;12;2734252;629
f2b5b831f774daed.dll;34304;974ff6e561439835a249aa259ff519b7b451914fdaeab1b35675a3720b5322ef;34816;361937ed7adfc59057cd4ad94a4e40ba9fb5409b8b954986299901ef813a7df9;5;0xD000;34304;370;512;5;0;5;16;2734881;670
f2b797cc79e0ae7e.dll;38912;3bd9645ea611118a33f049a2e6921124ac8fdfd572aee1e464779939e7b06f12;39424;ca94f9baf701fa121510f403e1813e39a6f8f20b9f45df4c9ce26f6708f1a4f7;5;0xE000;38912;222;512;5;0;5;16;2735551;669
f2b8f5887d60f010.dll;30720;89b719cf6b7d04c439e58f94355ca1bc53e9eb1b4519e3bc7aef53eb44982ddc;31232;facb012bfcf432482eb4c48b00b695437e6c0507dd1e2c69ea7eb092c7b89836;5;0xC000;30720;137;512;1;0;1;12;2736220;629
f2b8f5887d60f013.dll;30720;1df563718c8e71373153b0bc646dc8b7c898970104a4a183e064aaf83dd4e2d4;31232;f2662644fa9a062c4ff5cc027d58e1a2153ca444947b7ad748b98dda5e6a4d84;5;0xC000;30720;154;512;1;0;1;12;2736849;629
f2ec1e8bdef8a71f.dll;30208;6d408fc1868a74f4ef9ee5244b2d4f047b5ee69b89dc1954ecbf97ba5052b6d4;30720;47d525eeea652c4c91e603d6d18d105d9ac661f303667cf23d6bc2fd3797d949;5;0xC000;30208;78;512;1;0;1;12;2737478;629
f2f4365f9842cc8f.dll;28672;4328cae5f992617067a85aced4aa468255474a780ce64900d395cd35de68bf3f;29184;cfbcf396f25941e3ac87a57e5310b4bfa345e9590e6a2e52e1f4d06ae88106b3;5;0xC000;28672;113;512;1;0;1;12;2738107;629
f2ff900c66e2ff67.dll;28672;e7d8f7394000a3fde19a84009a2b5c80cb8b509bcc5fe248b36302a18e7844a0;29184;691a177f8fc630b54717616a891fb013b14ddf27428a3ccfb3ea68b500479699;5;0xC000;28672;95;512;2;0;2;13;2738736;639
f30dfc501885af99.dll;30720;1bce29f7d7ad65a1764a5e5fdabe58058dfae4b8a9a77cf829418615f1d00bd4;31232;0c07ae9f42678a663268eddcbb7cdea1f6ba2ce4f45c466ccca0e33a14c51f8b;5;0xC000;30720;41;512;1;0;1;12;2739375;629
f30e087d35226517.dll;31232;4cb8461932b4a664e52765b838a0d5d13ca504dea04fbee21c8dabb099ee9c82;31744;0fccc7dcfd8b275599f5a91c5ad3cefc3cb93a19e2c80c89ebd9db7ab84a846a;5;0xC000;31232;256;512;3;0;3;14;2740004;649
f31b6298934246ad.dll;34816;88e7355ad0c482d0be4cec79763efed7dca6bb9d19431f93c901c7f7d0d22dae;35328;eeac8c0e18ed32111578716c3267de1964400aba9926cc51ea4e1e6fca0a3fa0;5;0xD000;34816;80;512;2;0;2;13;2740653;639
f33794c7c06b8a95.dll;33280;f0e9d0d5db2a56e10d1d99f95a70e83e5df1f4deee38c68048e90b6bcb5316f6;33792;c145de77072419ea9b3cc1d8c66139ba08052c4b504243933efc77df030a8a99;5;0xC000;33280;23;512;1;0;1;12;2741292;629
f3626c098ffd0ca4.dll;31232;b1dc6b8fd61e831d4b01d91dc8bf1c373cae7df4bc1595d0e3c246493ac69b74;31744;a2436ce11b43b1cef689692e3b60896b8d1117759a522e88e725958c5495f4c9;5;0xC000;31232;151;512;1;0;1;12;2741921;629
f3626c098ffd0ca7.dll;31232;8e8b5a4e3421cd04692850ee419f5e19d0bbd921a3e2cdbe3534d80673368fce;31744;5badb7849b893b78172f57972895576e65fb29b2dc60be40c0d15ce07a62a364;5;0xC000;31232;123;512;2;0;2;13;2742550;639
f37091f7ae95925e.dll;30720;19b4b84d0bb5a81bfcf1655229ff792afb6a0e59757f4ad62a4a34263e786049;31232;4a586a9184f61da15b7c528b160c67b25488b38474f009337c19dbb1d4b1f8c4;5;0xC000;30720;214;512;2;0;2;13;2743189;639
f398543d02dcf93c.dll;31232;19b74b8cd2c4cdb8c88275a02dd94bd56fb0ccb62714a527ff6ae85f5b8d854f;31744;8a6090c3c9988e4f8acc30a342ad925b8ee447991dcb9ff9d84a56e17ee114e9;5;0xC000;31232;175;512;2;0;2;13;2743828;639
f39f46648b1da170.dll;38400;81fdb11108aa14fec3a4dd35fedd943590bc1af7d269e60803e673080b24f5bf;38912;b4be65ab6078f8e6f941a5fff051ce6e9bc2feee4cacfc95fee4c34f5ce5568b;5;0xD000;38400;66;512;3;1;3;14;2744467;649
f3a1ff44586a1435.dll;36352;39257bf8d1fd8f856b7b981b7a3c145adb8f1799898dec94379f4c88a0c148c1;36864;b781e5449752a9510d758f2959435a91b8bd70962b12241a609ff8d53a672b2a;5;0xD000;36352;177;512;3;0;3;14;2745116;649
f3a3ac4dcb36ed87.dll;30720;8bdba2d6b8af8752fe84f61a6fe17b2a48c2a26930cde56d96e8685f81ee2964;31232;167cbe8b0c007b386b499c61af759ee0eb4cd22ad1b9139029c238b7e5797f4e;5;0xC000;30720;32;512;1;0;1;12;2745765;629
f3bb0bd85ede733a.dll;34304;9d268cac3bfbbba376d727b42f125c5bffc8fe2fdf4a9899796ac58603a167e5;34816;972fcf82bf8ae896d07865fb89a3e7a59b5cf3b393f0660c63cac76742a84a58;5;0xD000;34304;63;512;2;0;2;13;2746394;639
f3c0af076a25fa33.dll;34816;af7a0040f6955faeea8dd3650736fc3e3bd2fc23607b132738b68f71939d72b5;35840;f5eb089b4447733e181888b28d3c14b7116e66222d0dac819575584133253902;5;0xD000;34816;513;1024;7;0;7;18;2747033;1202
f3c3eb6d97af89a1.dll;30208;043982dd14364134ce7c560a4fcbf0e46b82154816044a39a6b69976285dff8b;30720;b20788ec9a3a037384d11086188aac8a6dc2dc46375ccd52b65feee439065da9;5;0xC000;30208;252;512;2;0;2;13;2748235;639
f3c59debf85fa839.dll;34816;eea85d60dbd0ed77c8869b3e5eba1c66300b8b8391161b9bc0f8eddf24771712;35328;1488ff0424ec7f49a93ea59b884e881a2703bd86c11cec12c95ba80dd8faba93;5;0xD000;34816;319;512;5;0;5;16;2748874;670
f3d08137393d9bb4.dll;30208;7914accc60af62e3a7b518190c6e9dd4b0645b422849dc544ab521a588ad4a22;30720;8769f18b63c67f8f50982b75a51d028f06dccd142825a377819989ab48ed976c;5;0xC000;30208;58;512;2;0;2;13;2749544;639
f3d3468b5952106d.dll;40960;3f6fe12f9162a581c95e6a337210c36129325e1fc54e6b6c809a651e40060133;41472;b2989385c9d20442d8a2d0f72cf42020f222027533143a3c500863f7cce4ccb6;5;0xE000;40960;503;512;9;0;9;20;2750183;710
f3eddc36546876ea.dll;30720;b7d9100ab7a60b01b624e594f63a4059fc15cc4d9b866a650e67fb87904871c2;31232;e95f7ccadbc883ba5bb602068ceccad5af752855d13d6df44ce721d9523f21c6;5;0xC000;30720;94;512;1;0;1;12;2750893;629
f402459c47d5bc0b.dll;32256;7fa72c015134f6157cb8dd23fe4fa2b5d7d86b30cd28d70f6d7275335db0e1ea;32768;3a39db20f3e1baf1f0d7f94f3600772f6015f9d91e1a4be5e0cdc12373cde881;5;0xC000;32256;52;512;1;0;1;12;2751522;629
f45e6905ee6e077f.dll;28672;730fe9d0e0dcb3619d808d66928d21b241a688f223e7220f4081ddbb6adcab5f;29184;48a29b746fd7eb6bced977692aa822b20c796f9392d9b383ff1ff6256dfc6718;5;0xC000;28672;29;512;1;0;1;12;2752151;629
f475c9795a04fdd6.dll;30208;4470ba574d6536fc6fdd7b27b5e2c221cb5f5f065dbeb035e7822337a735f8c8;30720;d93e3fdb36da2694e90f1d809b47f68539e621b629a7b8a7c374dece8bf9933c;5;0xC000;30208;53;512;1;0;1;12;2752780;629
f47c74662d824d49.dll;29696;d8c047aeb6e41165cfbac9326b1655348126bfd9e74b0cbef05852f9bf9e6528;30208;edd3ee65b5ebaecb4e3715864973d124c19b61efbf3e3bb56f25fe3f5b3c1639;5;0xC000;29696;44;512;1;0;1;12;2753409;629
f481de6538db9b0d.dll;31744;6fab40543edb9003343966cf1a7f92892e106b7d5630c0eae1af3f7d03db05f7;32256;b8061d108e9fd1a3f6d44358ba86e50d49fec4caaca4e83f0ce9a619b65727cd;5;0xC000;31744;154;512;2;0;2;13;2754038;639
f481de6538db9b0e.dll;32256;43f774beb0f2a874092df2c60194df14ba01bfeb136119d5964ba373c60d7545;32768;f111b1b208481e1f6ac0ac4ccba19d49c69ee4e36b0a8a6f7a31b761c76a1151;5;0xC000;32256;189;512;3;0;3;14;2754677;649
f481de6538db9b0f.dll;31744;f739fd057decc2ebcba74bd0fe34fa978a6d17dcede8bc3a0a5cf2a803360815;32256;993b6f3e9c5a84fb5e239d7484d48d9fe6e5b2e0c729b35356250b79478bf39e;5;0xC000;31744;138;512;2;0;2;13;2755326;639
f48ce38c259138ac.dll;34304;c6b2be70d8acf5fce0bdbecdf22c3af710e901733c40403e1eafc27a138d2dcd;34816;917f1903eacde4a21be0bd793d7112fc188268b9ccdad98783a178070a0d97e5;5;0xD000;34304;158;512;2;0;2;13;2755965;639
f491d71236b536d5.dll;32256;b408b685551030332ebb1e94a33aca96675fbf5c68f85b42d9ee54189107cde1;32768;d9c4647844ce2ffbbabb78281d3d700d52a1af361600c1d8f2f14f88c714c6dc;5;0xC000;32256;34;512;1;0;1;12;2756604;629
f494e4ff2df7d05c.dll;36352;4530dcc31df69fa230c15d106be96fe4c64e42c791a1c2247c59d01613d6f6cf;36864;e002963fd593dc4bdf1d11275b4682a8fe0d09366fd10c29661ea65e8a297cad;5;0xD000;36352;97;512;3;0;3;14;2757233;649
f4d5d2b5de48e15d.dll;32256;bd280303f39010c490ed5e00ad1d3906f1db50846c0141ef2a5bce2c908d4404;32768;37f02f7f922774b45c0a18e3a7e2c9e89de47f456d4d5a60568e739fbcbb556c;5;0xC000;32256;18;512;1;0;1;12;2757882;629
f4d91b30f05eabf9.dll;32256;5dd41c4a8b569667f0173704665fac88594b520b8eae20bf6965938d9bdb8d0a;32768;ed2c2b6aa45188b3d7385eae029511b6fd5deff9b73aa8ff874e4dab6c133cb2;5;0xC000;32256;393;512;6;0;6;17;2758511;680
f528f66ce5112e3e.dll;32256;ed95bf6353498bbfbb152a97f0b451c994e2ecb9320beb9e598dcd5cb4f53d08;32768;bce2b446903d8d6f588434e70dec5fca273555c09cd2b3750f3d15eab043b04a;5;0xC000;32256;218;512;3;0;3;14;2759191;649
f5300e5391267406.dll;30720;22fe9b3489c19d1a237796befae614a51690199337ac5c9d2f25f25efe0daf6b;31232;463730ece930d67b0195c447f0304b6d7e3750ee52de55d136da78321b907c44;5;0xC000;30720;118;512;1;0;1;12;2759840;629
f559205a65fa767b.dll;30720;e4fc10c6643207699149079600247d9927aff719d1b758b9f1eef0058ce9480d;31232;1085203f371349d67aaf78869cbff65fcee619a66266ac61724291a71b698cfa;5;0xC000;30720;119;512;2;0;2;13;2760469;639
f5639ccf4c6514b6.dll;30720;a1762cc4d20db3a08f6b8b1e7d0094d03b641343741574f53db9bb5ffb38d412;31232;311fcdc56b4945da30abcaea8622adef079591373fba581715856a8d3ede2078;5;0xC000;30720;172;512;1;0;1;12;2761108;629
f57baf7e113a4598.dll;31232;3bac28e71ee4ee8daec2741d46320df3c7dd4ef0a713a1eff4d24ccac59b46f6;31744;983aef91c353e5cbbd99027283bb66dfb44aa6b2f1698da526bd4e338ee4a2a6;5;0xC000;31232;38;512;1;0;1;12;2761737;629
f5ab3c2f101a5493.dll;28672;b20b23ff13d30a0e4c46c87463d8a514b135038ed2a61ba5c3a7ec7124f641d8;29184;2ccf3752d22601f9ad1426a4ceca8483ff2ae6c053454be35d6c1fb11d300dd0;5;0xC000;28672;38;512;1;0;1;12;2762366;629
f5c509ff22e4343d.dll;32256;d2715e97527074d0f735fd4fb02603974968a6c119ed931efb0040dd64bceb41;32768;ba92b7b2d5a168f353fd02c0f136538d5dd963b279938f9d26d42ade90b66d38;5;0xC000;32256;31;512;1;0;1;12;2762995;629
f5d8c6ebdff8a660.dll;31744;d6adba8694833260d2a53f98644e48b896b762ed4e8d0857eaf9763fae81118d;32256;1c70ec237a6a2b510304d0f4026514efa993da85da0d1cf4f58c34df4ec5cd5a;5;0xC000;31744;175;512;4;0;4;15;2763624;659
f5eebd9df79ee6b9.dll;30208;e54d7d8d90416847aa561f3b2f37769b05d56d62ccc65bac8608d7852ae0e12d;30720;7d0f4fe08da2600d28f6e5c508787bc31480e289c614d6ce8bc9a90b613d47f1;5;0xC000;30208;71;512;2;0;2;13;2764283;639
f5f8fc70195d14eb.dll;30720;e2facf6c0e7e301c864a0cf8044a5ba4a132ae4ab2df0efe332dd00889cfc678;31232;63da9ddf2a14f64ce9d287fc7e6017ead980b1f0ed71a5ba840d5bd1bb902b82;5;0xC000;30720;91;512;1;0;1;12;2764922;629
f602c7b120b147c7.dll;33792;c43dfdc5e364939fba1ffd0fc6417f2c72135b60f2f6d62eeec727cdb2d8b8b5;34304;27e53c6acccab9c5f65fec51b00c2802ff9676bc2386e407858380b3bce9201a;5;0xC000;33792;223;512;3;0;3;14;2765551;649
f6236b2fcbe17c7d.dll;30208;9b9e4e5b0a1409a789818b0322f373f3be9e66fd10f25569a5ae75d82cf6a813;30720;14b9b570e8d48d848984dc37506e1f687405008234ff60ae4d0cf9c9f089246f;5;0xC000;30208;174;512;2;0;2;13;2766200;639
f6236b2fcbe17c7e.dll;30720;475c2cc6dbec1687193da0f754c59f8b6e5ad0299a05760a76a813d8247fe66b;31232;93c169a63e5c16dc26eb2c8ca7ff9457c684fbbbd9fd42f0dae88e79a9e2d891;5;0xC000;30720;141;512;2;0;2;13;2766839;639
f6236b2fcbe17c7f.dll;30720;46b32082337ea272bddabc5d1961de12694dc49c04777f30f21c9c0af413cf02;31232;789c0a05fd38f38472bdd428fd81a947180504bea9353588ebc4f4739ad4505c;5;0xC000;30720;218;512;2;0;2;13;2767478;639
f62894f647a55a15.dll;34304;bf57c2a2ed456a06a75e44f6ab2dae90ce506bcc5e2ff1989601d8ff9e9784a2;35328;be85793701f380900201e40d47bc5cabb346d0c48ed9120bb8d2043a749f2e61;5;0xD000;34304;569;1024;6;0;6;17;2768117;1192
f6663100ca9d13c4.dll;36864;3b3649ebfa9ebd557d1ed372e40d4a12910a9673261f83b76a0180ae9aced226;37376;4535ec73e0bca7247aef95d5816053a729777818344ced9a7519f1dc2398fb91;5;0xD000;36864;81;512;2;0;2;13;2769309;639
f6663100ca9d13c5.dll;37376;53dd2e370160b51f02ffc32bedb9d07782addf6cfb5c0d0e825152960c0ed3c9;37888;f57946aa10ba500fb0c1f65ec25735b529213517e139ded34eb85d3e705c8b19;5;0xD000;37376;74;512;2;0;2;13;2769948;639
f6663100ca9d13c7.dll;37376;7efc961938918e63031748888f59fb9c3dea05932ce1b62b63b8da4669051c21;37888;05f897ce65d6a215359bc4527339dbb9dee117fdd92febb796faa02df7a150c7;5;0xD000;37376;67;512;2;0;2;13;2770587;639
f66c976f251adca8.dll;30208;3b595133fa5b55ceaa6fd819573ef26478cd340f78dd7974d3fb633fbec3f86f;30720;846df3ca7902bf2f4076eb10e86e379ad9bcc45644fa97969b0198da139c1c13;5;0xC000;30208;227;512;2;0;2;13;2771226;639
f66c976f251adca9.dll;34816;6f0660f08dbd8b401b39f4744c8b9f0df9348ec6d553fb1ef092f5872e925c38;35328;8ea07fa518a3d09df9150772d43ba72ece10d8c6f85983671bc1f71f0f6421db;5;0xD000;34816;290;512;7;0;7;18;2771865;690
f66c976f251adcab.dll;31232;3c227ede2d18ceafdce3239ff78d8151ee69e5282745c7cd94b012b46f89a891;31744;f04bd84a7e0b3fec8c4f8788dcd510f845b40f336d40e0be84e34953ec32630a;5;0xC000;31232;271;512;4;0;4;15;2772555;660
f66c976f251adcae.dll;31232;a2f2dce38f61638e4c708b1407bc28ed56cc646a01c8de88418f23909174f11e;31744;181ac4970f3576d8fa2d32e016dda6e87547eba997ecc4b39c17e7737b0dd33b;5;0xC000;31232;312;512;4;0;4;15;2773215;660
f66c976f251adcaf.dll;30208;46fbd69e2dfba9528f14c9ce7a3f2764ab06f9ec99363ce42e27bb139dfbd66d;30720;6cb6571be6adcca6e701703d5581c549aa8aa7597ac5b640c1e8258ac87f9782;5;0xC000;30208;152;512;2;0;2;13;2773875;639
f6923f061a2597ae.dll;29696;f7d8abefc66cabb252d04b01c14ba34f1c72306cca56eb9d0140ca884f4da083;30208;efc44aa40ab10a0e0d63b3f3208293166c239cd2f37f98d0e6c0b586f0f4418b;5;0xC000;29696;62;512;1;0;1;12;2774514;629
f6997558d726fe51.dll;30208;1b2be031a4387ecf3cb3657ea4da54114864b5a6c20ccacdbff82c723a15dbfc;30720;86079ead154de938f939fe9511672691e25f5a59dae9a415d00eda7419cb52b5;5;0xC000;30208;14;512;1;0;1;12;2775143;629
f6997558d73de75b.dll;30208;1154d75d23720258e4b1715c45c1d418ddf50d4c11db39e2826b7cf18fb605fc;30720;cb5e8d84bdc1c107392888e11ff0b04d76c64ab192c70336bbd252466a073753;5;0xC000;30208;12;512;1;0;1;12;2775772;629
f69cd8241d2b77ac.dll;32256;3ffbd9f6f0120a0370352d62a456b73824eabee2d0882ae5701573f543c39049;32768;5a820b7ba585fd7fe6ec29b6c08738771ff68651e2b46b12ef2103a33e40ae02;5;0xC000;32256;64;512;1;0;1;12;2776401;629
f6d125994583921c.dll;35840;51071b589b29c090ec0aad0e8441b3ddae70ee3f767639e3c1049b7d853df375;36352;d29e492ca25feb5adf911eb542711625fc587dddea7bd0239f8c1e3c09a43880;5;0xD000;35840;46;512;2;0;2;13;2777030;639
f6decb6b1b6bb58e.dll;31232;21f7da8efe7fd20e2a59dfea22aa44ecd795ac200cdca8dd3258d0ed28aea6ee;31744;f37fca7959a9b1317eb6a91083da997883ab07e82b60041ecbbfe446459bbb6c;5;0xC000;31232;74;512;1;0;1;12;2777669;629
f6e0e8b77a9e3143.dll;28672;4206451b717c724b2dcb5d47933c384a1650fd698e2ef5950a49984846ada7f3;29184;0f0bbb00fd05f33fab4187851bb5580b0b3e0c352370c5e7b82a3d6ead2fa038;5;0xC000;28672;52;512;1;0;1;12;2778298;629
f6e2889848403b87.dll;31232;bddb8a5e3262e7f8b878d8372361705088dfe90d4c4fe4ae057ba4541d126f92;31744;2d69014e27d3a965102a278cf0e25ed01fb4cfb6d8dd75188e2db041d56dbe68;5;0xC000;31232;221;512;3;0;3;14;2778927;649
f6e94f96b1d69f25.dll;32256;88a53e0001df39e6c1877260d9dbce1c298b8abd9e7aee97a593289f8b275a08;32768;fb4f0a285f18e5179674b885a1d0b90b8e1b8723f26b543896a94c0ecb53eeff;5;0xC000;32256;34;512;1;0;1;12;2779576;629
f6fbb7569acb23ed.dll;32256;6d805b269d3f6af93ad62f21f050a5f65d36e3d72a7f27b16224df3d1b05de5d;32768;a56e939b0aabae579154b3d5b8a2868dbcce50aa62b100befde2f637f3af0a83;5;0xC000;32256;41;512;1;0;1;12;2780205;629
f6fcaa468f9cc2f5.dll;31232;f419dac64085121e66e3d58de027e8f5f2286c07ff7b08ca68fc75eb80169d21;31744;1d8f42b1fd229f7797011b543ab6d9150896b3104af7c72d1cfd5fb70f662320;5;0xC000;31232;209;512;3;0;3;14;2780834;649
f7006ea6eb6813dd.dll;28672;0f6fb3690f4a35dd779e5f70d072192f3155d3e0d5f3db601b1c5badac805ce4;29184;3954f5d163f30a5e9d1b00ba60eac85ca0b233773862c141fca09a34be43a2d3;5;0xC000;28672;47;512;1;0;1;12;2781483;629
f717ef4f73eeb585.dll;30720;c647500352b29179186dca0c0c65d50822f953a07aa89f19775f963a11cb300d;31232;034e70edd4666ad79b8af132391ad56b9fcdf3b19df61c5bddee6227c9579231;5;0xC000;30720;327;512;3;0;3;14;2782112;650
f71fa92b08abddd1.dll;33280;05ce243b3d0243468fa53c4a019f2de5a16b3d6ac56c6e095c1b50d4302551ca;33792;9fc8f1927bc89b6c4509d9b2969610e1c6288e29e23b3a0340116c7961efeeff;5;0xC000;33280;40;512;1;0;1;12;2782762;629
f7333e6eaccdd954.dll;30208;6c8c4eadf75dbcd3d350d9f298caf0b66a03e0459711c9e4950e30a47482080b;30720;940df7d1ba888ccf39b65ebbc34ba01a7a03ca2bfbf611a57aa95b396bbc50d1;5;0xC000;30208;62;512;2;0;2;13;2783391;639
f772b76c111fa455.dll;32256;ddb78a87be4765a00bee5747dbe6f283d8e69355306b24fbb318c2e68b98e06e;32768;70a673ed7de36cc862c57dc60e362787b66ee9ae14ad4ac3172818f5fda554fd;5;0xC000;32256;30;512;1;0;1;12;2784030;629
f782f5b2245d0164.dll;30720;c1b658c4f5ded46cecccf87d504bfab60fb2d0fec2d5a21b77883c9321db1989;31232;e9e35cc47b313c87f1ab068709b6e0c7243e74d1e96c34696ccc12d06c18b398;5;0xC000;30720;345;512;3;0;3;14;2784659;650
f787e992b998e407.dll;43520;038c484661b51184f2b9bf8add1d3f943a2872036b9463d78d2b0a5f671e2c04;45056;63ff3fa829478c83337c341ed0c1f95c763acfce8da7313ea573322d8d652e67;5;0xF000;43520;1219;1536;18;0;18;29;2785309;1825
f79fe78abe798a55.dll;31232;59ef9b55bd1e25d534aad972c1c5657206fb8040de0128588f4bd0428ab764cb;31744;4d394f1942926efeea43c844f54adbbc682c0bcffd8e3d782ce14822630913dd;5;0xC000;31232;205;512;4;0;4;15;2787134;659
f7b43e512a19bec3.dll;31744;ea843446261f59e166009b179acf8b97f409a40d2a863aef4ab01a7528a7b977;32256;f7e4f79c4a65997d13d7a78a3bd5278559e24276941d31973867ab7b33a71b82;5;0xC000;31744;109;512;2;0;2;13;2787793;639
f7bc406debaba7e8.dll;51200;c53303d7adb306f361094ab68258bb49982f7cdeb7990a6d3a58e7f2c2e3fbe6;53760;e854e84be0648b0f290d3d227325d05e4fdadd1f22254f96927e68f821ead0b9;5;0x10000;51200;2089;2560;25;0;25;36;2788432;2917
f7c98c91f7744f09.dll;28672;4111c91c7ade00fb8d1acaf350af01b272f003d209d8310a5767d6ce4504806c;29184;6f7b2aaff54a40670e41d20941962cb167907d631012660b85d8c2942e717266;5;0xC000;28672;34;512;1;0;1;12;2791349;629
f7ce0196f94e2298.dll;34304;e44ba09c2a7ba87882434aa112e7b13ffce0b3ff47447cf9bdb6404fb687083b;34816;a0a912f633bcd68fae73d1eac567bcc6167ba4a19a0c32a7f0f259f1c558b252;5;0xD000;34304;409;512;4;0;4;15;2791978;660
f7fe4f950417472b.dll;36352;8770d2785dec50718feb4b6e882d6520a3a48677a3446bc8a25283243b6f7571;36864;a43f7663805bcc52356c5fb2b4c062ff1d8e31e9dcfceb046a9607709bc7d083;5;0xD000;36352;327;512;3;0;3;14;2792638;650
f838e3efe4bb4d77.dll;30720;679be6047b0ef5ca31838ef580e746d88559495ba53e0e47ef9964054fcab190;31232;21c82e947ccf7156a24ca3e1496e9abb8b6ab305afe8cb84405073fe365258da;5;0xC000;30720;172;512;3;0;3;14;2793288;649
f839fc0e34288e7a.dll;35328;3c5adf32c9dff9b3e00deef8c4e40ba44bae1a425434b63ccb5d07557a1c885f;35840;d9feb18773d26e7f3150dcf82d7ba373815e5b0d9ac576bcd8129eaa1781fc89;5;0xD000;35328;88;512;2;0;2;13;2793937;639
f87fb7150574913d.dll;34304;66a7c23d90b2b370f8ae46982af32cdb3a084728e6114d6202a109e43d4a3701;34816;d2ad99270c3f2f468e44280033513e21bb08a6ef4e536183499f0de85ed4b29e;5;0xD000;34304;90;512;2;0;2;13;2794576;639
f889daa2ea632258.dll;35328;4870658b725c2f8f87dde95c651d0bf65b4d6a46a302aa9d40c5af304240d0a4;35840;03df7a3ea4cafb2058b6ff156778d8658a0517c56d3b649aa7291746d48fb81d;5;0xD000;35328;161;512;2;0;2;13;2795215;639
f88a1c34f0fda7a3.dll;38912;6465fe44a5caaf57374829c46a304ec5210b68b64d43e12e5d8e5f3a273fe50e;39936;8d111c86ce1e1f90aea99dd0a3d81bfd9faf5c7089615a1f84645ba5a0e08192;5;0xE000;38912;698;1024;7;0;7;18;2795854;1202
f89bd7bac609c6be.dll;30208;fec62db0481e57702d4b762cb9fdbb99814821a5fe291809f9dd4415612047b4;30720;7646ece3a3bdd653b68e9926930a2f90c0f45f330437b825fa35ebe7780226ff;5;0xC000;30208;104;512;1;0;1;12;2797056;629
f8a458600d0d7adc.dll;33792;5df2a4815949c0e62ad5450285c3627ef415cbc777be1ca7285aea76bc4676e6;34304;20d5a9d723c5b5e870933304288cca93d394ee9444d7ea696dc3ea78754db9fd;5;0xC000;33792;91;512;1;0;1;12;2797685;629
f8afbf53be05281c.dll;31744;d720ce61ebdf853e77f3435f2faad2ee9ce70575fdde975c3e4a7145f2d5d366;32256;ae2f409bab8d803fa1ffdd274d1e7fa447346cc064d7293ef600f68e928fd0db;5;0xC000;31744;67;512;1;0;1;12;2798314;629
f8afbf53be05281d.dll;31744;c624e2ff0908848db9a9178ff6a05ee58d0172c24f2f4d58f4ec6cd2124cdee6;32256;32b52277f8d0a37e56ae482334bde6d4fecbf6069ff3c6b2c05e17657fed85a3;5;0xC000;31744;91;512;2;0;2;13;2798943;639
f8afbf53be05281f.dll;31744;ef159ac59f6d0b2676558e8c101a344b4c96128f5d12a63b1790903233bbd591;32256;3957a23b7d98e99b5dbdabc40953f938c26fe3749ff8e7d0b442c4c0f96ddb05;5;0xC000;31744;78;512;1;0;1;12;2799582;629
f8b17b0084cb2d30.dll;121856;d42a78a447d15fb0ba6a40f834f87ed8fadcd9c766d9279d458e6f8020671921;122368;e9401791db393c15066501162cd34a640a2818ee79c15be72f96e43989e194fb;5;0x21000;121856;209;512;7;0;7;18;2800211;698
f8cdc97ae40419d7.dll;36352;c4ce5d10d3c9cd41502bb96c0e61d28435eeb45edc21543ec757a5ebbbfd28d1;37376;85e1a4d59a2ea5afc4b1493ebb719e2d72b25aa90ba91a08e92d1af4f0e45fa5;5;0xD000;36352;633;1024;9;0;9;20;2800909;1222
f8da1985536b1f79.dll;33280;9071431fad22951527504f6b764c2868bddf692cdffd2bed4a470c4999257076;33792;9599daef3e870a51026d4439f989e4dd44cb7718dc230d6257aa17ecc37f88be;5;0xC000;33280;231;512;6;0;6;17;2802131;679
f8f2aa06577f6e88.dll;30208;422c0b05406ea71632e63a891e25864dbf723f10a140f71bad97aedd20fa3207;30720;be5b939984d27ec33e53f9bb54b00af2184548fa3f3f457b7da67f2fe45efac2;5;0xC000;30208;97;512;1;0;1;12;2802810;629
f8f709fe647723ec.dll;32256;2c4e6ffbc97289844c5fd26eabafc85661207d4665107ab940c83612741d5fc4;32768;e3ac61c91eb99714ec9a1f8c846616d8b246f84fea081e57f59dc4fcb0aed767;5;0xC000;32256;421;512;4;0;4;15;2803439;660
f932a4f1c1628ba8.dll;30720;d6f10ad9989d179f7f0f91f276b7af88be7f4d8b46b4e7fbd39ccf1d9276800b;31232;1d4b25ce4ea91430f9db65e6468a26614e9d1ad4f24070dc94b6f0349c15bbe3;5;0xC000;30720;202;512;3;0;3;14;2804099;649
f9850874831939a9.dll;30208;be47ec68b5856b50c06f56eac4bf7928ff6083b98b7b6310ce6d2eae2f3f77c0;30720;e3089c2834384c4e04cf7fd4daa944d6496cd28ef151f288c8c49b93f8267723;5;0xC000;30208;79;512;1;0;1;12;2804748;629
f9850874831939aa.dll;30720;8fceaeb64244d3698590616ee7ae8934d102d0aa7681dfedbdb97236f1f016dd;31232;10ef78fc5ec650cb24e1677061d8ecca5c1501200843a186546f300eef72e87d;5;0xC000;30720;146;512;2;0;2;13;2805377;639
f9850874831939ab.dll;30720;13298e4aa592804283d104f298d1bf4f52c7a7b7158955a9023100e8d9ea12a4;31232;34ef4a5b6bc6ea146cc4efd59f78f23a14f8e62c15832d22d8397cc46b6b7040;5;0xC000;30720;173;512;2;0;2;13;2806016;639
f9850874831939ac.dll;30208;5b14d5edebba8077240a2b6bfb032eccc198494b06ae9d3ecb670756115333f1;30720;b45e39c01ff24351650de4ad9ee4c6cbdedc0af92376c7f75557d3699d4231ab;5;0xC000;30208;83;512;1;0;1;12;2806655;629
f99db64c3acf5c37.dll;28672;aaf75d1df630701a1f3e47c47c897c926e9d85787f9b5c411261413b62d53438;29184;2a7b84aab5bd28ba30beaf346b0b02b762cd17b9660736d0729482a71acfdfc5;5;0xC000;28672;83;512;1;0;1;12;2807284;629
f9fa4a3068c12f31.dll;29184;33bacb6ae57d406bba724e7575cc176a87ed1b69e0a4cc44924aa7efdb71ee67;29696;b670da0dada45fdcbce09df2aee20c8b7f9ffc2ff14a7cf104f9ae035684b800;5;0xC000;29184;29;512;1;0;1;12;2807913;629
fa1575f3675171cd.dll;28672;3b5169508d22c2fc86199865ffa4cfbee40094825a31b0987a8bbb146f9309e6;29184;af24155f43ff295cfe16e0c59dc839d0321142bb9d62da032a100af575d691fe;5;0xC000;28672;72;512;1;0;1;12;2808542;629
fa24fe375f50a939.dll;32256;490ae1a6f05d24eda21c08bbcb008715082c04a1901278df45d743e52d9e5810;32768;b702540e157eca9b79680f06097bb497cec3d530c5d38c606045a614264ce0b4;5;0xC000;32256;41;512;1;0;1;12;2809171;629
fa506d2f20e33faa.dll;37888;2c12c1fbf326db92650330b6fa71b7b5361ae4a4936d19f15e6a632a25707bd3;38400;adc21bdc29bae2b5034a65efabb6bcfe44c3eba7c98f6d99e868e92bf2a21e6d;5;0xD000;37888;53;512;2;0;2;13;2809800;639
fa588602fbec5b6e.dll;32768;d0ff7e5baa6acf62d6aa5e4480552f3b1c60d6b5935fed1683fc3b2cd84fae6a;33280;b19cda897003a950fe4ef0de36edee9a406f20a744e550301f248868f227e7b6;5;0xC000;32768;105;512;2;0;2;13;2810439;639
fa60e2c798936704.dll;31232;c3912824c74e6acc27b8b2b56f287fdc999998476ba3e344a84549d0f3610f40;31744;6efd4a3f7aceb7bd383baf39136e37219a25f4e95f7c5578c872f019c0e89336;5;0xC000;31232;211;512;2;0;2;13;2811078;639
fa65d949d8471fbd.dll;30720;161f8cee0373a002e814bdc42ec6c4e7cf3fbd4b086e78a42424c5e6edb8c934;31232;e22dfd7a62c7a03bcd03947f0d501d65cedb38ff10f4999295fd123068691429;5;0xC000;30720;235;512;2;0;2;13;2811717;639
fa960e601c3171e7.dll;40448;8355240a4d84fb1dbdf56aedd5204d3bd71d720643961e02a7f46ced2a8f23d2;41472;07b7f780463878c30bf285f6d7c323125b077b2dfcea36afb51adf4720b10a59;5;0xE000;40448;684;1024;7;0;7;18;2812356;1202
facdb57ec310b724.dll;33280;82c3ff14632c4a68ee029479fcf9e2273988cd170197cefdd1dc761fef7ce569;33792;f862b5f362bc5aa99a8a6569f9b51c40c84a6760aa58060795f5fa97ad12c347;5;0xD000;33280;438;512;5;0;5;16;2813558;670
fb015481e1a3c915.dll;29184;f7881665a76367dd739baf13a332a652d3eee52cd6f325330c83f8d44dd78202;29696;7224977b798488708358c61ab9388b4c6995488dd1bbd919b28ba435ab42b274;5;0xC000;29184;103;512;1;0;1;12;2814228;629
fb0237cdf6b5f227.dll;32256;ae4905e7c3474f55adf01fd40d97e667173f0f53152dcc15215b5b347d1fa2cc;32768;45f8a730166302bed6a9e7a6ed4fbb2f72d0267e85e606d7080351e3d22d53d6;5;0xC000;32256;195;512;3;0;3;14;2814857;649
fb12692c3e669dab.dll;175616;531f532857296494b8db823012272cbf73a610f8d00b4c19f99e2f839cbad7e6;176128;fe6fad8404cdf2b4df84149920c9d0a1828899a88d46f5781cc428cf74367c11;5;0x2E000;175616;141;512;7;0;8;19;2815506;701
fb2ca9bca4da3b67.dll;36352;7986923fb2a9853a7baf9b2c3c23c3545a271457ded47f5d9a272acb563c1fb6;36864;06a3ee230ee2709d5a7d2fb3f4d566912a0d0c3e879f29caaba5b7982200fecc;5;0xD000;36352;81;512;1;0;1;12;2816207;629
fb5c5d50c51d1b6e.dll;30720;343d680a5afb891cf6af4329074535014076c184cad9d42ead452b23ba738b76;31232;c3d55683d51642f8d35a2079839735025c5e95ad29d1d3aafe45eee988700351;5;0xC000;30720;301;512;3;0;3;14;2816836;650
fb63886c925de08d.dll;29696;50831f403e293d9837d3431b36a1c34c4804682899f45476bfbd242d8a411fc3;30208;db401e43b1d47479178ea1b0b693ea7e56249195a3092ff214a1fe8e641a3e1d;5;0xC000;29696;50;512;2;0;2;13;2817486;639
fb6cde82ee7437d2.dll;33280;88264d9e90a5ce3f992ddcaf6bfb6b7a286b3eb3f9ffbe0103b17d819e01bcb0;33792;18fc4d85ef5b2a0387aad5d7cfe25bf73d0ba52f6be91f755a94c97b639cd298;5;0xC000;33280;133;512;3;0;3;14;2818125;649
fb6e4c18d9db048d.dll;37376;86d8c99c668c1c1da3e41c21ac4f68666a7531b7d4d36e83a1c16268810dfbf5;37888;c972966e42c844678da086cb022c6a879b76ec539dd0d3a713f0070b859ef77d;5;0xD000;37376;152;512;3;0;3;14;2818774;649
fb73e0e7f0ea9104.dll;31744;2b402175ed8d2c32f15687b488a0609e82461677b1e6edd849b9f220e0a779e9;32256;bf2cd0c89f9ad50dfb938e8f15c433f1949f01ddb8eb8fbacb452876db5aec67;5;0xC000;31744;213;512;4;0;4;15;2819423;659
fb741ba24b4e936a.dll;37376;44523860d74647e536791e376156470d08351960b6bb000274fb290ba67ce1ba;37888;079e794d762d8df7aaad9b277e94c890dabde4f6a4ef714fac8caba9f1cdad5d;5;0xD000;37376;299;512;7;0;7;18;2820082;690
fb75c650c6290a91.dll;29696;ef54e124be033bf1e2ce1853746ca699daf27bce0ef43e2604a91844a1f25a85;30208;36366ba53e14c00528055dcb5e666c5ae1859a995be3debad78e0e1b1fa6aa4c;5;0xC000;29696;62;512;1;0;1;12;2820772;629
fb75c650c6290a92.dll;29696;f1b39929a3143bd918f385a1bffc7763f1c7cc2406ca38a6abd85af0e3462ee1;30208;bba00c04ebf84a7021da3e58862dde2803de553621863b15050bb238b55ce3c5;5;0xC000;29696;42;512;1;0;1;12;2821401;629
fbac360788d4183e.dll;31744;ae3b9b8446ef8eb13873dd6398078bad0ce8b2572040a0466cb5d30997c46f26;32256;7e317307b3f5f85601b1f048b942684f0f4475545ea5afd08bc87e55376d709d;5;0xC000;31744;331;512;3;0;3;14;2822030;650
fbb38b691651f78b.dll;33280;6667be83d984896b5aa4f2f30e7ab426dd1106392b8dfc8fd7fb699ae3671a9a;34304;b526695ec472a9678cb98e57d4cb04b2ceca16ad86d7dfd4807e902db91d60e6;5;0xC000;33280;636;1024;4;0;4;15;2822680;1172
fbc1653da9abaab2.dll;31232;4fc298109b1ed1438a06883e384d6ddea9eac61e635a3d1513e828811f9cffe0;31744;e6a4ed1501e9f630565a761c69289fd991b673dadab1ea670514fd0f84dc9d4d;5;0xC000;31232;175;512;3;0;3;14;2823852;649
fbc2e2bfd8ee5147.dll;30720;b4c515f095a12d592927bf98f86efedbb0edda918096a4c6d4a434d23777b6eb;31232;5b6a96aa5a4db24fb620720f02422cdc90db398d04dead3f45500f9949762e4b;5;0xC000;30720;137;512;2;0;2;13;2824501;639
fbd9feb4818c9375.dll;28672;de25681b5f85e3b4baf59c4993ac7fad98d2c1ca6fa9b43c228ea398aa6933f3;29184;f76df3cf47ef415d28e65a2e82dd3a8080bba7a29734bdc574fcb0f5cf3b95d3;5;0xC000;28672;73;512;1;0;1;12;2825140;629
fbdb6533e0f23e3c.dll;32256;42e699faa6ffca941fc6e8d5ac53527cd055029bcd5850a51147bc0786df4adb;32768;e765b5abd16cac4f32fd9ad9b18cd5bda50a58305300ad7217301ef5b145c8fc;5;0xC000;32256;61;512;1;0;1;12;2825769;629
fc2a12308a20b7a0.dll;212480;e736d8fdaf4751a567f596c329a1370e93dc437f5377556ba15c089e01d41512;212992;72813a9d35271dea197b911a622925043afd60ada42ef8ace5fd53efbc05b4a2;5;0x38000;212480;207;512;7;0;7;18;2826398;697
fc47f777020bdb70.dll;31744;8376c968e22792d73b11367cb7ea4d62cb710f21addb6ce786a15f4719c09f5f;32256;546cd049703cd786e90fc89e42d665941c9372177ce070d3d8e5f408093807ac;5;0xC000;31744;247;512;3;0;3;14;2827095;649
fc8ffc2d93f788fc.dll;39424;699096b9db5db73da2b283965a037485e91fcbb6c396b177dfdf138b3bc17a47;39936;f4933662d165ca75641d2fb338a7cb9ce2beb7635760a22a83ecb8ae559e842c;5;0xE000;39424;237;512;4;0;4;15;2827744;659
fc931be9da665be2.dll;39936;1a4eb7611561bec2a2bec926fb4afc09c78b0a8a2be2d665af734f45b6a974c8;40448;79269adc9603a924afe48d73e91ac29fddd57591ec023ba869cc2494152b2db7;5;0xE000;39936;166;512;3;0;3;14;2828403;649
fc952abb797670d2.dll;30720;21d66c2e66d9259f12f977b209e0b30fd9a4fb3fe7d9523e29326a7d69662c98;31232;37d2bda60c08d42f7c073083a52f4325974516bf3df7dd85277d1f538fbcdc1d;5;0xC000;30720;65;512;1;0;1;12;2829052;629
fca92de5060233ac.dll;31744;d2c17f615833c63740145212c985ee6ac3bea90726f272d9793922313e06a120;32256;c90feedc3d1983f2171656a263e08993c9b36d2be573b379cce659f4b1387202;5;0xC000;31744;91;512;1;0;1;12;2829681;629
fca92de5060233ad.dll;31744;0af2e3132e18cf04bbb2749a6ee31bb33571344e49c4ab894bbb39b31c0e29c6;32256;e3c89a13afbf975644ed0886b65911bd23992122a2828b7f026d9782247634a7;5;0xC000;31744;114;512;2;0;2;13;2830310;639
fca92de5060233af.dll;31744;0e637b9aa0ee5eba8f1ad8ffeff9d8e4041018ba2d3f8bdc8180c28d9ec5e9f4;32256;c602e0b7afd2bc20a4bd0ad31a6476e7e9e48122e019a2c873c28d8fb9edbbc0;5;0xC000;31744;68;512;1;0;1;12;2830949;629
fcd36dfdeb5d5d06.dll;31232;eec9af7554fd101741517f3c5c5190d50be6ad44487f335f6f2eba9f8bba264e;31744;db68c360381509403a828cbd5f7400a324a4f42cbc9dcea673037414972b3c70;5;0xC000;31232;218;512;3;0;3;14;2831578;649
fce295a2d5cdf835.dll;31744;7c6684cb60c0aac2d1ed0d4be0840746c23477d9486eec8831f623bc1962dd13;32256;52123477c099d343ccc86abdb76eed1420cee47f48a42ff7567c4bf8befb5b25;5;0xC000;31744;84;512;1;0;1;12;2832227;629
fce295a2d5cdf836.dll;31744;8203abce8672a0dc29c98e8a9a23677985f53762b81e0b5f7d64a43d31379405;32256;68ab2dbfa9807e31e711e6a8d678dc02fcf3f9de8293c69af15ddcfec8a4ea77;5;0xC000;31744;84;512;1;0;1;12;2832856;629
fce295a2d5cdf837.dll;31744;8392c8dc48f4e554e3fc7ce5eeda0f41659f8e6615e839d3721745a85b2d8712;32256;465cd4a18a3442eb6cb2c2c41ab7a451eff2bf10a08f189afbd8e5e4e4229a72;5;0xC000;31744;92;512;1;0;1;12;2833485;629
fcf3b5d20e568984.dll;40960;ed868550a416671cd11ba8fd733d2403a29608868b134078bce6805631d63ceb;41472;46f0c8faaf2fa1e3678e34b8a4ee907bf9e95c1e1635376f088027dc52961d02;5;0xE000;40960;262;512;4;0;4;15;2834114;660
fcfa976be4c89520.dll;43008;1816fb289ced420c092a3ca5f6f0e9787e5684ae460c5b2977eaf6fdbdff92cb;43520;9b24175d8ca5dbbb7b2e3c7e9571a87c7907b5c837c4a84a74c164826f15adf8;5;0xE000;43008;410;512;7;0;7;18;2834774;690
fd0e0df53a8511b1.dll;73728;f5c0c53d4843999539555a0ead3573b57bb2b4ea8db091b01af36034e4bd27b5;74240;47cee8cd374738a6588b4403e1b98df890cc969a1497dae7a5a17c8cc66b7a4d;5;0x15000;73728;263;512;8;0;8;19;2835464;702
fd0fafe60d88328b.dll;30720;2b33bea66b7e6a56fc88e75b605e01f045c351bdc26e09f1562d8cb70d7af4e4;31232;6e01df5b6f09ee92dc3b1ac4d1bf4ce2a895a530f79f6537cb3489a7e4278db5;5;0xC000;30720;239;512;3;0;3;14;2836166;649
fd29f670a3f93775.dll;32256;17db896e2d1cd6ad24a4b4a60fc6ca3a564f427fb93caed8109b2b53fc676d69;32768;b4844bbb4b7eee0fb286a1e9cb7cf87e6d99aa2a90779e592782e79b4d42343b;5;0xC000;32256;171;512;4;0;4;15;2836815;659
fd33b2332bc161b9.dll;30208;466fb0843e7d7a290465f0bcb1ec1a891c7ab4ffee31f57919de655bcd143abf;30720;39289c685ecda93fbb1756c4906c52132cdf020b11d6980de515d1565fc458e4;5;0xC000;30208;246;512;2;0;2;13;2837474;639
fd33b2332bc161ba.dll;30720;848d2d29698066e80cecf007b0c323c33755d1b2dd92352f2c42c5653a2f2594;31232;c321d382a7c8b346241e73335cd24c08dd3d344ea4cffdc4e0a2a515c7d187a1;5;0xC000;30720;119;512;2;0;2;13;2838113;639
fd33b2332bc161bb.dll;30720;a9f192594b31a619f7657f6a97220b8d12618810728b35b2c5ba450e62ffc63e;31232;78154048f89de57e1e367115409f368f352d024ce7ea258015176c3e7fb43f36;5;0xC000;30720;147;512;1;0;1;12;2838752;629
fd37d3e5583e8118.dll;30720;564aa465bd4f8f9f011efaaed6cb3dae3ca0672bd806fb676726b24d48811340;31232;a636de97e6bd1dd8781af31ddfd90da5910f6b7a82c1dcbfc0f233aceec57a67;5;0xC000;30720;106;512;1;0;1;12;2839381;629
fd59febc330c99b0.dll;39424;38917eecb5c998bb564fd63b86ab5fc72a953807872e8dfb870fb58582767d13;39936;142a50d965ccd8afd5914df51b952f6bbe8e81f042c1bb3ed10a05056d904533;5;0xE000;39424;466;512;6;0;6;17;2840010;680
fd6aeef7171d3995.dll;32768;8da195e4244eae4847ab502fa3b4ba7a41b1df1f2bdb909b7bd161892b4d244d;33280;7fa4f8ee7b0667a233739f627684bcb071a1b4de392e8721561e2401f89f2e84;5;0xC000;32768;169;512;4;0;4;15;2840690;659
fd77c2488aeb547f.dll;31232;6d783b60fd306addc339eb36fa5cccfd99cecd6cf3f0814bede3941955ff8aba;31744;b292d605d82348ee175a2b2dc64101e99e8a3c1921c256dea0a186740d281097;5;0xC000;31232;72;512;1;0;1;12;2841349;629
fd79c1d5cd7b3e84.dll;30720;5271abc97f2f339dc782fdd68f4feebea7c820c8aa5ad2412878f325b674b4b2;31232;0f7e241b4d94f1105c3159d194ae400a68afdc9287122b446e6b536f08a0d44e;5;0xC000;30720;189;512;2;0;2;13;2841978;639
fd7d84cbcd81682a.dll;32768;9e3abea6448fe69eed9ec9e3b5bb386ef7bc4f032ebeb4247ba37cac5dea81cc;33792;e991abcb4744e0b270ec49fe183169014f03f5779259c90a25382f95e0b20fb2;5;0xC000;32768;602;1024;5;0;5;16;2842617;1182
fda3316f7f7cb580.dll;33792;292fec8499278cfaf8967c938f7cb519191f2f19e4a72c6e3073e706d333c025;34304;3d81f64d404ac2a43e11028427dfa5a4ef669d8d3c72d0dac32798c3605d4d5f;5;0xD000;33792;18;512;1;0;1;12;2843799;629
fda9db595ba41680.dll;30720;2a86bc15146c3b13d2d2356dcf5320a09693d20bbf42e1eda602402708105964;31232;e48d9a3ff637f76f016f4c4fc2d72b96f74b08d1e65a5262269868f96557c0ad;5;0xC000;30720;121;512;1;0;1;12;2844428;629
fdb043cb59c88650.dll;39424;2024391aebb3dac2462cd475633c24ed989168cb4346c03fe1293572370f5c84;39936;99cd28cb27f0b5e93fb9029027f752cf3f39b55b0b45fb47d9f1588845da46da;5;0xE000;39424;117;512;3;0;3;14;2845057;649
fdb51b64a330ba5f.dll;37888;3511b1837165f06708f12856803d46de2129665a910267064f97c765e74b2f09;38400;00063fcb5096a843909122d79f14e017fb0ef3d481547d705fef8d6d6900e0d6;5;0xD000;37888;268;512;4;0;4;15;2845706;660
fdc3a38512bf642d.dll;31744;7fc33d22d2932e2ecbbedd8c2ecf9da8d64abf8d9cc4e224e2b0410c673155e6;32256;00be4586ff79d4e073b2482d2d491f6c58092aa043a9a84214ea75dd67f2f49b;5;0xC000;31744;123;512;3;0;3;14;2846366;649
fdd573425bac2de9.dll;38400;baf76b07efa5568da0839f8a4c7f0d8eba26dd6b50dbcceda7f4a239015f54d4;38912;f15eff334be3ebeed974e8fc7dd4816339f9efbe3c7e499c65b651740fae9719;5;0xD000;38400;56;512;2;0;2;13;2847015;639
fdf784267080d6ab.dll;35840;132175c6818a91f583b05e7aa522b486860fd5fff57e945c57f5f44644de7adc;36864;297de3a8b087c68152f91432d228f017f90eadf71221ababc2eaa1d21ccba49a;5;0xD000;35840;588;1024;8;0;8;19;2847654;1212
fe004210cf54202f.dll;32256;48158ea7cd1d2557e4fba0a15ce0c0c3436c1448818d3d8c93705e56994a5e66;32768;58d25296504c985d8a7e4cbb611141aa62b2016c475e8a9a96fbe6466f802fb9;5;0xC000;32256;138;512;4;0;4;15;2848866;659
fe1e356301dbfb37.dll;40960;823f3df7173a19d9ffad15447d182befedcd42734515a47701b7b2cf81fc4d08;41984;2f92693a3682b15b8bb913c6216b2204314ba4d562cd2bf35ecb06af773fc10b;5;0xE000;40960;726;1024;11;0;11;22;2849525;1242
fe285a54d3281f9f.dll;33280;e066c59f4752e31ffd9d683524f3645ad408d1e32f4394edabe50342eaf31d88;34304;dea68541a71c707bbfa75cef21d88a8f3576ce7d33e77dd716bb6730736361eb;5;0xC000;33280;605;1024;6;0;6;17;2850767;1192
fe3597a11ff88a94.dll;45568;324462cf7819c643e7d014b9f973593c9eb8d0e9ea6af73aa2735229a13ca30f;46080;e86fab8ccdc2d96affb824634f88ac9f565eb5361ce80e827857c81e3c51c094;5;0xF000;45568;258;512;5;0;5;16;2851959;671
fe3b3bf7681ebf50.dll;31744;babd6b2dfccd9789bf193f1d221e0ab858cf1d21d2bc382ccb4bbd9c9f3a7343;32256;762a3a31539f6856f2c1a5fed7776f35d7dc30e19918dcccbd10443f219e1164;5;0xC000;31744;151;512;2;0;2;13;2852630;639
fe491b9144e25be8.dll;30208;85fc38ee368d5185e5cbe495bd77a14a82d83c6ec4a9f449c58af1e7041069ca;30720;6dc9c4e0836ecd3e0378d1b8abad91e2e63ccccf88051a2c81f333a26d948663;5;0xC000;30208;79;512;1;0;1;12;2853269;629
fe491b955ee549f4.dll;30208;fde1cf25fdbbc767cfc9dc986310b7de9e0b622507f0bee7aa26b72fc3d09ce9;30720;cd5d3bdc8cda6a563d0b254f6b1a5966052b8dfe5168dd574337c5a846a7a9ef;5;0xC000;30208;92;512;1;0;1;12;2853898;629
fe505e37db552974.dll;35328;f25656848961ea69afe3929482baf2f291d2dcdeed7ba3c8c3db2b15effa3586;35840;fd0775a70cfcc01866b32f46609475b7efc7017ed750c57079e806586d07d6ee;5;0xD000;35328;32;512;1;0;1;12;2854527;629
fe85ad51482934f2.dll;30720;d7c175a61a4bbaeae76b50057bfa9bbdcb6e9a67ec9fb327278b236c1af4d9e9;31232;82424e67faa767cced23ce283514617122ca11d4ca82fcacb5d09d6276017207;5;0xC000;30720;157;512;3;0;3;14;2855156;649
fe8d2aa072b5f21b.dll;32768;562851eaca568b999eb3414e1046545517ff3783f30966bc1eab29ba9b2653c1;33280;56f8d726342b348c0a1760fa80d5e40d26b6d1bb9f30c211a2228a1b4fb93137;5;0xC000;32768;418;512;4;0;4;15;2855805;660
fea59059c1713f2f.dll;28672;bd623c443efcfbe072396b229a08942c0396e2490b593a42184b95a8c1b2d55a;29184;472f23583b07e1b1aefbaa9b614e8431896d126806003cf1f6a1858d10dad1f4;5;0xC000;28672;22;512;1;0;1;12;2856465;629
fed07d8cf62bb4e0.dll;36864;3d3931e150f31cc89239cfd9fdabb028ffb36e7c4fa018f48d326e6a33b4b5c1;37376;e9b5e3e6d0fbda32189eea12a6582f3e433ca7b7d102dea16cefb386c7abcfca;5;0xD000;36864;169;512;4;0;4;15;2857094;659
fefa875112d7a4de.dll;28672;db74b174a3a9cd31c7a3e5608737b0619281da7202a7eba3f7828cc99a594e7e;29184;5595913d90c79e9f8d327c00653f6fa764f4b765ad18a3b6f99e55639bfef485;5;0xC000;28672;73;512;1;0;1;12;2857753;629
ff045c782ec7a86c.dll;31744;f3a37fd7d0713dca2420bbb9bef00bd8b52009fbb1fc1f01c1a76f64df7dd501;32256;7e344c24162c3f3d7984d6e158d6c1b7ac698aa9c5aa4eefabf33e859d6861b8;5;0xC000;31744;108;512;3;0;3;14;2858382;649
ff12e2aacec61957.dll;32256;10addef67b933153d20c85f72b21095dc3d6d29e05a6fd53c827133feab57bbf;32768;c6c66a2a5454c6fe21506a18025751953aa3ba27526f3061ce2a004d27760ae2;5;0xC000;32256;31;512;1;0;1;12;2859031;629
ff2abe7557376226.dll;29184;377378886c12cb644a8523eb5ae1f863d8715be056d3bfcbd083bab19b665150;29696;d8502391b0b28d44c387fe56b2f779e10137b028299fa1374d0cae30b39da336;5;0xC000;29184;30;512;1;0;1;12;2859660;629
ff92b0d90c71781c.dll;33280;0f74b68755c6100a31845f3e38489191c564d80743ccded84a7f8ce04c514759;33792;e253f50dc655eb3e969f2b01d9eac6e1e54aef9c4b1a9cfb0cfc533498585b6c;5;0xC000;33280;77;512;1;0;1;12;2860289;629
ffa11c12507b2935.dll;29184;0689a1d8fbbe1cd8c8813decd4e28b748e258630c7423b0184430068c38f4a36;29696;df8b6897c6ce6d93f5781f6d2eea8a36882cf392223fdfa89e14e9fd681d3293;5;0xC000;29184;154;512;2;0;2;13;2860918;639
ffa11c12507b2936.dll;28672;64009897791a02f034382aa2759f38ec945a3db4ef6f7d5928af4d1f854e96b3;29184;64de149cfb45698bda42ec95a012a8333b2fd65a441e014a594a06fde9afd42f;5;0xC000;28672;56;512;1;0;1;12;2861557;629
ffa11c12507b2937.dll;28672;573f1abdf254528c6a0c7aa7f66a93b937751375e4028dd0aaa51a61723395e6;29184;3fccbda2cc0ff9c030f6d25664cae4c2a1d635b3e748c05ad05208b1c0fa1d3b;5;0xC000;28672;77;512;1;0;1;12;2862186;629
ffabffa5675cb4b9.dll;30208;e6d2db3e218270906c9a63cc08434a83da8ea5575b494c09b8727cd889fd4cb7;30720;a7423fe260d0c6b6a848c8cdf0fdf9653688050a4f88215048824f8b68eee22d;5;0xC000;30208;136;512;2;0;2;13;2862815;639
ffbe5bc97afa5bcb.dll;32256;f6a055c7d7a7c745270738162da49f7bb82931e9882d473ef6c573d718171f57;32768;e22cffbc4339c6d003795a1b4eabf4a2bce136a4c80a0a659fe8e17223634b6a;5;0xC000;32256;78;512;1;0;1;12;2863454;629
ffe9fa771955813f.dll;34816;d2b582ee880587a80e5a79d10c3f7eaecd10c9e1dc1ad6f3caf3c1ecc4a86e32;35840;74b0302feb4a70d709a7c15e4e2532288a1dc6c68f6f866039a810d1b577196b;5;0xD000;34816;615;1024;6;0;6;17;2864083;1192
fffcd4810a492162.dll;35840;b6c800005ab680c4db912bbef22882c4d43ca7ed605940765a4bca223809439a;36352;b96d1233cf46b1dfcdb99e31b7d02f1fbdf6444e949efbb66979981d4d104c00;5;0xD000;35840;189;512;3;0;3;14;2865275;649
